transaction_id,user_id,transaction_date,transaction_type,credits,cost_usd
0,u_200000,2026-05-01,purchase,1500,9.0
1,u_200002,2026-05-07,purchase,5000,30.0
2,u_200003,2026-05-11,purchase,5000,30.0
3,u_200003,2026-05-15,refund,-2500,-15.0
4,u_200003,2026-05-06,purchase,500,3.0
5,u_200005,2026-06-25,purchase,1500,9.0
6,u_200006,2026-06-01,purchase,1500,9.0
7,u_200007,2026-04-09,purchase,1500,9.0
8,u_200010,2026-03-07,purchase,1500,9.0
9,u_200011,2026-06-26,purchase,500,3.0
10,u_200016,2026-05-29,purchase,1500,9.0
11,u_200019,2026-05-31,purchase,1500,9.0
12,u_200021,2026-05-06,purchase,500,3.0
13,u_200021,2026-05-13,purchase,500,3.0
14,u_200022,2026-04-15,purchase,500,3.0
15,u_200024,2026-04-08,purchase,5000,30.0
16,u_200033,2026-03-19,purchase,1500,9.0
17,u_200035,2026-05-04,purchase,500,3.0
18,u_200039,2026-05-25,purchase,1500,9.0
19,u_200040,2026-06-24,purchase,500,3.0
20,u_200041,2026-06-16,purchase,5000,30.0
21,u_200047,2026-05-18,purchase,500,3.0
22,u_200048,2026-05-08,purchase,500,3.0
23,u_200051,2026-04-25,purchase,5000,30.0
24,u_200055,2026-06-21,purchase,500,3.0
25,u_200059,2026-05-14,purchase,5000,30.0
26,u_200063,2026-06-28,purchase,500,3.0
27,u_200063,2026-06-24,purchase,500,3.0
28,u_200063,2026-06-25,purchase,500,3.0
29,u_200069,2026-04-30,purchase,5000,30.0
30,u_200070,2026-03-17,purchase,500,3.0
31,u_200075,2026-05-02,purchase,500,3.0
32,u_200075,2026-05-09,purchase,5000,30.0
33,u_200075,2026-05-06,purchase,1500,9.0
34,u_200076,2026-05-31,purchase,500,3.0
35,u_200077,2026-05-22,purchase,5000,30.0
36,u_200078,2026-04-13,purchase,5000,30.0
37,u_200080,2026-03-07,purchase,1500,9.0
38,u_200084,2026-04-12,purchase,1500,9.0
39,u_200087,2026-03-25,purchase,500,3.0
40,u_200096,2026-05-14,purchase,500,3.0
41,u_200102,2026-06-20,purchase,1500,9.0
42,u_200103,2026-03-19,purchase,1500,9.0
43,u_200107,2026-06-08,purchase,500,3.0
44,u_200107,2026-06-14,purchase,1500,9.0
45,u_200107,2026-06-08,purchase,5000,30.0
46,u_200107,2026-06-14,purchase,500,3.0
47,u_200111,2026-06-04,purchase,1500,9.0
48,u_200113,2026-06-11,purchase,500,3.0
49,u_200113,2026-06-10,purchase,1500,9.0
50,u_200113,2026-06-11,purchase,5000,30.0
51,u_200115,2026-03-07,purchase,1500,9.0
52,u_200115,2026-03-03,purchase,5000,30.0
53,u_200117,2026-03-03,purchase,500,3.0
54,u_200120,2026-05-18,purchase,5000,30.0
55,u_200123,2026-05-20,purchase,5000,30.0
56,u_200125,2026-05-29,purchase,500,3.0
57,u_200127,2026-04-09,purchase,500,3.0
58,u_200132,2026-03-08,purchase,5000,30.0
59,u_200139,2026-06-17,purchase,500,3.0
60,u_200141,2026-03-12,purchase,500,3.0
61,u_200143,2026-06-20,purchase,1500,9.0
62,u_200157,2026-03-07,purchase,5000,30.0
63,u_200163,2026-06-24,purchase,5000,30.0
64,u_200168,2026-06-13,purchase,5000,30.0
65,u_200170,2026-04-27,purchase,5000,30.0
66,u_200170,2026-04-15,purchase,5000,30.0
67,u_200172,2026-06-16,purchase,5000,30.0
68,u_200175,2026-03-29,purchase,5000,30.0
69,u_200175,2026-04-02,refund,-2500,-15.0
70,u_200177,2026-04-13,purchase,5000,30.0
71,u_200178,2026-04-05,purchase,5000,30.0
72,u_200184,2026-04-22,purchase,1500,9.0
73,u_200184,2026-04-17,purchase,5000,30.0
74,u_200185,2026-05-01,purchase,500,3.0
75,u_200195,2026-05-03,purchase,5000,30.0
76,u_200201,2026-03-10,purchase,1500,9.0
77,u_200203,2026-05-31,purchase,1500,9.0
78,u_200203,2026-05-23,purchase,1500,9.0
79,u_200206,2026-05-13,purchase,500,3.0
80,u_200206,2026-05-18,purchase,5000,30.0
81,u_200216,2026-05-07,purchase,5000,30.0
82,u_200218,2026-05-17,purchase,500,3.0
83,u_200222,2026-04-02,purchase,5000,30.0
84,u_200224,2026-04-03,purchase,500,3.0
85,u_200229,2026-06-11,purchase,500,3.0
86,u_200235,2026-04-17,purchase,1500,9.0
87,u_200236,2026-03-15,purchase,5000,30.0
88,u_200238,2026-05-06,purchase,500,3.0
89,u_200238,2026-05-13,purchase,1500,9.0
90,u_200241,2026-06-10,purchase,500,3.0
91,u_200244,2026-03-11,purchase,1500,9.0
92,u_200244,2026-03-02,purchase,1500,9.0
93,u_200245,2026-04-26,purchase,1500,9.0
94,u_200249,2026-05-07,purchase,500,3.0
95,u_200254,2026-06-19,purchase,5000,30.0
96,u_200257,2026-04-15,purchase,5000,30.0
97,u_200261,2026-03-31,purchase,1500,9.0
98,u_200262,2026-05-18,purchase,5000,30.0
99,u_200265,2026-05-03,purchase,500,3.0
100,u_200280,2026-03-14,purchase,1500,9.0
101,u_200280,2026-03-17,refund,-750,-4.5
102,u_200280,2026-03-10,purchase,500,3.0
103,u_200281,2026-05-20,purchase,5000,30.0
104,u_200282,2026-04-21,purchase,5000,30.0
105,u_200294,2026-06-26,purchase,5000,30.0
106,u_200294,2026-06-17,purchase,500,3.0
107,u_200297,2026-03-23,purchase,5000,30.0
108,u_200299,2026-05-30,purchase,5000,30.0
109,u_200303,2026-06-04,purchase,500,3.0
110,u_200306,2026-04-25,purchase,1500,9.0
111,u_200308,2026-04-08,purchase,5000,30.0
112,u_200308,2026-04-03,purchase,500,3.0
113,u_200309,2026-06-12,purchase,1500,9.0
114,u_200312,2026-06-05,purchase,1500,9.0
115,u_200321,2026-03-28,purchase,1500,9.0
116,u_200325,2026-03-29,purchase,1500,9.0
117,u_200326,2026-06-15,purchase,1500,9.0
118,u_200326,2026-06-16,refund,-750,-4.5
119,u_200327,2026-03-08,purchase,5000,30.0
120,u_200327,2026-03-18,purchase,5000,30.0
121,u_200328,2026-05-02,purchase,1500,9.0
122,u_200333,2026-05-28,purchase,1500,9.0
123,u_200333,2026-06-01,purchase,5000,30.0
124,u_200337,2026-05-19,purchase,5000,30.0
125,u_200340,2026-03-13,purchase,5000,30.0
126,u_200342,2026-06-21,purchase,500,3.0
127,u_200345,2026-06-16,purchase,500,3.0
128,u_200353,2026-04-06,purchase,500,3.0
129,u_200355,2026-05-04,purchase,500,3.0
130,u_200355,2026-05-03,purchase,5000,30.0
131,u_200355,2026-04-28,purchase,5000,30.0
132,u_200356,2026-03-27,purchase,1500,9.0
133,u_200356,2026-03-28,refund,-750,-4.5
134,u_200356,2026-03-16,purchase,5000,30.0
135,u_200365,2026-05-15,purchase,5000,30.0
136,u_200365,2026-05-08,purchase,500,3.0
137,u_200367,2026-04-29,purchase,5000,30.0
138,u_200367,2026-04-30,purchase,1500,9.0
139,u_200367,2026-04-23,purchase,1500,9.0
140,u_200370,2026-04-11,purchase,5000,30.0
141,u_200370,2026-04-16,purchase,1500,9.0
142,u_200375,2026-05-28,purchase,1500,9.0
143,u_200379,2026-05-04,purchase,500,3.0
144,u_200387,2026-05-25,purchase,1500,9.0
145,u_200389,2026-06-18,purchase,500,3.0
146,u_200395,2026-06-13,purchase,5000,30.0
147,u_200396,2026-04-07,purchase,500,3.0
148,u_200398,2026-04-22,purchase,1500,9.0
149,u_200402,2026-03-27,purchase,500,3.0
150,u_200405,2026-03-29,purchase,1500,9.0
151,u_200411,2026-04-06,purchase,1500,9.0
152,u_200411,2026-04-08,purchase,5000,30.0
153,u_200413,2026-05-26,purchase,500,3.0
154,u_200416,2026-03-19,purchase,5000,30.0
155,u_200421,2026-06-02,purchase,5000,30.0
156,u_200421,2026-06-04,refund,-2500,-15.0
157,u_200425,2026-06-02,purchase,1500,9.0
158,u_200427,2026-05-22,purchase,500,3.0
159,u_200431,2026-04-27,purchase,1500,9.0
160,u_200432,2026-05-21,purchase,1500,9.0
161,u_200435,2026-06-07,purchase,500,3.0
162,u_200437,2026-03-16,purchase,1500,9.0
163,u_200438,2026-05-19,purchase,500,3.0
164,u_200442,2026-03-04,purchase,5000,30.0
165,u_200445,2026-04-12,purchase,500,3.0
166,u_200448,2026-05-17,purchase,5000,30.0
167,u_200449,2026-05-01,purchase,5000,30.0
168,u_200450,2026-04-29,purchase,5000,30.0
169,u_200458,2026-04-10,purchase,5000,30.0
170,u_200459,2026-06-03,purchase,500,3.0
171,u_200462,2026-05-06,purchase,500,3.0
172,u_200462,2026-05-11,purchase,500,3.0
173,u_200462,2026-05-02,purchase,500,3.0
174,u_200464,2026-05-09,purchase,500,3.0
175,u_200466,2026-04-28,purchase,1500,9.0
176,u_200467,2026-06-15,purchase,500,3.0
177,u_200468,2026-05-12,purchase,5000,30.0
178,u_200469,2026-04-19,purchase,1500,9.0
179,u_200470,2026-05-29,purchase,5000,30.0
180,u_200479,2026-04-19,purchase,1500,9.0
181,u_200479,2026-04-27,purchase,1500,9.0
182,u_200482,2026-05-10,purchase,1500,9.0
183,u_200482,2026-05-02,purchase,1500,9.0
184,u_200486,2026-04-09,purchase,500,3.0
185,u_200493,2026-06-24,purchase,1500,9.0
186,u_200506,2026-04-30,purchase,500,3.0
187,u_200516,2026-05-25,purchase,500,3.0
188,u_200516,2026-05-14,purchase,1500,9.0
189,u_200522,2026-05-26,purchase,500,3.0
190,u_200527,2026-04-16,purchase,5000,30.0
191,u_200533,2026-03-21,purchase,5000,30.0
192,u_200533,2026-03-23,refund,-2500,-15.0
193,u_200536,2026-03-23,purchase,1500,9.0
194,u_200538,2026-06-04,purchase,5000,30.0
195,u_200540,2026-04-07,purchase,5000,30.0
196,u_200541,2026-04-17,purchase,1500,9.0
197,u_200542,2026-05-15,purchase,1500,9.0
198,u_200544,2026-06-23,purchase,1500,9.0
199,u_200553,2026-04-06,purchase,500,3.0
200,u_200555,2026-05-24,purchase,5000,30.0
201,u_200560,2026-06-11,purchase,1500,9.0
202,u_200561,2026-06-19,purchase,5000,30.0
203,u_200570,2026-05-16,purchase,5000,30.0
204,u_200573,2026-06-10,purchase,1500,9.0
205,u_200585,2026-06-23,purchase,1500,9.0
206,u_200589,2026-06-17,purchase,500,3.0
207,u_200590,2026-05-24,purchase,5000,30.0
208,u_200592,2026-04-10,purchase,500,3.0
209,u_200594,2026-06-16,purchase,5000,30.0
210,u_200600,2026-04-03,purchase,5000,30.0
211,u_200602,2026-03-08,purchase,1500,9.0
212,u_200603,2026-03-19,purchase,5000,30.0
213,u_200603,2026-03-27,purchase,500,3.0
214,u_200605,2026-03-25,purchase,1500,9.0
215,u_200605,2026-03-29,purchase,500,3.0
216,u_200606,2026-06-08,purchase,5000,30.0
217,u_200608,2026-04-15,purchase,500,3.0
218,u_200610,2026-03-18,purchase,5000,30.0
219,u_200612,2026-06-16,purchase,5000,30.0
220,u_200614,2026-03-12,purchase,5000,30.0
221,u_200616,2026-03-13,purchase,5000,30.0
222,u_200617,2026-03-29,purchase,5000,30.0
223,u_200618,2026-05-25,purchase,1500,9.0
224,u_200619,2026-03-22,purchase,500,3.0
225,u_200620,2026-04-28,purchase,500,3.0
226,u_200630,2026-04-26,purchase,5000,30.0
227,u_200636,2026-05-05,purchase,1500,9.0
228,u_200642,2026-03-31,purchase,1500,9.0
229,u_200643,2026-06-28,purchase,500,3.0
230,u_200647,2026-04-23,purchase,1500,9.0
231,u_200648,2026-03-26,purchase,1500,9.0
232,u_200651,2026-04-19,purchase,1500,9.0
233,u_200670,2026-03-30,purchase,5000,30.0
234,u_200672,2026-04-25,purchase,500,3.0
235,u_200682,2026-06-05,purchase,500,3.0
236,u_200683,2026-06-09,purchase,5000,30.0
237,u_200685,2026-05-19,purchase,1500,9.0
238,u_200685,2026-05-25,purchase,5000,30.0
239,u_200688,2026-06-24,purchase,1500,9.0
240,u_200688,2026-06-23,purchase,500,3.0
241,u_200689,2026-03-24,purchase,5000,30.0
242,u_200691,2026-06-22,purchase,1500,9.0
243,u_200697,2026-05-22,purchase,500,3.0
244,u_200701,2026-05-15,purchase,500,3.0
245,u_200709,2026-06-13,purchase,500,3.0
246,u_200711,2026-06-03,purchase,500,3.0
247,u_200716,2026-03-31,purchase,5000,30.0
248,u_200719,2026-05-30,purchase,500,3.0
249,u_200721,2026-03-17,purchase,500,3.0
250,u_200722,2026-03-28,purchase,1500,9.0
251,u_200725,2026-05-08,purchase,500,3.0
252,u_200726,2026-03-21,purchase,500,3.0
253,u_200727,2026-06-03,purchase,500,3.0
254,u_200730,2026-06-21,purchase,500,3.0
255,u_200731,2026-03-14,purchase,500,3.0
256,u_200731,2026-03-07,purchase,500,3.0
257,u_200731,2026-03-10,refund,-250,-1.5
258,u_200732,2026-03-30,purchase,500,3.0
259,u_200732,2026-04-04,purchase,1500,9.0
260,u_200747,2026-03-05,purchase,5000,30.0
261,u_200749,2026-03-29,purchase,1500,9.0
262,u_200749,2026-04-04,purchase,5000,30.0
263,u_200750,2026-05-01,purchase,500,3.0
264,u_200751,2026-05-12,purchase,1500,9.0
265,u_200757,2026-05-06,purchase,5000,30.0
266,u_200758,2026-06-16,purchase,1500,9.0
267,u_200763,2026-06-04,purchase,1500,9.0
268,u_200767,2026-05-18,purchase,1500,9.0
269,u_200770,2026-05-06,purchase,500,3.0
270,u_200773,2026-03-25,purchase,5000,30.0
271,u_200774,2026-06-05,purchase,1500,9.0
272,u_200780,2026-05-21,purchase,500,3.0
273,u_200780,2026-05-24,refund,-250,-1.5
274,u_200784,2026-04-10,purchase,1500,9.0
275,u_200785,2026-05-05,purchase,500,3.0
276,u_200794,2026-03-29,purchase,5000,30.0
277,u_200794,2026-03-24,purchase,500,3.0
278,u_200795,2026-04-30,purchase,500,3.0
279,u_200799,2026-04-28,purchase,1500,9.0
280,u_200800,2026-03-14,purchase,500,3.0
281,u_200807,2026-03-29,purchase,1500,9.0
282,u_200808,2026-03-02,purchase,500,3.0
283,u_200808,2026-03-06,refund,-250,-1.5
284,u_200809,2026-03-21,purchase,500,3.0
285,u_200811,2026-04-08,purchase,500,3.0
286,u_200813,2026-06-06,purchase,500,3.0
287,u_200815,2026-04-12,purchase,500,3.0
288,u_200816,2026-05-17,purchase,500,3.0
289,u_200818,2026-04-24,purchase,5000,30.0
290,u_200825,2026-06-21,purchase,1500,9.0
291,u_200830,2026-03-27,purchase,5000,30.0
292,u_200831,2026-06-20,purchase,1500,9.0
293,u_200832,2026-04-24,purchase,5000,30.0
294,u_200836,2026-05-28,purchase,5000,30.0
295,u_200836,2026-05-25,purchase,5000,30.0
296,u_200841,2026-06-04,purchase,500,3.0
297,u_200844,2026-03-13,purchase,1500,9.0
298,u_200845,2026-06-23,purchase,5000,30.0
299,u_200847,2026-04-01,purchase,500,3.0
300,u_200851,2026-05-05,purchase,500,3.0
301,u_200854,2026-05-01,purchase,5000,30.0
302,u_200855,2026-06-17,purchase,500,3.0
303,u_200856,2026-06-18,purchase,1500,9.0
304,u_200856,2026-06-25,purchase,1500,9.0
305,u_200856,2026-06-20,purchase,5000,30.0
306,u_200863,2026-05-07,purchase,5000,30.0
307,u_200865,2026-06-08,purchase,1500,9.0
308,u_200866,2026-05-07,purchase,500,3.0
309,u_200867,2026-05-18,purchase,500,3.0
310,u_200867,2026-05-21,refund,-250,-1.5
311,u_200870,2026-04-21,purchase,500,3.0
312,u_200871,2026-05-06,purchase,5000,30.0
313,u_200900,2026-06-09,purchase,1500,9.0
314,u_200900,2026-06-01,purchase,500,3.0
315,u_200900,2026-06-13,purchase,5000,30.0
316,u_200900,2026-06-13,purchase,5000,30.0
317,u_200902,2026-05-15,purchase,500,3.0
318,u_200903,2026-06-12,purchase,5000,30.0
319,u_200903,2026-06-06,purchase,1500,9.0
320,u_200909,2026-05-06,purchase,1500,9.0
321,u_200910,2026-04-05,purchase,500,3.0
322,u_200910,2026-03-30,purchase,1500,9.0
323,u_200910,2026-03-30,purchase,500,3.0
324,u_200912,2026-05-27,purchase,1500,9.0
325,u_200918,2026-05-26,purchase,1500,9.0
326,u_200920,2026-05-20,purchase,5000,30.0
327,u_200920,2026-05-12,purchase,500,3.0
328,u_200921,2026-03-25,purchase,500,3.0
329,u_200923,2026-05-31,purchase,1500,9.0
330,u_200923,2026-06-02,refund,-750,-4.5
331,u_200927,2026-06-01,purchase,5000,30.0
332,u_200928,2026-05-17,purchase,500,3.0
333,u_200928,2026-05-14,purchase,500,3.0
334,u_200934,2026-03-14,purchase,500,3.0
335,u_200935,2026-05-31,purchase,1500,9.0
336,u_200936,2026-04-15,purchase,5000,30.0
337,u_200937,2026-05-13,purchase,1500,9.0
338,u_200944,2026-03-27,purchase,1500,9.0
339,u_200945,2026-04-30,purchase,500,3.0
340,u_200945,2026-05-02,purchase,5000,30.0
341,u_200951,2026-03-31,purchase,500,3.0
342,u_200952,2026-06-04,purchase,5000,30.0
343,u_200952,2026-06-07,refund,-2500,-15.0
344,u_200953,2026-05-14,purchase,1500,9.0
345,u_200953,2026-05-12,purchase,5000,30.0
346,u_200961,2026-03-16,purchase,1500,9.0
347,u_200962,2026-04-21,purchase,5000,30.0
348,u_200962,2026-04-26,purchase,5000,30.0
349,u_200971,2026-04-04,purchase,1500,9.0
350,u_200972,2026-04-15,purchase,500,3.0
351,u_200973,2026-04-11,purchase,1500,9.0
352,u_200978,2026-04-02,purchase,1500,9.0
353,u_200980,2026-03-19,purchase,500,3.0
354,u_200981,2026-04-13,purchase,500,3.0
355,u_200983,2026-03-23,purchase,500,3.0
356,u_200986,2026-05-06,purchase,5000,30.0
357,u_200989,2026-06-10,purchase,1500,9.0
358,u_200990,2026-05-19,purchase,5000,30.0
359,u_200991,2026-05-04,purchase,500,3.0
360,u_200992,2026-06-23,purchase,1500,9.0
361,u_200993,2026-03-26,purchase,1500,9.0
362,u_200994,2026-04-29,purchase,5000,30.0
363,u_200994,2026-04-27,purchase,1500,9.0
364,u_201020,2026-05-23,purchase,1500,9.0
365,u_201020,2026-05-31,purchase,500,3.0
366,u_201020,2026-05-25,purchase,1500,9.0
367,u_201022,2026-05-20,purchase,1500,9.0
368,u_201023,2026-04-04,purchase,500,3.0
369,u_201030,2026-03-12,purchase,5000,30.0
370,u_201033,2026-05-24,purchase,500,3.0
371,u_201033,2026-05-24,purchase,500,3.0
372,u_201035,2026-03-12,purchase,1500,9.0
373,u_201037,2026-04-21,purchase,1500,9.0
374,u_201045,2026-05-23,purchase,1500,9.0
375,u_201046,2026-04-15,purchase,1500,9.0
376,u_201062,2026-03-13,purchase,1500,9.0
377,u_201062,2026-03-09,purchase,1500,9.0
378,u_201064,2026-05-26,purchase,1500,9.0
379,u_201067,2026-05-11,purchase,500,3.0
380,u_201069,2026-05-29,purchase,500,3.0
381,u_201070,2026-04-05,purchase,5000,30.0
382,u_201071,2026-05-22,purchase,5000,30.0
383,u_201073,2026-03-20,purchase,1500,9.0
384,u_201077,2026-06-16,purchase,500,3.0
385,u_201079,2026-05-19,purchase,5000,30.0
386,u_201088,2026-05-04,purchase,1500,9.0
387,u_201088,2026-05-03,purchase,500,3.0
388,u_201092,2026-06-04,purchase,1500,9.0
389,u_201102,2026-04-04,purchase,1500,9.0
390,u_201105,2026-03-14,purchase,1500,9.0
391,u_201106,2026-03-17,purchase,500,3.0
392,u_201106,2026-03-23,purchase,1500,9.0
393,u_201111,2026-06-26,purchase,500,3.0
394,u_201117,2026-05-06,purchase,5000,30.0
395,u_201121,2026-06-18,purchase,500,3.0
396,u_201123,2026-04-07,purchase,1500,9.0
397,u_201124,2026-03-14,purchase,1500,9.0
398,u_201128,2026-05-16,purchase,5000,30.0
399,u_201128,2026-05-21,purchase,500,3.0
400,u_201132,2026-03-14,purchase,1500,9.0
401,u_201134,2026-05-04,purchase,500,3.0
402,u_201135,2026-05-04,purchase,500,3.0
403,u_201136,2026-03-29,purchase,1500,9.0
404,u_201138,2026-06-27,purchase,500,3.0
405,u_201139,2026-06-04,purchase,5000,30.0
406,u_201141,2026-04-15,purchase,1500,9.0
407,u_201142,2026-03-06,purchase,5000,30.0
408,u_201156,2026-04-20,purchase,500,3.0
409,u_201156,2026-04-14,purchase,5000,30.0
410,u_201157,2026-06-04,purchase,500,3.0
411,u_201157,2026-05-26,purchase,1500,9.0
412,u_201165,2026-03-30,purchase,1500,9.0
413,u_201171,2026-05-29,purchase,5000,30.0
414,u_201173,2026-04-16,purchase,500,3.0
415,u_201173,2026-04-27,purchase,1500,9.0
416,u_201177,2026-04-08,purchase,500,3.0
417,u_201177,2026-04-05,purchase,5000,30.0
418,u_201185,2026-05-27,purchase,1500,9.0
419,u_201186,2026-06-12,purchase,5000,30.0
420,u_201188,2026-06-04,purchase,1500,9.0
421,u_201198,2026-04-01,purchase,5000,30.0
422,u_201201,2026-05-21,purchase,1500,9.0
423,u_201203,2026-06-19,purchase,500,3.0
424,u_201206,2026-05-01,purchase,1500,9.0
425,u_201214,2026-06-08,purchase,5000,30.0
426,u_201216,2026-04-29,purchase,500,3.0
427,u_201227,2026-03-12,purchase,500,3.0
428,u_201227,2026-03-14,refund,-250,-1.5
429,u_201229,2026-06-09,purchase,1500,9.0
430,u_201233,2026-05-02,purchase,1500,9.0
431,u_201235,2026-06-13,purchase,500,3.0
432,u_201241,2026-04-04,purchase,5000,30.0
433,u_201245,2026-04-20,purchase,5000,30.0
434,u_201249,2026-04-15,purchase,1500,9.0
435,u_201250,2026-04-02,purchase,500,3.0
436,u_201253,2026-05-12,purchase,5000,30.0
437,u_201258,2026-05-03,purchase,1500,9.0
438,u_201265,2026-06-08,purchase,1500,9.0
439,u_201265,2026-06-09,refund,-750,-4.5
440,u_201265,2026-06-03,purchase,5000,30.0
441,u_201274,2026-05-17,purchase,1500,9.0
442,u_201278,2026-06-28,purchase,500,3.0
443,u_201281,2026-05-28,purchase,1500,9.0
444,u_201294,2026-03-20,purchase,1500,9.0
445,u_201295,2026-04-09,purchase,500,3.0
446,u_201297,2026-05-03,purchase,500,3.0
447,u_201297,2026-05-07,refund,-250,-1.5
448,u_201297,2026-05-06,purchase,5000,30.0
449,u_201298,2026-05-13,purchase,5000,30.0
450,u_201302,2026-05-09,purchase,500,3.0
451,u_201311,2026-05-04,purchase,1500,9.0
452,u_201312,2026-03-22,purchase,1500,9.0
453,u_201318,2026-04-23,purchase,500,3.0
454,u_201321,2026-05-06,purchase,500,3.0
455,u_201321,2026-05-05,purchase,1500,9.0
456,u_201323,2026-06-15,purchase,500,3.0
457,u_201326,2026-06-24,purchase,500,3.0
458,u_201328,2026-06-19,purchase,5000,30.0
459,u_201328,2026-06-27,purchase,1500,9.0
460,u_201329,2026-03-13,purchase,500,3.0
461,u_201330,2026-06-11,purchase,1500,9.0
462,u_201331,2026-04-15,purchase,5000,30.0
463,u_201335,2026-04-08,purchase,1500,9.0
464,u_201341,2026-04-21,purchase,1500,9.0
465,u_201350,2026-05-05,purchase,5000,30.0
466,u_201351,2026-03-26,purchase,1500,9.0
467,u_201353,2026-04-18,purchase,5000,30.0
468,u_201359,2026-05-30,purchase,5000,30.0
469,u_201362,2026-04-25,purchase,5000,30.0
470,u_201363,2026-06-17,purchase,5000,30.0
471,u_201366,2026-05-11,purchase,500,3.0
472,u_201368,2026-04-26,purchase,1500,9.0
473,u_201374,2026-03-19,purchase,5000,30.0
474,u_201376,2026-06-13,purchase,500,3.0
475,u_201379,2026-05-22,purchase,500,3.0
476,u_201380,2026-05-22,purchase,1500,9.0
477,u_201381,2026-05-13,purchase,500,3.0
478,u_201385,2026-06-25,purchase,1500,9.0
479,u_201386,2026-03-31,purchase,5000,30.0
480,u_201388,2026-03-06,purchase,5000,30.0
481,u_201389,2026-04-13,purchase,5000,30.0
482,u_201393,2026-05-03,purchase,500,3.0
483,u_201397,2026-04-09,purchase,5000,30.0
484,u_201397,2026-04-09,purchase,500,3.0
485,u_201401,2026-04-01,purchase,500,3.0
486,u_201403,2026-04-19,purchase,500,3.0
487,u_201409,2026-04-25,purchase,500,3.0
488,u_201409,2026-04-28,refund,-250,-1.5
489,u_201414,2026-06-11,purchase,500,3.0
490,u_201416,2026-03-05,purchase,500,3.0
491,u_201422,2026-05-10,purchase,1500,9.0
492,u_201424,2026-04-14,purchase,1500,9.0
493,u_201424,2026-04-11,purchase,500,3.0
494,u_201430,2026-06-19,purchase,1500,9.0
495,u_201433,2026-04-03,purchase,1500,9.0
496,u_201435,2026-04-15,purchase,5000,30.0
497,u_201436,2026-04-01,purchase,500,3.0
498,u_201436,2026-04-06,purchase,500,3.0
499,u_201440,2026-06-17,purchase,1500,9.0
500,u_201441,2026-04-12,purchase,500,3.0
501,u_201443,2026-05-24,purchase,500,3.0
502,u_201450,2026-04-04,purchase,500,3.0
503,u_201454,2026-04-02,purchase,500,3.0
504,u_201462,2026-04-23,purchase,5000,30.0
505,u_201462,2026-04-26,purchase,1500,9.0
506,u_201463,2026-03-15,purchase,500,3.0
507,u_201464,2026-04-03,purchase,5000,30.0
508,u_201470,2026-04-12,purchase,500,3.0
509,u_201471,2026-06-23,purchase,5000,30.0
510,u_201473,2026-03-05,purchase,500,3.0
511,u_201479,2026-05-14,purchase,5000,30.0
512,u_201480,2026-04-03,purchase,5000,30.0
513,u_201481,2026-05-22,purchase,5000,30.0
514,u_201483,2026-05-16,purchase,5000,30.0
515,u_201483,2026-05-16,purchase,1500,9.0
516,u_201484,2026-05-07,purchase,5000,30.0
517,u_201484,2026-05-10,refund,-2500,-15.0
518,u_201486,2026-04-09,purchase,500,3.0
519,u_201486,2026-04-10,purchase,500,3.0
520,u_201489,2026-04-29,purchase,5000,30.0
521,u_201489,2026-05-10,purchase,500,3.0
522,u_201494,2026-05-21,purchase,500,3.0
523,u_201496,2026-06-25,purchase,500,3.0
524,u_201497,2026-05-31,purchase,1500,9.0
525,u_201499,2026-03-19,purchase,5000,30.0
526,u_201504,2026-04-22,purchase,5000,30.0
527,u_201509,2026-04-20,purchase,5000,30.0
528,u_201515,2026-04-02,purchase,1500,9.0
529,u_201515,2026-04-02,purchase,1500,9.0
530,u_201515,2026-04-01,purchase,500,3.0
531,u_201521,2026-05-26,purchase,5000,30.0
532,u_201522,2026-04-15,purchase,1500,9.0
533,u_201528,2026-06-25,purchase,500,3.0
534,u_201530,2026-03-16,purchase,500,3.0
535,u_201531,2026-04-09,purchase,500,3.0
536,u_201534,2026-04-26,purchase,1500,9.0
537,u_201534,2026-04-24,purchase,1500,9.0
538,u_201534,2026-05-04,purchase,1500,9.0
539,u_201535,2026-05-15,purchase,500,3.0
540,u_201535,2026-05-05,purchase,5000,30.0
541,u_201536,2026-03-23,purchase,500,3.0
542,u_201540,2026-03-18,purchase,5000,30.0
543,u_201541,2026-05-13,purchase,500,3.0
544,u_201541,2026-05-18,purchase,5000,30.0
545,u_201545,2026-04-19,purchase,5000,30.0
546,u_201545,2026-04-22,refund,-2500,-15.0
547,u_201546,2026-05-05,purchase,500,3.0
548,u_201553,2026-04-20,purchase,1500,9.0
549,u_201553,2026-04-17,purchase,1500,9.0
550,u_201566,2026-04-27,purchase,1500,9.0
551,u_201569,2026-05-05,purchase,5000,30.0
552,u_201578,2026-03-30,purchase,1500,9.0
553,u_201580,2026-06-10,purchase,1500,9.0
554,u_201581,2026-03-30,purchase,5000,30.0
555,u_201583,2026-03-14,purchase,500,3.0
556,u_201585,2026-03-09,purchase,500,3.0
557,u_201591,2026-06-13,purchase,500,3.0
558,u_201591,2026-06-15,purchase,1500,9.0
559,u_201592,2026-04-08,purchase,500,3.0
560,u_201592,2026-03-26,purchase,1500,9.0
561,u_201593,2026-05-22,purchase,5000,30.0
562,u_201596,2026-05-22,purchase,500,3.0
563,u_201598,2026-06-12,purchase,5000,30.0
564,u_201599,2026-05-21,purchase,1500,9.0
565,u_201599,2026-05-24,refund,-750,-4.5
566,u_201600,2026-05-16,purchase,500,3.0
567,u_201602,2026-04-30,purchase,5000,30.0
568,u_201602,2026-04-28,purchase,500,3.0
569,u_201603,2026-04-06,purchase,500,3.0
570,u_201603,2026-03-30,purchase,500,3.0
571,u_201606,2026-05-13,purchase,1500,9.0
572,u_201608,2026-05-04,purchase,5000,30.0
573,u_201609,2026-04-03,purchase,5000,30.0
574,u_201612,2026-03-28,purchase,1500,9.0
575,u_201613,2026-05-06,purchase,1500,9.0
576,u_201616,2026-03-17,purchase,1500,9.0
577,u_201622,2026-04-27,purchase,500,3.0
578,u_201625,2026-05-17,purchase,500,3.0
579,u_201633,2026-06-14,purchase,1500,9.0
580,u_201633,2026-06-15,purchase,500,3.0
581,u_201636,2026-05-24,purchase,5000,30.0
582,u_201637,2026-04-06,purchase,5000,30.0
583,u_201638,2026-03-31,purchase,500,3.0
584,u_201644,2026-06-14,purchase,500,3.0
585,u_201644,2026-06-14,purchase,5000,30.0
586,u_201648,2026-05-07,purchase,1500,9.0
587,u_201655,2026-06-06,purchase,1500,9.0
588,u_201656,2026-04-30,purchase,500,3.0
589,u_201662,2026-03-25,purchase,1500,9.0
590,u_201663,2026-04-30,purchase,5000,30.0
591,u_201664,2026-06-14,purchase,1500,9.0
592,u_201666,2026-06-03,purchase,5000,30.0
593,u_201669,2026-05-31,purchase,1500,9.0
594,u_201670,2026-04-19,purchase,5000,30.0
595,u_201670,2026-04-20,refund,-2500,-15.0
596,u_201670,2026-04-24,purchase,5000,30.0
597,u_201675,2026-05-20,purchase,1500,9.0
598,u_201676,2026-06-22,purchase,1500,9.0
599,u_201677,2026-06-01,purchase,1500,9.0
600,u_201677,2026-05-27,purchase,1500,9.0
601,u_201677,2026-06-01,purchase,500,3.0
602,u_201680,2026-03-14,purchase,500,3.0
603,u_201682,2026-05-06,purchase,5000,30.0
604,u_201687,2026-05-11,purchase,1500,9.0
605,u_201688,2026-04-23,purchase,1500,9.0
606,u_201695,2026-05-31,purchase,5000,30.0
607,u_201699,2026-06-02,purchase,1500,9.0
608,u_201700,2026-03-16,purchase,500,3.0
609,u_201702,2026-03-15,purchase,1500,9.0
610,u_201706,2026-03-30,purchase,500,3.0
611,u_201707,2026-05-09,purchase,500,3.0
612,u_201711,2026-06-07,purchase,500,3.0
613,u_201712,2026-05-06,purchase,1500,9.0
614,u_201715,2026-04-01,purchase,500,3.0
615,u_201718,2026-05-31,purchase,1500,9.0
616,u_201723,2026-06-11,purchase,500,3.0
617,u_201723,2026-06-08,purchase,1500,9.0
618,u_201725,2026-05-27,purchase,1500,9.0
619,u_201726,2026-06-04,purchase,1500,9.0
620,u_201726,2026-05-28,purchase,1500,9.0
621,u_201727,2026-04-30,purchase,5000,30.0
622,u_201730,2026-06-05,purchase,5000,30.0
623,u_201731,2026-03-16,purchase,1500,9.0
624,u_201732,2026-05-08,purchase,500,3.0
625,u_201741,2026-03-30,purchase,1500,9.0
626,u_201741,2026-03-29,purchase,500,3.0
627,u_201750,2026-03-29,purchase,1500,9.0
628,u_201751,2026-05-06,purchase,5000,30.0
629,u_201753,2026-03-13,purchase,1500,9.0
630,u_201759,2026-04-23,purchase,500,3.0
631,u_201760,2026-04-03,purchase,500,3.0
632,u_201762,2026-04-27,purchase,5000,30.0
633,u_201763,2026-04-20,purchase,5000,30.0
634,u_201767,2026-04-22,purchase,1500,9.0
635,u_201774,2026-03-15,purchase,1500,9.0
636,u_201779,2026-05-31,purchase,500,3.0
637,u_201782,2026-04-23,purchase,1500,9.0
638,u_201785,2026-05-19,purchase,5000,30.0
639,u_201790,2026-06-16,purchase,1500,9.0
640,u_201791,2026-03-22,purchase,5000,30.0
641,u_201798,2026-04-23,purchase,5000,30.0
642,u_201801,2026-03-27,purchase,1500,9.0
643,u_201802,2026-04-11,purchase,5000,30.0
644,u_201802,2026-04-01,purchase,1500,9.0
645,u_201802,2026-04-07,purchase,5000,30.0
646,u_201804,2026-05-14,purchase,500,3.0
647,u_201805,2026-04-18,purchase,500,3.0
648,u_201811,2026-04-14,purchase,500,3.0
649,u_201812,2026-03-18,purchase,5000,30.0
650,u_201813,2026-06-20,purchase,500,3.0
651,u_201813,2026-06-19,purchase,5000,30.0
652,u_201819,2026-06-08,purchase,500,3.0
653,u_201828,2026-06-19,purchase,5000,30.0
654,u_201829,2026-06-14,purchase,1500,9.0
655,u_201832,2026-04-18,purchase,500,3.0
656,u_201836,2026-03-15,purchase,1500,9.0
657,u_201837,2026-03-10,purchase,500,3.0
658,u_201845,2026-06-20,purchase,1500,9.0
659,u_201851,2026-04-15,purchase,1500,9.0
660,u_201854,2026-04-09,purchase,5000,30.0
661,u_201854,2026-04-16,purchase,500,3.0
662,u_201854,2026-04-13,purchase,1500,9.0
663,u_201865,2026-03-29,purchase,500,3.0
664,u_201867,2026-06-20,purchase,5000,30.0
665,u_201868,2026-06-13,purchase,1500,9.0
666,u_201869,2026-04-08,purchase,500,3.0
667,u_201871,2026-05-06,purchase,500,3.0
668,u_201872,2026-04-08,purchase,500,3.0
669,u_201875,2026-05-24,purchase,500,3.0
670,u_201878,2026-06-24,purchase,5000,30.0
671,u_201878,2026-06-14,purchase,500,3.0
672,u_201881,2026-04-15,purchase,1500,9.0
673,u_201885,2026-06-14,purchase,1500,9.0
674,u_201886,2026-04-27,purchase,500,3.0
675,u_201887,2026-06-16,purchase,1500,9.0
676,u_201889,2026-05-19,purchase,500,3.0
677,u_201898,2026-05-19,purchase,1500,9.0
678,u_201904,2026-05-12,purchase,5000,30.0
679,u_201906,2026-03-17,purchase,1500,9.0
680,u_201910,2026-04-01,purchase,5000,30.0
681,u_201912,2026-05-07,purchase,500,3.0
682,u_201914,2026-05-03,purchase,5000,30.0
683,u_201917,2026-05-21,purchase,500,3.0
684,u_201919,2026-05-08,purchase,5000,30.0
685,u_201921,2026-05-03,purchase,500,3.0
686,u_201922,2026-06-25,purchase,1500,9.0
687,u_201922,2026-06-21,purchase,500,3.0
688,u_201922,2026-06-23,refund,-250,-1.5
689,u_201922,2026-06-28,purchase,500,3.0
690,u_201923,2026-03-29,purchase,1500,9.0
691,u_201924,2026-06-09,purchase,1500,9.0
692,u_201930,2026-06-28,purchase,500,3.0
693,u_201933,2026-04-21,purchase,500,3.0
694,u_201935,2026-04-29,purchase,1500,9.0
695,u_201942,2026-04-08,purchase,1500,9.0
696,u_201943,2026-03-11,purchase,5000,30.0
697,u_201952,2026-03-22,purchase,1500,9.0
698,u_201956,2026-04-28,purchase,1500,9.0
699,u_201957,2026-04-15,purchase,500,3.0
700,u_201957,2026-04-06,purchase,1500,9.0
701,u_201957,2026-04-13,purchase,5000,30.0
702,u_201958,2026-04-20,purchase,1500,9.0
703,u_201959,2026-06-28,purchase,500,3.0
704,u_201964,2026-04-15,purchase,1500,9.0
705,u_201967,2026-05-08,purchase,5000,30.0
706,u_201972,2026-03-05,purchase,1500,9.0
707,u_201972,2026-03-07,purchase,500,3.0
708,u_201974,2026-05-27,purchase,500,3.0
709,u_201975,2026-05-01,purchase,1500,9.0
710,u_201979,2026-05-30,purchase,5000,30.0
711,u_201979,2026-06-01,refund,-2500,-15.0
712,u_201981,2026-06-22,purchase,1500,9.0
713,u_201991,2026-05-24,purchase,5000,30.0
714,u_201992,2026-05-06,purchase,500,3.0
715,u_201994,2026-06-13,purchase,1500,9.0
716,u_201995,2026-05-04,purchase,500,3.0
717,u_201995,2026-05-07,purchase,1500,9.0
718,u_201996,2026-05-14,purchase,5000,30.0
719,u_202006,2026-05-21,purchase,500,3.0
720,u_202008,2026-05-28,purchase,1500,9.0
721,u_202010,2026-05-07,purchase,5000,30.0
722,u_202012,2026-03-02,purchase,5000,30.0
723,u_202013,2026-03-16,purchase,500,3.0
724,u_202014,2026-06-12,purchase,1500,9.0
725,u_202014,2026-06-16,purchase,5000,30.0
726,u_202015,2026-04-30,purchase,500,3.0
727,u_202022,2026-06-19,purchase,500,3.0
728,u_202023,2026-05-05,purchase,1500,9.0
729,u_202026,2026-05-27,purchase,1500,9.0
730,u_202026,2026-05-18,purchase,500,3.0
731,u_202033,2026-05-09,purchase,1500,9.0
732,u_202034,2026-05-06,purchase,1500,9.0
733,u_202036,2026-04-05,purchase,500,3.0
734,u_202041,2026-05-05,purchase,500,3.0
735,u_202048,2026-04-20,purchase,1500,9.0
736,u_202049,2026-03-06,purchase,500,3.0
737,u_202052,2026-04-28,purchase,1500,9.0
738,u_202056,2026-04-06,purchase,5000,30.0
739,u_202058,2026-06-01,purchase,500,3.0
740,u_202063,2026-06-22,purchase,1500,9.0
741,u_202063,2026-06-20,purchase,5000,30.0
742,u_202065,2026-05-13,purchase,500,3.0
743,u_202069,2026-06-23,purchase,500,3.0
744,u_202070,2026-06-26,purchase,5000,30.0
745,u_202072,2026-06-17,purchase,5000,30.0
746,u_202077,2026-06-02,purchase,500,3.0
747,u_202080,2026-06-19,purchase,1500,9.0
748,u_202081,2026-06-27,purchase,500,3.0
749,u_202084,2026-05-15,purchase,1500,9.0
750,u_202098,2026-03-25,purchase,1500,9.0
751,u_202105,2026-04-19,purchase,1500,9.0
752,u_202107,2026-05-29,purchase,500,3.0
753,u_202110,2026-06-12,purchase,5000,30.0
754,u_202110,2026-06-16,purchase,1500,9.0
755,u_202113,2026-06-11,purchase,5000,30.0
756,u_202113,2026-06-05,purchase,5000,30.0
757,u_202122,2026-04-05,purchase,1500,9.0
758,u_202124,2026-04-21,purchase,500,3.0
759,u_202128,2026-05-23,purchase,5000,30.0
760,u_202128,2026-05-27,purchase,5000,30.0
761,u_202130,2026-04-08,purchase,5000,30.0
762,u_202131,2026-04-13,purchase,500,3.0
763,u_202139,2026-03-05,purchase,1500,9.0
764,u_202141,2026-03-20,purchase,500,3.0
765,u_202142,2026-04-02,purchase,5000,30.0
766,u_202143,2026-05-28,purchase,500,3.0
767,u_202145,2026-06-08,purchase,500,3.0
768,u_202146,2026-06-09,purchase,500,3.0
769,u_202149,2026-03-26,purchase,500,3.0
770,u_202149,2026-04-01,purchase,5000,30.0
771,u_202150,2026-05-19,purchase,500,3.0
772,u_202154,2026-06-21,purchase,5000,30.0
773,u_202156,2026-05-24,purchase,1500,9.0
774,u_202158,2026-05-05,purchase,5000,30.0
775,u_202158,2026-05-12,purchase,5000,30.0
776,u_202158,2026-05-13,purchase,1500,9.0
777,u_202167,2026-06-02,purchase,500,3.0
778,u_202167,2026-06-05,purchase,500,3.0
779,u_202167,2026-06-08,purchase,5000,30.0
780,u_202168,2026-06-23,purchase,500,3.0
781,u_202169,2026-06-04,purchase,1500,9.0
782,u_202170,2026-06-08,purchase,5000,30.0
783,u_202170,2026-05-31,purchase,500,3.0
784,u_202171,2026-04-19,purchase,500,3.0
785,u_202177,2026-04-23,purchase,5000,30.0
786,u_202179,2026-06-22,purchase,500,3.0
787,u_202182,2026-04-19,purchase,500,3.0
788,u_202183,2026-06-23,purchase,1500,9.0
789,u_202183,2026-06-10,purchase,1500,9.0
790,u_202184,2026-06-04,purchase,5000,30.0
791,u_202187,2026-04-14,purchase,1500,9.0
792,u_202188,2026-06-01,purchase,1500,9.0
793,u_202189,2026-04-22,purchase,500,3.0
794,u_202194,2026-03-25,purchase,1500,9.0
795,u_202198,2026-05-16,purchase,1500,9.0
796,u_202199,2026-04-24,purchase,5000,30.0
797,u_202200,2026-06-07,purchase,1500,9.0
798,u_202200,2026-06-11,purchase,5000,30.0
799,u_202201,2026-06-21,purchase,5000,30.0
800,u_202202,2026-04-13,purchase,500,3.0
801,u_202202,2026-04-01,purchase,1500,9.0
802,u_202203,2026-03-28,purchase,500,3.0
803,u_202204,2026-06-10,purchase,500,3.0
804,u_202204,2026-06-04,purchase,1500,9.0
805,u_202207,2026-03-19,purchase,5000,30.0
806,u_202207,2026-03-09,purchase,1500,9.0
807,u_202207,2026-03-13,purchase,1500,9.0
808,u_202208,2026-05-03,purchase,1500,9.0
809,u_202211,2026-05-31,purchase,5000,30.0
810,u_202213,2026-05-11,purchase,5000,30.0
811,u_202215,2026-03-07,purchase,5000,30.0
812,u_202224,2026-03-27,purchase,5000,30.0
813,u_202225,2026-06-23,purchase,500,3.0
814,u_202240,2026-05-25,purchase,5000,30.0
815,u_202240,2026-05-25,purchase,500,3.0
816,u_202241,2026-05-11,purchase,5000,30.0
817,u_202242,2026-03-20,purchase,5000,30.0
818,u_202242,2026-03-16,purchase,5000,30.0
819,u_202244,2026-04-22,purchase,1500,9.0
820,u_202253,2026-03-30,purchase,500,3.0
821,u_202254,2026-05-14,purchase,500,3.0
822,u_202256,2026-04-25,purchase,500,3.0
823,u_202263,2026-05-25,purchase,500,3.0
824,u_202263,2026-06-02,purchase,1500,9.0
825,u_202263,2026-05-28,purchase,5000,30.0
826,u_202267,2026-05-09,purchase,1500,9.0
827,u_202273,2026-03-30,purchase,1500,9.0
828,u_202278,2026-03-16,purchase,5000,30.0
829,u_202282,2026-06-10,purchase,1500,9.0
830,u_202282,2026-06-03,purchase,1500,9.0
831,u_202286,2026-06-18,purchase,5000,30.0
832,u_202287,2026-05-20,purchase,1500,9.0
833,u_202294,2026-05-05,purchase,1500,9.0
834,u_202296,2026-04-27,purchase,1500,9.0
835,u_202305,2026-06-09,purchase,5000,30.0
836,u_202305,2026-06-10,refund,-2500,-15.0
837,u_202305,2026-06-17,purchase,1500,9.0
838,u_202313,2026-04-21,purchase,5000,30.0
839,u_202313,2026-04-22,purchase,5000,30.0
840,u_202316,2026-03-09,purchase,500,3.0
841,u_202318,2026-04-21,purchase,500,3.0
842,u_202322,2026-03-16,purchase,1500,9.0
843,u_202322,2026-03-05,purchase,1500,9.0
844,u_202323,2026-06-14,purchase,5000,30.0
845,u_202324,2026-04-19,purchase,500,3.0
846,u_202328,2026-06-05,purchase,1500,9.0
847,u_202329,2026-05-06,purchase,500,3.0
848,u_202331,2026-03-14,purchase,1500,9.0
849,u_202332,2026-06-07,purchase,5000,30.0
850,u_202332,2026-05-27,purchase,500,3.0
851,u_202333,2026-03-30,purchase,5000,30.0
852,u_202339,2026-03-31,purchase,500,3.0
853,u_202342,2026-03-31,purchase,1500,9.0
854,u_202343,2026-05-28,purchase,500,3.0
855,u_202347,2026-05-30,purchase,5000,30.0
856,u_202353,2026-05-11,purchase,1500,9.0
857,u_202355,2026-04-15,purchase,500,3.0
858,u_202362,2026-04-09,purchase,500,3.0
859,u_202367,2026-05-22,purchase,1500,9.0
860,u_202379,2026-04-09,purchase,5000,30.0
861,u_202380,2026-06-02,purchase,1500,9.0
862,u_202383,2026-05-01,purchase,5000,30.0
863,u_202390,2026-05-02,purchase,5000,30.0
864,u_202390,2026-05-09,purchase,500,3.0
865,u_202392,2026-05-14,purchase,1500,9.0
866,u_202395,2026-06-22,purchase,1500,9.0
867,u_202397,2026-06-23,purchase,1500,9.0
868,u_202397,2026-06-26,purchase,5000,30.0
869,u_202398,2026-06-23,purchase,1500,9.0
870,u_202405,2026-03-17,purchase,1500,9.0
871,u_202406,2026-03-18,purchase,5000,30.0
872,u_202413,2026-06-15,purchase,500,3.0
873,u_202416,2026-03-27,purchase,500,3.0
874,u_202419,2026-03-24,purchase,1500,9.0
875,u_202422,2026-05-18,purchase,500,3.0
876,u_202424,2026-04-03,purchase,500,3.0
877,u_202425,2026-05-16,purchase,1500,9.0
878,u_202426,2026-03-10,purchase,5000,30.0
879,u_202428,2026-03-10,purchase,5000,30.0
880,u_202434,2026-04-26,purchase,5000,30.0
881,u_202436,2026-03-18,purchase,1500,9.0
882,u_202438,2026-05-23,purchase,5000,30.0
883,u_202440,2026-04-14,purchase,5000,30.0
884,u_202440,2026-04-11,purchase,500,3.0
885,u_202443,2026-05-31,purchase,1500,9.0
886,u_202445,2026-06-02,purchase,500,3.0
887,u_202446,2026-04-30,purchase,500,3.0
888,u_202452,2026-05-01,purchase,1500,9.0
889,u_202459,2026-04-01,purchase,500,3.0
890,u_202462,2026-06-06,purchase,500,3.0
891,u_202464,2026-05-09,purchase,1500,9.0
892,u_202466,2026-04-17,purchase,500,3.0
893,u_202472,2026-05-01,purchase,1500,9.0
894,u_202474,2026-05-02,purchase,5000,30.0
895,u_202476,2026-05-10,purchase,1500,9.0
896,u_202482,2026-06-21,purchase,500,3.0
897,u_202487,2026-03-31,purchase,5000,30.0
898,u_202487,2026-03-22,purchase,1500,9.0
899,u_202487,2026-03-30,purchase,500,3.0
900,u_202491,2026-03-14,purchase,5000,30.0
901,u_202492,2026-04-23,purchase,5000,30.0
902,u_202494,2026-03-01,purchase,5000,30.0
903,u_202494,2026-03-04,purchase,5000,30.0
904,u_202499,2026-03-11,purchase,500,3.0
905,u_202505,2026-04-01,purchase,500,3.0
906,u_202505,2026-04-05,purchase,1500,9.0
907,u_202509,2026-05-12,purchase,1500,9.0
908,u_202513,2026-05-03,purchase,1500,9.0
909,u_202516,2026-06-27,purchase,500,3.0
910,u_202519,2026-05-11,purchase,5000,30.0
911,u_202522,2026-05-29,purchase,500,3.0
912,u_202522,2026-06-03,purchase,500,3.0
913,u_202523,2026-03-14,purchase,1500,9.0
914,u_202525,2026-03-17,purchase,5000,30.0
915,u_202528,2026-03-17,purchase,1500,9.0
916,u_202528,2026-03-21,purchase,1500,9.0
917,u_202529,2026-06-07,purchase,1500,9.0
918,u_202530,2026-03-17,purchase,5000,30.0
919,u_202531,2026-06-22,purchase,5000,30.0
920,u_202532,2026-04-08,purchase,5000,30.0
921,u_202534,2026-06-16,purchase,500,3.0
922,u_202541,2026-06-15,purchase,5000,30.0
923,u_202541,2026-06-04,purchase,500,3.0
924,u_202543,2026-03-29,purchase,5000,30.0
925,u_202547,2026-05-03,purchase,500,3.0
926,u_202547,2026-04-29,purchase,500,3.0
927,u_202547,2026-04-27,purchase,5000,30.0
928,u_202551,2026-06-06,purchase,5000,30.0
929,u_202552,2026-06-22,purchase,5000,30.0
930,u_202556,2026-03-21,purchase,1500,9.0
931,u_202563,2026-04-07,purchase,1500,9.0
932,u_202566,2026-05-30,purchase,5000,30.0
933,u_202576,2026-03-13,purchase,1500,9.0
934,u_202577,2026-05-14,purchase,5000,30.0
935,u_202577,2026-05-11,purchase,5000,30.0
936,u_202593,2026-06-08,purchase,1500,9.0
937,u_202593,2026-06-11,refund,-750,-4.5
938,u_202598,2026-05-16,purchase,5000,30.0
939,u_202601,2026-05-29,purchase,500,3.0
940,u_202603,2026-06-10,purchase,1500,9.0
941,u_202603,2026-06-14,refund,-750,-4.5
942,u_202613,2026-03-31,purchase,500,3.0
943,u_202614,2026-06-21,purchase,500,3.0
944,u_202616,2026-04-20,purchase,1500,9.0
945,u_202617,2026-05-18,purchase,1500,9.0
946,u_202618,2026-05-29,purchase,1500,9.0
947,u_202621,2026-06-18,purchase,500,3.0
948,u_202622,2026-06-13,purchase,5000,30.0
949,u_202622,2026-06-12,purchase,500,3.0
950,u_202623,2026-05-06,purchase,500,3.0
951,u_202624,2026-03-23,purchase,5000,30.0
952,u_202626,2026-05-26,purchase,500,3.0
953,u_202631,2026-04-26,purchase,1500,9.0
954,u_202634,2026-04-20,purchase,5000,30.0
955,u_202637,2026-05-25,purchase,5000,30.0
956,u_202642,2026-06-08,purchase,1500,9.0
957,u_202642,2026-06-06,purchase,5000,30.0
958,u_202644,2026-06-23,purchase,5000,30.0
959,u_202646,2026-04-06,purchase,500,3.0
960,u_202660,2026-06-04,purchase,1500,9.0
961,u_202665,2026-05-11,purchase,1500,9.0
962,u_202673,2026-06-01,purchase,1500,9.0
963,u_202677,2026-05-31,purchase,1500,9.0
964,u_202689,2026-04-13,purchase,500,3.0
965,u_202692,2026-05-25,purchase,5000,30.0
966,u_202701,2026-06-13,purchase,1500,9.0
967,u_202703,2026-06-22,purchase,500,3.0
968,u_202704,2026-06-21,purchase,500,3.0
969,u_202706,2026-05-31,purchase,1500,9.0
970,u_202706,2026-05-31,purchase,500,3.0
971,u_202708,2026-04-08,purchase,500,3.0
972,u_202708,2026-04-04,purchase,1500,9.0
973,u_202709,2026-04-01,purchase,500,3.0
974,u_202713,2026-04-18,purchase,5000,30.0
975,u_202713,2026-04-24,purchase,5000,30.0
976,u_202714,2026-03-14,purchase,1500,9.0
977,u_202716,2026-03-15,purchase,500,3.0
978,u_202717,2026-05-09,purchase,500,3.0
979,u_202717,2026-05-11,purchase,1500,9.0
980,u_202719,2026-06-26,purchase,500,3.0
981,u_202719,2026-06-22,purchase,1500,9.0
982,u_202722,2026-06-03,purchase,500,3.0
983,u_202726,2026-05-30,purchase,1500,9.0
984,u_202741,2026-06-22,purchase,5000,30.0
985,u_202749,2026-04-07,purchase,5000,30.0
986,u_202749,2026-04-11,purchase,5000,30.0
987,u_202759,2026-03-26,purchase,1500,9.0
988,u_202760,2026-03-03,purchase,5000,30.0
989,u_202765,2026-06-22,purchase,1500,9.0
990,u_202766,2026-04-19,purchase,1500,9.0
991,u_202766,2026-04-14,purchase,5000,30.0
992,u_202768,2026-05-30,purchase,500,3.0
993,u_202768,2026-05-29,purchase,5000,30.0
994,u_202769,2026-06-15,purchase,5000,30.0
995,u_202770,2026-06-06,purchase,1500,9.0
996,u_202771,2026-03-17,purchase,1500,9.0
997,u_202771,2026-03-31,purchase,1500,9.0
998,u_202783,2026-06-10,purchase,5000,30.0
999,u_202785,2026-05-31,purchase,1500,9.0
1000,u_202790,2026-03-14,purchase,5000,30.0
1001,u_202791,2026-06-25,purchase,5000,30.0
1002,u_202796,2026-04-14,purchase,5000,30.0
1003,u_202796,2026-04-20,purchase,500,3.0
1004,u_202797,2026-06-01,purchase,500,3.0
1005,u_202799,2026-04-30,purchase,5000,30.0
1006,u_202799,2026-04-23,purchase,500,3.0
1007,u_202800,2026-06-24,purchase,500,3.0
1008,u_202801,2026-05-10,purchase,5000,30.0
1009,u_202803,2026-05-20,purchase,500,3.0
1010,u_202803,2026-05-31,purchase,500,3.0
1011,u_202804,2026-05-10,purchase,1500,9.0
1012,u_202809,2026-05-10,purchase,500,3.0
1013,u_202812,2026-05-07,purchase,5000,30.0
1014,u_202818,2026-04-04,purchase,1500,9.0
1015,u_202819,2026-04-23,purchase,500,3.0
1016,u_202819,2026-04-13,purchase,5000,30.0
1017,u_202821,2026-04-29,purchase,5000,30.0
1018,u_202826,2026-06-21,purchase,500,3.0
1019,u_202831,2026-06-15,purchase,1500,9.0
1020,u_202832,2026-06-02,purchase,1500,9.0
1021,u_202832,2026-06-02,purchase,1500,9.0
1022,u_202839,2026-04-28,purchase,5000,30.0
1023,u_202841,2026-04-07,purchase,1500,9.0
1024,u_202842,2026-03-19,purchase,5000,30.0
1025,u_202844,2026-05-19,purchase,500,3.0
1026,u_202849,2026-04-11,purchase,1500,9.0
1027,u_202852,2026-03-12,purchase,1500,9.0
1028,u_202855,2026-05-30,purchase,1500,9.0
1029,u_202871,2026-06-22,purchase,5000,30.0
1030,u_202875,2026-03-01,purchase,500,3.0
1031,u_202879,2026-04-10,purchase,500,3.0
1032,u_202880,2026-03-12,purchase,500,3.0
1033,u_202892,2026-06-07,purchase,1500,9.0
1034,u_202899,2026-05-15,purchase,500,3.0
1035,u_202902,2026-05-30,purchase,5000,30.0
1036,u_202902,2026-06-03,refund,-2500,-15.0
1037,u_202909,2026-05-05,purchase,1500,9.0
1038,u_202910,2026-05-17,purchase,1500,9.0
1039,u_202913,2026-05-20,purchase,5000,30.0
1040,u_202913,2026-05-22,refund,-2500,-15.0
1041,u_202918,2026-04-17,purchase,5000,30.0
1042,u_202921,2026-05-18,purchase,5000,30.0
1043,u_202927,2026-03-07,purchase,500,3.0
1044,u_202931,2026-05-05,purchase,5000,30.0
1045,u_202932,2026-04-13,purchase,500,3.0
1046,u_202932,2026-04-12,purchase,500,3.0
1047,u_202934,2026-04-23,purchase,1500,9.0
1048,u_202937,2026-03-25,purchase,500,3.0
1049,u_202941,2026-04-20,purchase,500,3.0
1050,u_202951,2026-04-02,purchase,1500,9.0
1051,u_202956,2026-05-01,purchase,5000,30.0
1052,u_202959,2026-04-09,purchase,1500,9.0
1053,u_202959,2026-04-19,purchase,500,3.0
1054,u_202959,2026-04-21,refund,-250,-1.5
1055,u_202965,2026-04-20,purchase,1500,9.0
1056,u_202968,2026-06-12,purchase,1500,9.0
1057,u_202970,2026-05-16,purchase,1500,9.0
1058,u_202977,2026-05-04,purchase,5000,30.0
1059,u_202981,2026-03-23,purchase,500,3.0
1060,u_202984,2026-04-17,purchase,5000,30.0
1061,u_202984,2026-04-16,purchase,500,3.0
1062,u_202985,2026-06-26,purchase,1500,9.0
1063,u_202991,2026-06-10,purchase,5000,30.0
1064,u_202996,2026-06-26,purchase,500,3.0
1065,u_203002,2026-04-01,purchase,1500,9.0
1066,u_203002,2026-04-06,purchase,500,3.0
1067,u_203004,2026-05-06,purchase,1500,9.0
1068,u_203004,2026-05-14,purchase,1500,9.0
1069,u_203009,2026-04-21,purchase,500,3.0
1070,u_203009,2026-04-20,purchase,5000,30.0
1071,u_203010,2026-06-23,purchase,5000,30.0
1072,u_203013,2026-05-09,purchase,500,3.0
1073,u_203013,2026-05-06,purchase,500,3.0
1074,u_203015,2026-06-22,purchase,1500,9.0
1075,u_203020,2026-06-20,purchase,1500,9.0
1076,u_203022,2026-06-28,purchase,1500,9.0
1077,u_203023,2026-06-26,purchase,5000,30.0
1078,u_203023,2026-06-27,purchase,1500,9.0
1079,u_203024,2026-04-27,purchase,500,3.0
1080,u_203025,2026-04-25,purchase,1500,9.0
1081,u_203026,2026-05-17,purchase,1500,9.0
1082,u_203028,2026-05-02,purchase,5000,30.0
1083,u_203029,2026-05-24,purchase,1500,9.0
1084,u_203029,2026-05-27,purchase,500,3.0
1085,u_203029,2026-05-31,purchase,5000,30.0
1086,u_203033,2026-03-30,purchase,5000,30.0
1087,u_203035,2026-04-08,purchase,5000,30.0
1088,u_203043,2026-04-11,purchase,500,3.0
1089,u_203046,2026-04-24,purchase,5000,30.0
1090,u_203048,2026-05-13,purchase,1500,9.0
1091,u_203057,2026-05-31,purchase,1500,9.0
1092,u_203063,2026-06-28,purchase,5000,30.0
1093,u_203067,2026-06-09,purchase,500,3.0
1094,u_203068,2026-04-18,purchase,500,3.0
1095,u_203072,2026-05-06,purchase,5000,30.0
1096,u_203074,2026-03-08,purchase,5000,30.0
1097,u_203075,2026-03-23,purchase,1500,9.0
1098,u_203078,2026-05-04,purchase,5000,30.0
1099,u_203079,2026-06-14,purchase,500,3.0
1100,u_203080,2026-05-09,purchase,500,3.0
1101,u_203093,2026-03-26,purchase,500,3.0
1102,u_203094,2026-05-20,purchase,1500,9.0
1103,u_203096,2026-06-07,purchase,1500,9.0
1104,u_203096,2026-06-10,purchase,500,3.0
1105,u_203098,2026-06-11,purchase,1500,9.0
1106,u_203098,2026-06-09,purchase,5000,30.0
1107,u_203103,2026-03-13,purchase,1500,9.0
1108,u_203106,2026-06-11,purchase,500,3.0
1109,u_203110,2026-03-28,purchase,1500,9.0
1110,u_203110,2026-04-04,purchase,1500,9.0
1111,u_203111,2026-05-27,purchase,500,3.0
1112,u_203111,2026-05-29,refund,-250,-1.5
1113,u_203111,2026-06-02,purchase,5000,30.0
1114,u_203114,2026-03-19,purchase,5000,30.0
1115,u_203118,2026-06-04,purchase,500,3.0
1116,u_203126,2026-04-08,purchase,5000,30.0
1117,u_203127,2026-03-22,purchase,5000,30.0
1118,u_203127,2026-03-24,refund,-2500,-15.0
1119,u_203129,2026-04-20,purchase,1500,9.0
1120,u_203130,2026-04-09,purchase,1500,9.0
1121,u_203133,2026-06-19,purchase,5000,30.0
1122,u_203135,2026-06-08,purchase,500,3.0
1123,u_203138,2026-05-31,purchase,500,3.0
1124,u_203139,2026-03-14,purchase,1500,9.0
1125,u_203140,2026-05-15,purchase,500,3.0
1126,u_203141,2026-03-28,purchase,1500,9.0
1127,u_203153,2026-03-20,purchase,1500,9.0
1128,u_203164,2026-06-25,purchase,500,3.0
1129,u_203167,2026-05-15,purchase,1500,9.0
1130,u_203168,2026-03-10,purchase,1500,9.0
1131,u_203170,2026-03-23,purchase,1500,9.0
1132,u_203172,2026-06-18,purchase,500,3.0
1133,u_203176,2026-05-05,purchase,5000,30.0
1134,u_203176,2026-04-30,purchase,5000,30.0
1135,u_203180,2026-06-12,purchase,500,3.0
1136,u_203189,2026-03-16,purchase,500,3.0
1137,u_203190,2026-04-24,purchase,1500,9.0
1138,u_203193,2026-06-11,purchase,1500,9.0
1139,u_203198,2026-04-27,purchase,500,3.0
1140,u_203205,2026-04-15,purchase,1500,9.0
1141,u_203210,2026-03-15,purchase,5000,30.0
1142,u_203211,2026-04-22,purchase,500,3.0
1143,u_203212,2026-06-07,purchase,1500,9.0
1144,u_203213,2026-03-11,purchase,500,3.0
1145,u_203213,2026-03-11,purchase,1500,9.0
1146,u_203219,2026-05-19,purchase,500,3.0
1147,u_203219,2026-05-27,purchase,1500,9.0
1148,u_203225,2026-06-01,purchase,5000,30.0
1149,u_203225,2026-06-10,purchase,1500,9.0
1150,u_203228,2026-05-16,purchase,5000,30.0
1151,u_203231,2026-04-29,purchase,500,3.0
1152,u_203232,2026-06-24,purchase,5000,30.0
1153,u_203232,2026-06-27,refund,-2500,-15.0
1154,u_203240,2026-05-29,purchase,1500,9.0
1155,u_203241,2026-05-31,purchase,5000,30.0
1156,u_203241,2026-06-09,purchase,500,3.0
1157,u_203245,2026-04-14,purchase,5000,30.0
1158,u_203245,2026-04-12,purchase,500,3.0
1159,u_203253,2026-05-31,purchase,5000,30.0
1160,u_203255,2026-04-28,purchase,500,3.0
1161,u_203257,2026-03-17,purchase,1500,9.0
1162,u_203257,2026-03-25,purchase,5000,30.0
1163,u_203267,2026-04-30,purchase,5000,30.0
1164,u_203269,2026-04-17,purchase,1500,9.0
1165,u_203269,2026-04-14,purchase,1500,9.0
1166,u_203269,2026-04-09,purchase,5000,30.0
1167,u_203270,2026-06-12,purchase,1500,9.0
1168,u_203274,2026-04-01,purchase,500,3.0
1169,u_203274,2026-04-09,purchase,1500,9.0
1170,u_203280,2026-05-17,purchase,5000,30.0
1171,u_203282,2026-05-26,purchase,1500,9.0
1172,u_203283,2026-05-20,purchase,1500,9.0
1173,u_203290,2026-06-05,purchase,5000,30.0
1174,u_203290,2026-05-25,purchase,500,3.0
1175,u_203292,2026-05-13,purchase,5000,30.0
1176,u_203297,2026-05-31,purchase,1500,9.0
1177,u_203302,2026-06-21,purchase,500,3.0
1178,u_203302,2026-06-20,purchase,500,3.0
1179,u_203303,2026-05-11,purchase,500,3.0
1180,u_203311,2026-04-01,purchase,1500,9.0
1181,u_203317,2026-05-23,purchase,1500,9.0
1182,u_203318,2026-05-19,purchase,1500,9.0
1183,u_203320,2026-05-11,purchase,500,3.0
1184,u_203327,2026-06-27,purchase,1500,9.0
1185,u_203330,2026-04-30,purchase,1500,9.0
1186,u_203331,2026-03-23,purchase,500,3.0
1187,u_203337,2026-03-04,purchase,5000,30.0
1188,u_203339,2026-05-31,purchase,500,3.0
1189,u_203345,2026-04-29,purchase,1500,9.0
1190,u_203345,2026-05-07,purchase,5000,30.0
1191,u_203351,2026-06-19,purchase,1500,9.0
1192,u_203358,2026-05-27,purchase,500,3.0
1193,u_203365,2026-05-08,purchase,5000,30.0
1194,u_203366,2026-04-09,purchase,5000,30.0
1195,u_203368,2026-03-29,purchase,500,3.0
1196,u_203372,2026-03-17,purchase,500,3.0
1197,u_203373,2026-05-02,purchase,500,3.0
1198,u_203377,2026-05-17,purchase,1500,9.0
1199,u_203386,2026-05-25,purchase,1500,9.0
1200,u_203386,2026-05-25,purchase,500,3.0
1201,u_203386,2026-05-27,refund,-250,-1.5
1202,u_203389,2026-05-05,purchase,500,3.0
1203,u_203389,2026-05-06,refund,-250,-1.5
1204,u_203389,2026-05-08,purchase,1500,9.0
1205,u_203393,2026-06-07,purchase,500,3.0
1206,u_203396,2026-06-20,purchase,500,3.0
1207,u_203397,2026-04-21,purchase,1500,9.0
1208,u_203408,2026-03-11,purchase,500,3.0
1209,u_203411,2026-03-12,purchase,500,3.0
1210,u_203418,2026-05-18,purchase,5000,30.0
1211,u_203418,2026-05-20,purchase,1500,9.0
1212,u_203421,2026-03-11,purchase,500,3.0
1213,u_203434,2026-06-18,purchase,5000,30.0
1214,u_203441,2026-05-20,purchase,500,3.0
1215,u_203443,2026-05-10,purchase,5000,30.0
1216,u_203445,2026-05-27,purchase,5000,30.0
1217,u_203447,2026-05-04,purchase,500,3.0
1218,u_203449,2026-04-24,purchase,500,3.0
1219,u_203449,2026-04-26,purchase,500,3.0
1220,u_203454,2026-04-12,purchase,1500,9.0
1221,u_203457,2026-05-20,purchase,1500,9.0
1222,u_203460,2026-06-10,purchase,1500,9.0
1223,u_203464,2026-04-23,purchase,5000,30.0
1224,u_203464,2026-04-25,refund,-2500,-15.0
1225,u_203465,2026-04-09,purchase,500,3.0
1226,u_203465,2026-04-17,purchase,500,3.0
1227,u_203466,2026-04-15,purchase,1500,9.0
1228,u_203472,2026-06-27,purchase,1500,9.0
1229,u_203473,2026-05-29,purchase,5000,30.0
1230,u_203484,2026-04-01,purchase,1500,9.0
1231,u_203484,2026-04-10,purchase,5000,30.0
1232,u_203485,2026-04-13,purchase,500,3.0
1233,u_203487,2026-05-15,purchase,1500,9.0
1234,u_203496,2026-03-26,purchase,500,3.0
1235,u_203499,2026-05-01,purchase,500,3.0
1236,u_203499,2026-05-11,purchase,1500,9.0
1237,u_203506,2026-05-27,purchase,1500,9.0
1238,u_203507,2026-04-24,purchase,5000,30.0
1239,u_203516,2026-05-31,purchase,5000,30.0
1240,u_203522,2026-03-18,purchase,5000,30.0
1241,u_203527,2026-04-26,purchase,5000,30.0
1242,u_203538,2026-05-20,purchase,500,3.0
1243,u_203540,2026-04-09,purchase,5000,30.0
1244,u_203541,2026-03-12,purchase,5000,30.0
1245,u_203552,2026-05-08,purchase,1500,9.0
1246,u_203557,2026-03-17,purchase,1500,9.0
1247,u_203561,2026-04-13,purchase,5000,30.0
1248,u_203563,2026-05-31,purchase,500,3.0
1249,u_203570,2026-03-31,purchase,500,3.0
1250,u_203570,2026-04-04,refund,-250,-1.5
1251,u_203572,2026-06-05,purchase,1500,9.0
1252,u_203572,2026-06-07,purchase,500,3.0
1253,u_203574,2026-06-13,purchase,500,3.0
1254,u_203577,2026-04-23,purchase,1500,9.0
1255,u_203578,2026-05-21,purchase,5000,30.0
1256,u_203581,2026-06-14,purchase,1500,9.0
1257,u_203587,2026-05-26,purchase,1500,9.0
1258,u_203602,2026-04-09,purchase,1500,9.0
1259,u_203609,2026-06-10,purchase,5000,30.0
1260,u_203611,2026-05-24,purchase,1500,9.0
1261,u_203615,2026-05-19,purchase,5000,30.0
1262,u_203618,2026-03-13,purchase,500,3.0
1263,u_203619,2026-04-09,purchase,500,3.0
1264,u_203621,2026-06-27,purchase,5000,30.0
1265,u_203621,2026-06-18,purchase,1500,9.0
1266,u_203622,2026-05-18,purchase,5000,30.0
1267,u_203625,2026-03-08,purchase,5000,30.0
1268,u_203626,2026-06-26,purchase,5000,30.0
1269,u_203626,2026-06-27,refund,-2500,-15.0
1270,u_203628,2026-06-16,purchase,1500,9.0
1271,u_203629,2026-04-08,purchase,500,3.0
1272,u_203629,2026-04-11,purchase,5000,30.0
1273,u_203629,2026-04-04,purchase,5000,30.0
1274,u_203630,2026-04-28,purchase,1500,9.0
1275,u_203632,2026-06-25,purchase,1500,9.0
1276,u_203634,2026-05-06,purchase,5000,30.0
1277,u_203636,2026-06-21,purchase,5000,30.0
1278,u_203646,2026-04-29,purchase,1500,9.0
1279,u_203646,2026-05-01,purchase,500,3.0
1280,u_203646,2026-05-03,refund,-250,-1.5
1281,u_203646,2026-04-27,purchase,1500,9.0
1282,u_203648,2026-05-10,purchase,500,3.0
1283,u_203655,2026-03-02,purchase,500,3.0
1284,u_203658,2026-05-06,purchase,5000,30.0
1285,u_203661,2026-06-18,purchase,1500,9.0
1286,u_203664,2026-04-22,purchase,5000,30.0
1287,u_203671,2026-05-01,purchase,500,3.0
1288,u_203672,2026-06-22,purchase,5000,30.0
1289,u_203673,2026-06-27,purchase,5000,30.0
1290,u_203676,2026-05-23,purchase,5000,30.0
1291,u_203680,2026-05-27,purchase,5000,30.0
1292,u_203680,2026-06-05,purchase,5000,30.0
1293,u_203683,2026-03-16,purchase,5000,30.0
1294,u_203688,2026-04-22,purchase,500,3.0
1295,u_203688,2026-04-11,purchase,1500,9.0
1296,u_203694,2026-04-02,purchase,500,3.0
1297,u_203697,2026-06-27,purchase,1500,9.0
1298,u_203697,2026-06-22,purchase,500,3.0
1299,u_203703,2026-03-23,purchase,500,3.0
1300,u_203705,2026-05-12,purchase,500,3.0
1301,u_203708,2026-04-25,purchase,5000,30.0
1302,u_203708,2026-04-29,refund,-2500,-15.0
1303,u_203711,2026-06-27,purchase,5000,30.0
1304,u_203712,2026-04-01,purchase,5000,30.0
1305,u_203713,2026-04-26,purchase,5000,30.0
1306,u_203722,2026-06-25,purchase,5000,30.0
1307,u_203730,2026-06-07,purchase,1500,9.0
1308,u_203731,2026-06-10,purchase,500,3.0
1309,u_203731,2026-06-10,purchase,500,3.0
1310,u_203737,2026-05-10,purchase,1500,9.0
1311,u_203742,2026-05-08,purchase,5000,30.0
1312,u_203742,2026-05-18,purchase,500,3.0
1313,u_203744,2026-05-24,purchase,500,3.0
1314,u_203745,2026-05-24,purchase,500,3.0
1315,u_203745,2026-05-14,purchase,500,3.0
1316,u_203746,2026-06-11,purchase,500,3.0
1317,u_203754,2026-05-10,purchase,1500,9.0
1318,u_203758,2026-06-08,purchase,500,3.0
1319,u_203758,2026-06-04,purchase,500,3.0
1320,u_203760,2026-05-01,purchase,500,3.0
1321,u_203760,2026-04-29,purchase,1500,9.0
1322,u_203764,2026-05-16,purchase,1500,9.0
1323,u_203766,2026-06-05,purchase,1500,9.0
1324,u_203774,2026-06-07,purchase,5000,30.0
1325,u_203774,2026-06-17,purchase,500,3.0
1326,u_203776,2026-05-08,purchase,5000,30.0
1327,u_203786,2026-05-14,purchase,5000,30.0
1328,u_203787,2026-06-16,purchase,500,3.0
1329,u_203788,2026-06-09,purchase,5000,30.0
1330,u_203797,2026-03-02,purchase,1500,9.0
1331,u_203798,2026-04-16,purchase,5000,30.0
1332,u_203800,2026-05-03,purchase,5000,30.0
1333,u_203803,2026-06-13,purchase,1500,9.0
1334,u_203810,2026-05-28,purchase,500,3.0
1335,u_203817,2026-05-29,purchase,1500,9.0
1336,u_203820,2026-03-20,purchase,5000,30.0
1337,u_203820,2026-03-13,purchase,1500,9.0
1338,u_203820,2026-03-20,purchase,500,3.0
1339,u_203823,2026-04-03,purchase,1500,9.0
1340,u_203823,2026-03-30,purchase,1500,9.0
1341,u_203829,2026-05-27,purchase,500,3.0
1342,u_203832,2026-03-19,purchase,5000,30.0
1343,u_203834,2026-04-27,purchase,5000,30.0
1344,u_203836,2026-03-30,purchase,5000,30.0
1345,u_203836,2026-03-29,purchase,5000,30.0
1346,u_203843,2026-05-20,purchase,1500,9.0
1347,u_203844,2026-05-07,purchase,500,3.0
1348,u_203849,2026-03-16,purchase,1500,9.0
1349,u_203854,2026-05-27,purchase,1500,9.0
1350,u_203854,2026-06-01,purchase,500,3.0
1351,u_203854,2026-06-02,purchase,500,3.0
1352,u_203862,2026-05-06,purchase,5000,30.0
1353,u_203864,2026-03-30,purchase,500,3.0
1354,u_203868,2026-04-13,purchase,500,3.0
1355,u_203870,2026-05-15,purchase,1500,9.0
1356,u_203871,2026-05-14,purchase,5000,30.0
1357,u_203875,2026-03-08,purchase,500,3.0
1358,u_203875,2026-03-11,refund,-250,-1.5
1359,u_203877,2026-03-01,purchase,5000,30.0
1360,u_203880,2026-04-16,purchase,500,3.0
1361,u_203888,2026-06-10,purchase,5000,30.0
1362,u_203888,2026-05-30,purchase,1500,9.0
1363,u_203891,2026-05-10,purchase,500,3.0
1364,u_203893,2026-05-15,purchase,1500,9.0
1365,u_203895,2026-06-16,purchase,500,3.0
1366,u_203895,2026-06-06,purchase,1500,9.0
1367,u_203898,2026-05-07,purchase,500,3.0
1368,u_203898,2026-05-08,refund,-250,-1.5
1369,u_203899,2026-06-02,purchase,5000,30.0
1370,u_203903,2026-05-06,purchase,5000,30.0
1371,u_203903,2026-04-26,purchase,1500,9.0
1372,u_203904,2026-05-26,purchase,5000,30.0
1373,u_203907,2026-06-14,purchase,500,3.0
1374,u_203907,2026-06-16,purchase,5000,30.0
1375,u_203910,2026-05-15,purchase,1500,9.0
1376,u_203913,2026-04-28,purchase,5000,30.0
1377,u_203913,2026-04-28,purchase,5000,30.0
1378,u_203917,2026-06-07,purchase,5000,30.0
1379,u_203917,2026-06-13,purchase,1500,9.0
1380,u_203921,2026-06-07,purchase,1500,9.0
1381,u_203923,2026-05-05,purchase,5000,30.0
1382,u_203926,2026-05-13,purchase,1500,9.0
1383,u_203927,2026-06-15,purchase,5000,30.0
1384,u_203951,2026-05-29,purchase,500,3.0
1385,u_203955,2026-05-22,purchase,1500,9.0
1386,u_203955,2026-05-20,purchase,500,3.0
1387,u_203955,2026-05-18,purchase,5000,30.0
1388,u_203956,2026-03-27,purchase,1500,9.0
1389,u_203956,2026-03-30,refund,-750,-4.5
1390,u_203957,2026-06-05,purchase,1500,9.0
1391,u_203959,2026-04-01,purchase,1500,9.0
1392,u_203962,2026-05-24,purchase,5000,30.0
1393,u_203966,2026-04-12,purchase,5000,30.0
1394,u_203966,2026-04-17,purchase,1500,9.0
1395,u_203972,2026-05-22,purchase,1500,9.0
1396,u_203984,2026-03-23,purchase,500,3.0
1397,u_203985,2026-04-25,purchase,1500,9.0
1398,u_203986,2026-06-12,purchase,1500,9.0
1399,u_203988,2026-06-04,purchase,1500,9.0
1400,u_203989,2026-06-20,purchase,5000,30.0
1401,u_203989,2026-06-21,purchase,1500,9.0
1402,u_203995,2026-04-10,purchase,1500,9.0
1403,u_203998,2026-06-06,purchase,1500,9.0
1404,u_203998,2026-06-04,purchase,1500,9.0
1405,u_204004,2026-06-16,purchase,1500,9.0
1406,u_204011,2026-03-10,purchase,500,3.0
1407,u_204012,2026-04-06,purchase,1500,9.0
1408,u_204016,2026-06-01,purchase,1500,9.0
1409,u_204016,2026-06-03,purchase,5000,30.0
1410,u_204018,2026-06-09,purchase,500,3.0
1411,u_204020,2026-05-19,purchase,1500,9.0
1412,u_204023,2026-06-11,purchase,5000,30.0
1413,u_204024,2026-04-21,purchase,1500,9.0
1414,u_204029,2026-03-13,purchase,5000,30.0
1415,u_204029,2026-03-12,purchase,1500,9.0
1416,u_204031,2026-03-15,purchase,1500,9.0
1417,u_204034,2026-03-30,purchase,500,3.0
1418,u_204034,2026-03-25,purchase,5000,30.0
1419,u_204034,2026-03-24,purchase,1500,9.0
1420,u_204036,2026-06-22,purchase,500,3.0
1421,u_204036,2026-06-23,refund,-250,-1.5
1422,u_204038,2026-03-17,purchase,500,3.0
1423,u_204042,2026-05-01,purchase,500,3.0
1424,u_204043,2026-06-18,purchase,5000,30.0
1425,u_204045,2026-06-06,purchase,5000,30.0
1426,u_204048,2026-04-11,purchase,1500,9.0
1427,u_204048,2026-04-08,purchase,5000,30.0
1428,u_204055,2026-03-20,purchase,1500,9.0
1429,u_204060,2026-03-31,purchase,1500,9.0
1430,u_204061,2026-05-30,purchase,500,3.0
1431,u_204062,2026-06-02,purchase,1500,9.0
1432,u_204074,2026-06-04,purchase,500,3.0
1433,u_204083,2026-04-17,purchase,5000,30.0
1434,u_204091,2026-05-29,purchase,5000,30.0
1435,u_204092,2026-03-10,purchase,1500,9.0
1436,u_204094,2026-06-06,purchase,500,3.0
1437,u_204095,2026-04-14,purchase,500,3.0
1438,u_204100,2026-04-21,purchase,500,3.0
1439,u_204103,2026-03-24,purchase,1500,9.0
1440,u_204106,2026-03-07,purchase,5000,30.0
1441,u_204111,2026-04-03,purchase,5000,30.0
1442,u_204121,2026-05-13,purchase,5000,30.0
1443,u_204127,2026-04-28,purchase,5000,30.0
1444,u_204131,2026-04-18,purchase,1500,9.0
1445,u_204134,2026-06-21,purchase,1500,9.0
1446,u_204137,2026-05-06,purchase,1500,9.0
1447,u_204138,2026-06-08,purchase,5000,30.0
1448,u_204143,2026-03-23,purchase,1500,9.0
1449,u_204151,2026-05-04,purchase,1500,9.0
1450,u_204154,2026-05-25,purchase,5000,30.0
1451,u_204156,2026-05-31,purchase,1500,9.0
1452,u_204157,2026-06-19,purchase,500,3.0
1453,u_204160,2026-06-03,purchase,5000,30.0
1454,u_204171,2026-03-27,purchase,5000,30.0
1455,u_204175,2026-05-05,purchase,500,3.0
1456,u_204175,2026-05-09,refund,-250,-1.5
1457,u_204179,2026-05-12,purchase,5000,30.0
1458,u_204190,2026-05-11,purchase,5000,30.0
1459,u_204193,2026-05-08,purchase,5000,30.0
1460,u_204207,2026-04-21,purchase,1500,9.0
1461,u_204207,2026-04-24,refund,-750,-4.5
1462,u_204208,2026-03-25,purchase,1500,9.0
1463,u_204212,2026-05-26,purchase,1500,9.0
1464,u_204215,2026-03-07,purchase,1500,9.0
1465,u_204216,2026-04-17,purchase,500,3.0
1466,u_204217,2026-03-04,purchase,5000,30.0
1467,u_204219,2026-03-28,purchase,5000,30.0
1468,u_204220,2026-03-31,purchase,5000,30.0
1469,u_204229,2026-05-28,purchase,5000,30.0
1470,u_204235,2026-06-10,purchase,5000,30.0
1471,u_204237,2026-04-21,purchase,500,3.0
1472,u_204237,2026-04-25,purchase,5000,30.0
1473,u_204237,2026-04-26,refund,-2500,-15.0
1474,u_204239,2026-06-09,purchase,1500,9.0
1475,u_204246,2026-04-01,purchase,5000,30.0
1476,u_204249,2026-06-14,purchase,500,3.0
1477,u_204251,2026-06-14,purchase,500,3.0
1478,u_204254,2026-05-06,purchase,5000,30.0
1479,u_204256,2026-06-24,purchase,1500,9.0
1480,u_204258,2026-04-21,purchase,500,3.0
1481,u_204259,2026-05-02,purchase,500,3.0
1482,u_204261,2026-03-30,purchase,1500,9.0
1483,u_204264,2026-03-13,purchase,1500,9.0
1484,u_204268,2026-03-14,purchase,500,3.0
1485,u_204270,2026-04-14,purchase,5000,30.0
1486,u_204275,2026-03-25,purchase,1500,9.0
1487,u_204283,2026-03-03,purchase,5000,30.0
1488,u_204284,2026-04-15,purchase,500,3.0
1489,u_204290,2026-05-12,purchase,500,3.0
1490,u_204294,2026-05-22,purchase,5000,30.0
1491,u_204295,2026-06-03,purchase,1500,9.0
1492,u_204295,2026-06-04,purchase,500,3.0
1493,u_204299,2026-05-30,purchase,5000,30.0
1494,u_204299,2026-06-03,refund,-2500,-15.0
1495,u_204301,2026-05-16,purchase,5000,30.0
1496,u_204312,2026-04-29,purchase,1500,9.0
1497,u_204313,2026-03-11,purchase,500,3.0
1498,u_204318,2026-05-30,purchase,5000,30.0
1499,u_204321,2026-03-20,purchase,5000,30.0
1500,u_204323,2026-04-03,purchase,500,3.0
1501,u_204326,2026-03-12,purchase,500,3.0
1502,u_204329,2026-06-05,purchase,1500,9.0
1503,u_204330,2026-03-08,purchase,1500,9.0
1504,u_204330,2026-03-05,purchase,500,3.0
1505,u_204331,2026-04-08,purchase,500,3.0
1506,u_204331,2026-03-30,purchase,1500,9.0
1507,u_204332,2026-06-10,purchase,1500,9.0
1508,u_204332,2026-06-16,purchase,1500,9.0
1509,u_204335,2026-04-24,purchase,1500,9.0
1510,u_204337,2026-03-18,purchase,500,3.0
1511,u_204337,2026-03-13,purchase,5000,30.0
1512,u_204337,2026-03-15,purchase,500,3.0
1513,u_204337,2026-03-11,purchase,500,3.0
1514,u_204338,2026-03-19,purchase,500,3.0
1515,u_204340,2026-05-14,purchase,5000,30.0
1516,u_204341,2026-05-10,purchase,1500,9.0
1517,u_204341,2026-05-11,refund,-750,-4.5
1518,u_204345,2026-04-07,purchase,500,3.0
1519,u_204348,2026-04-09,purchase,500,3.0
1520,u_204351,2026-05-28,purchase,1500,9.0
1521,u_204352,2026-06-22,purchase,1500,9.0
1522,u_204354,2026-04-01,purchase,1500,9.0
1523,u_204364,2026-05-12,purchase,500,3.0
1524,u_204364,2026-05-10,purchase,1500,9.0
1525,u_204366,2026-05-24,purchase,5000,30.0
1526,u_204369,2026-04-18,purchase,500,3.0
1527,u_204372,2026-03-02,purchase,5000,30.0
1528,u_204374,2026-04-04,purchase,500,3.0
1529,u_204383,2026-05-16,purchase,1500,9.0
1530,u_204384,2026-05-09,purchase,1500,9.0
1531,u_204385,2026-04-09,purchase,5000,30.0
1532,u_204389,2026-03-20,purchase,5000,30.0
1533,u_204389,2026-03-13,purchase,1500,9.0
1534,u_204391,2026-05-16,purchase,1500,9.0
1535,u_204394,2026-04-17,purchase,500,3.0
1536,u_204396,2026-06-01,purchase,1500,9.0
1537,u_204410,2026-03-11,purchase,5000,30.0
1538,u_204416,2026-04-15,purchase,1500,9.0
1539,u_204426,2026-04-23,purchase,500,3.0
1540,u_204429,2026-06-20,purchase,1500,9.0
1541,u_204429,2026-06-19,purchase,5000,30.0
1542,u_204429,2026-06-20,refund,-2500,-15.0
1543,u_204431,2026-04-12,purchase,5000,30.0
1544,u_204432,2026-06-15,purchase,500,3.0
1545,u_204432,2026-06-15,purchase,500,3.0
1546,u_204434,2026-05-22,purchase,5000,30.0
1547,u_204438,2026-05-31,purchase,500,3.0
1548,u_204446,2026-03-16,purchase,500,3.0
1549,u_204447,2026-06-20,purchase,500,3.0
1550,u_204454,2026-04-05,purchase,1500,9.0
1551,u_204455,2026-04-05,purchase,500,3.0
1552,u_204456,2026-05-03,purchase,500,3.0
1553,u_204460,2026-06-10,purchase,1500,9.0
1554,u_204462,2026-04-06,purchase,1500,9.0
1555,u_204463,2026-04-30,purchase,1500,9.0
1556,u_204465,2026-05-31,purchase,5000,30.0
1557,u_204468,2026-05-14,purchase,500,3.0
1558,u_204470,2026-04-26,purchase,500,3.0
1559,u_204470,2026-05-07,purchase,5000,30.0
1560,u_204473,2026-05-11,purchase,500,3.0
1561,u_204475,2026-06-01,purchase,1500,9.0
1562,u_204477,2026-06-05,purchase,500,3.0
1563,u_204481,2026-03-12,purchase,500,3.0
1564,u_204486,2026-05-19,purchase,1500,9.0
1565,u_204487,2026-04-14,purchase,1500,9.0
1566,u_204487,2026-04-16,purchase,1500,9.0
1567,u_204490,2026-06-02,purchase,5000,30.0
1568,u_204490,2026-06-06,purchase,5000,30.0
1569,u_204490,2026-06-01,purchase,500,3.0
1570,u_204491,2026-04-28,purchase,1500,9.0
1571,u_204495,2026-06-13,purchase,1500,9.0
1572,u_204496,2026-04-02,purchase,5000,30.0
1573,u_204502,2026-04-27,purchase,1500,9.0
1574,u_204504,2026-06-16,purchase,500,3.0
1575,u_204505,2026-03-25,purchase,500,3.0
1576,u_204507,2026-05-10,purchase,1500,9.0
1577,u_204509,2026-04-28,purchase,5000,30.0
1578,u_204513,2026-06-03,purchase,500,3.0
1579,u_204513,2026-05-29,purchase,5000,30.0
1580,u_204516,2026-04-30,purchase,500,3.0
1581,u_204517,2026-05-20,purchase,5000,30.0
1582,u_204517,2026-05-28,purchase,500,3.0
1583,u_204518,2026-04-03,purchase,5000,30.0
1584,u_204521,2026-04-28,purchase,500,3.0
1585,u_204524,2026-03-22,purchase,5000,30.0
1586,u_204525,2026-04-08,purchase,1500,9.0
1587,u_204531,2026-03-19,purchase,500,3.0
1588,u_204536,2026-06-19,purchase,500,3.0
1589,u_204536,2026-06-23,purchase,1500,9.0
1590,u_204539,2026-04-08,purchase,500,3.0
1591,u_204541,2026-04-13,purchase,500,3.0
1592,u_204546,2026-06-14,purchase,5000,30.0
1593,u_204547,2026-03-31,purchase,500,3.0
1594,u_204550,2026-03-30,purchase,1500,9.0
1595,u_204550,2026-03-28,purchase,500,3.0
1596,u_204558,2026-05-30,purchase,500,3.0
1597,u_204563,2026-06-05,purchase,1500,9.0
1598,u_204563,2026-06-08,refund,-750,-4.5
1599,u_204563,2026-06-11,purchase,5000,30.0
1600,u_204565,2026-03-24,purchase,500,3.0
1601,u_204566,2026-06-17,purchase,500,3.0
1602,u_204572,2026-05-26,purchase,1500,9.0
1603,u_204572,2026-05-27,refund,-750,-4.5
1604,u_204573,2026-04-11,purchase,5000,30.0
1605,u_204575,2026-04-14,purchase,1500,9.0
1606,u_204581,2026-05-17,purchase,500,3.0
1607,u_204581,2026-05-21,refund,-250,-1.5
1608,u_204583,2026-06-19,purchase,5000,30.0
1609,u_204586,2026-04-15,purchase,5000,30.0
1610,u_204589,2026-05-15,purchase,1500,9.0
1611,u_204592,2026-06-07,purchase,1500,9.0
1612,u_204595,2026-06-11,purchase,1500,9.0
1613,u_204597,2026-06-17,purchase,500,3.0
1614,u_204599,2026-05-12,purchase,500,3.0
1615,u_204605,2026-06-11,purchase,5000,30.0
1616,u_204607,2026-04-16,purchase,5000,30.0
1617,u_204610,2026-05-02,purchase,500,3.0
1618,u_204611,2026-04-16,purchase,1500,9.0
1619,u_204612,2026-06-02,purchase,5000,30.0
1620,u_204612,2026-05-28,purchase,5000,30.0
1621,u_204612,2026-06-01,refund,-2500,-15.0
1622,u_204614,2026-06-19,purchase,5000,30.0
1623,u_204615,2026-03-29,purchase,1500,9.0
1624,u_204618,2026-05-20,purchase,1500,9.0
1625,u_204623,2026-05-06,purchase,1500,9.0
1626,u_204632,2026-03-12,purchase,500,3.0
1627,u_204632,2026-03-13,refund,-250,-1.5
1628,u_204633,2026-04-20,purchase,1500,9.0
1629,u_204633,2026-04-28,purchase,1500,9.0
1630,u_204636,2026-04-25,purchase,500,3.0
1631,u_204637,2026-05-13,purchase,500,3.0
1632,u_204641,2026-05-26,purchase,1500,9.0
1633,u_204641,2026-06-01,purchase,500,3.0
1634,u_204645,2026-06-24,purchase,1500,9.0
1635,u_204647,2026-04-08,purchase,5000,30.0
1636,u_204648,2026-05-08,purchase,5000,30.0
1637,u_204649,2026-03-21,purchase,500,3.0
1638,u_204653,2026-06-07,purchase,5000,30.0
1639,u_204653,2026-06-17,purchase,500,3.0
1640,u_204654,2026-05-10,purchase,1500,9.0
1641,u_204666,2026-05-15,purchase,5000,30.0
1642,u_204672,2026-05-26,purchase,500,3.0
1643,u_204673,2026-05-19,purchase,500,3.0
1644,u_204673,2026-05-16,purchase,1500,9.0
1645,u_204675,2026-04-10,purchase,1500,9.0
1646,u_204675,2026-04-03,purchase,1500,9.0
1647,u_204676,2026-05-04,purchase,1500,9.0
1648,u_204678,2026-06-11,purchase,1500,9.0
1649,u_204681,2026-04-28,purchase,5000,30.0
1650,u_204685,2026-04-29,purchase,5000,30.0
1651,u_204685,2026-05-12,purchase,500,3.0
1652,u_204686,2026-05-20,purchase,5000,30.0
1653,u_204688,2026-03-18,purchase,5000,30.0
1654,u_204694,2026-04-29,purchase,500,3.0
1655,u_204697,2026-04-04,purchase,1500,9.0
1656,u_204697,2026-03-23,purchase,500,3.0
1657,u_204699,2026-05-13,purchase,500,3.0
1658,u_204701,2026-06-14,purchase,500,3.0
1659,u_204701,2026-06-17,purchase,1500,9.0
1660,u_204702,2026-05-30,purchase,500,3.0
1661,u_204710,2026-06-16,purchase,1500,9.0
1662,u_204716,2026-04-21,purchase,1500,9.0
1663,u_204716,2026-04-23,purchase,5000,30.0
1664,u_204718,2026-05-02,purchase,500,3.0
1665,u_204720,2026-03-17,purchase,1500,9.0
1666,u_204728,2026-06-17,purchase,500,3.0
1667,u_204729,2026-03-24,purchase,1500,9.0
1668,u_204730,2026-03-22,purchase,1500,9.0
1669,u_204732,2026-04-20,purchase,1500,9.0
1670,u_204735,2026-06-05,purchase,5000,30.0
1671,u_204738,2026-06-15,purchase,500,3.0
1672,u_204742,2026-06-17,purchase,1500,9.0
1673,u_204744,2026-05-22,purchase,1500,9.0
1674,u_204744,2026-05-17,purchase,1500,9.0
1675,u_204747,2026-06-07,purchase,500,3.0
1676,u_204747,2026-06-18,purchase,1500,9.0
1677,u_204748,2026-06-07,purchase,500,3.0
1678,u_204753,2026-06-02,purchase,1500,9.0
1679,u_204754,2026-05-13,purchase,1500,9.0
1680,u_204761,2026-03-20,purchase,5000,30.0
1681,u_204762,2026-03-25,purchase,500,3.0
1682,u_204762,2026-04-01,purchase,500,3.0
1683,u_204762,2026-03-27,purchase,500,3.0
1684,u_204764,2026-04-30,purchase,1500,9.0
1685,u_204764,2026-05-03,purchase,5000,30.0
1686,u_204770,2026-06-02,purchase,1500,9.0
1687,u_204774,2026-03-12,purchase,1500,9.0
1688,u_204775,2026-03-14,purchase,5000,30.0
1689,u_204775,2026-03-22,purchase,500,3.0
1690,u_204776,2026-03-23,purchase,5000,30.0
1691,u_204776,2026-03-25,refund,-2500,-15.0
1692,u_204776,2026-03-22,purchase,1500,9.0
1693,u_204777,2026-03-09,purchase,500,3.0
1694,u_204778,2026-06-22,purchase,500,3.0
1695,u_204780,2026-06-02,purchase,500,3.0
1696,u_204780,2026-06-11,purchase,5000,30.0
1697,u_204784,2026-06-10,purchase,1500,9.0
1698,u_204786,2026-06-18,purchase,500,3.0
1699,u_204798,2026-05-24,purchase,500,3.0
1700,u_204800,2026-04-20,purchase,500,3.0
1701,u_204802,2026-05-05,purchase,500,3.0
1702,u_204815,2026-04-12,purchase,5000,30.0
1703,u_204820,2026-03-23,purchase,5000,30.0
1704,u_204822,2026-03-24,purchase,1500,9.0
1705,u_204823,2026-05-01,purchase,500,3.0
1706,u_204829,2026-04-24,purchase,500,3.0
1707,u_204832,2026-04-06,purchase,5000,30.0
1708,u_204836,2026-04-16,purchase,1500,9.0
1709,u_204836,2026-04-19,purchase,5000,30.0
1710,u_204837,2026-04-19,purchase,5000,30.0
1711,u_204839,2026-03-26,purchase,1500,9.0
1712,u_204839,2026-04-03,purchase,5000,30.0
1713,u_204849,2026-04-24,purchase,5000,30.0
1714,u_204862,2026-06-22,purchase,500,3.0
1715,u_204864,2026-06-12,purchase,500,3.0
1716,u_204866,2026-04-16,purchase,5000,30.0
1717,u_204868,2026-03-28,purchase,5000,30.0
1718,u_204869,2026-06-07,purchase,1500,9.0
1719,u_204872,2026-05-23,purchase,1500,9.0
1720,u_204876,2026-04-25,purchase,1500,9.0
1721,u_204878,2026-03-22,purchase,5000,30.0
1722,u_204885,2026-03-26,purchase,500,3.0
1723,u_204887,2026-05-01,purchase,5000,30.0
1724,u_204893,2026-04-17,purchase,500,3.0
1725,u_204894,2026-03-27,purchase,5000,30.0
1726,u_204895,2026-04-25,purchase,500,3.0
1727,u_204903,2026-04-30,purchase,500,3.0
1728,u_204904,2026-05-26,purchase,500,3.0
1729,u_204905,2026-06-07,purchase,5000,30.0
1730,u_204908,2026-04-04,purchase,1500,9.0
1731,u_204908,2026-04-02,purchase,500,3.0
1732,u_204920,2026-05-14,purchase,500,3.0
1733,u_204922,2026-04-14,purchase,1500,9.0
1734,u_204924,2026-04-19,purchase,1500,9.0
1735,u_204925,2026-05-26,purchase,5000,30.0
1736,u_204926,2026-05-28,purchase,5000,30.0
1737,u_204926,2026-05-26,purchase,1500,9.0
1738,u_204929,2026-03-26,purchase,5000,30.0
1739,u_204929,2026-04-04,purchase,500,3.0
1740,u_204932,2026-04-05,purchase,5000,30.0
1741,u_204934,2026-06-03,purchase,5000,30.0
1742,u_204938,2026-04-19,purchase,1500,9.0
1743,u_204938,2026-04-22,purchase,500,3.0
1744,u_204941,2026-04-10,purchase,5000,30.0
1745,u_204943,2026-04-08,purchase,500,3.0
1746,u_204945,2026-06-04,purchase,1500,9.0
1747,u_204950,2026-04-11,purchase,500,3.0
1748,u_204950,2026-03-31,purchase,500,3.0
1749,u_204955,2026-06-21,purchase,1500,9.0
1750,u_204955,2026-06-19,purchase,500,3.0
1751,u_204955,2026-06-21,purchase,1500,9.0
1752,u_204955,2026-06-24,refund,-750,-4.5
1753,u_204956,2026-05-06,purchase,5000,30.0
1754,u_204958,2026-06-21,purchase,5000,30.0
1755,u_204961,2026-04-16,purchase,500,3.0
1756,u_204963,2026-05-13,purchase,500,3.0
1757,u_204970,2026-06-26,purchase,500,3.0
1758,u_204972,2026-03-15,purchase,500,3.0
1759,u_204972,2026-03-11,purchase,5000,30.0
1760,u_204979,2026-03-22,purchase,500,3.0
1761,u_204980,2026-03-31,purchase,5000,30.0
1762,u_204982,2026-03-01,purchase,5000,30.0
1763,u_204982,2026-03-02,purchase,5000,30.0
1764,u_204984,2026-06-08,purchase,500,3.0
1765,u_204988,2026-04-15,purchase,1500,9.0
1766,u_204989,2026-06-07,purchase,5000,30.0
1767,u_204989,2026-05-29,purchase,5000,30.0
1768,u_204993,2026-05-01,purchase,1500,9.0
1769,u_204998,2026-04-27,purchase,500,3.0
1770,u_205010,2026-05-19,purchase,5000,30.0
1771,u_205017,2026-03-24,purchase,5000,30.0
1772,u_205018,2026-04-25,purchase,5000,30.0
1773,u_205025,2026-04-09,purchase,5000,30.0
1774,u_205031,2026-04-03,purchase,1500,9.0
1775,u_205035,2026-03-26,purchase,500,3.0
1776,u_205040,2026-03-23,purchase,5000,30.0
1777,u_205042,2026-04-13,purchase,5000,30.0
1778,u_205049,2026-03-27,purchase,5000,30.0
1779,u_205051,2026-03-11,purchase,1500,9.0
1780,u_205052,2026-06-26,purchase,500,3.0
1781,u_205053,2026-05-09,purchase,500,3.0
1782,u_205058,2026-03-24,purchase,500,3.0
1783,u_205062,2026-05-29,purchase,1500,9.0
1784,u_205077,2026-05-04,purchase,500,3.0
1785,u_205081,2026-06-11,purchase,1500,9.0
1786,u_205083,2026-03-10,purchase,5000,30.0
1787,u_205087,2026-06-24,purchase,500,3.0
1788,u_205089,2026-04-13,purchase,5000,30.0
1789,u_205090,2026-06-23,purchase,5000,30.0
1790,u_205092,2026-04-02,purchase,5000,30.0
1791,u_205097,2026-05-21,purchase,5000,30.0
1792,u_205099,2026-05-06,purchase,1500,9.0
1793,u_205114,2026-06-12,purchase,500,3.0
1794,u_205119,2026-06-12,purchase,1500,9.0
1795,u_205119,2026-06-10,purchase,1500,9.0
1796,u_205128,2026-03-29,purchase,500,3.0
1797,u_205130,2026-04-30,purchase,1500,9.0
1798,u_205135,2026-03-28,purchase,5000,30.0
1799,u_205138,2026-03-03,purchase,500,3.0
1800,u_205147,2026-04-18,purchase,5000,30.0
1801,u_205157,2026-05-23,purchase,5000,30.0
1802,u_205158,2026-04-05,purchase,500,3.0
1803,u_205160,2026-04-05,purchase,500,3.0
1804,u_205160,2026-04-06,purchase,5000,30.0
1805,u_205161,2026-05-14,purchase,5000,30.0
1806,u_205169,2026-05-20,purchase,500,3.0
1807,u_205169,2026-05-21,refund,-250,-1.5
1808,u_205175,2026-05-14,purchase,1500,9.0
1809,u_205183,2026-05-29,purchase,500,3.0
1810,u_205203,2026-06-26,purchase,500,3.0
1811,u_205203,2026-06-14,purchase,500,3.0
1812,u_205210,2026-05-03,purchase,1500,9.0
1813,u_205211,2026-05-16,purchase,1500,9.0
1814,u_205213,2026-05-01,purchase,1500,9.0
1815,u_205220,2026-03-07,purchase,1500,9.0
1816,u_205221,2026-05-19,purchase,5000,30.0
1817,u_205223,2026-06-26,purchase,500,3.0
1818,u_205227,2026-05-11,purchase,500,3.0
1819,u_205229,2026-06-07,purchase,1500,9.0
1820,u_205231,2026-04-25,purchase,500,3.0
1821,u_205239,2026-03-28,purchase,1500,9.0
1822,u_205240,2026-06-03,purchase,1500,9.0
1823,u_205243,2026-05-04,purchase,500,3.0
1824,u_205247,2026-06-16,purchase,500,3.0
1825,u_205249,2026-06-04,purchase,500,3.0
1826,u_205253,2026-06-06,purchase,1500,9.0
1827,u_205254,2026-05-26,purchase,1500,9.0
1828,u_205255,2026-03-19,purchase,5000,30.0
1829,u_205258,2026-03-26,purchase,500,3.0
1830,u_205261,2026-05-20,purchase,5000,30.0
1831,u_205263,2026-05-16,purchase,5000,30.0
1832,u_205263,2026-05-06,purchase,5000,30.0
1833,u_205269,2026-05-30,purchase,1500,9.0
1834,u_205269,2026-05-18,purchase,500,3.0
1835,u_205271,2026-05-19,purchase,500,3.0
1836,u_205274,2026-06-09,purchase,500,3.0
1837,u_205278,2026-05-30,purchase,500,3.0
1838,u_205279,2026-05-19,purchase,1500,9.0
1839,u_205279,2026-05-05,purchase,5000,30.0
1840,u_205283,2026-06-13,purchase,5000,30.0
1841,u_205284,2026-04-13,purchase,500,3.0
1842,u_205286,2026-05-19,purchase,5000,30.0
1843,u_205287,2026-06-28,purchase,1500,9.0
1844,u_205288,2026-04-25,purchase,1500,9.0
1845,u_205294,2026-03-22,purchase,5000,30.0
1846,u_205296,2026-05-22,purchase,1500,9.0
1847,u_205298,2026-04-03,purchase,5000,30.0
1848,u_205306,2026-04-08,purchase,1500,9.0
1849,u_205308,2026-05-16,purchase,5000,30.0
1850,u_205309,2026-04-16,purchase,1500,9.0
1851,u_205316,2026-04-02,purchase,500,3.0
1852,u_205321,2026-04-08,purchase,500,3.0
1853,u_205322,2026-06-03,purchase,500,3.0
1854,u_205323,2026-04-30,purchase,500,3.0
1855,u_205331,2026-03-30,purchase,1500,9.0
1856,u_205335,2026-04-14,purchase,1500,9.0
1857,u_205345,2026-04-14,purchase,500,3.0
1858,u_205352,2026-06-13,purchase,500,3.0
1859,u_205355,2026-03-25,purchase,5000,30.0
1860,u_205358,2026-05-28,purchase,5000,30.0
1861,u_205362,2026-06-17,purchase,500,3.0
1862,u_205366,2026-05-25,purchase,1500,9.0
1863,u_205366,2026-05-25,purchase,500,3.0
1864,u_205367,2026-04-30,purchase,500,3.0
1865,u_205377,2026-06-28,purchase,1500,9.0
1866,u_205377,2026-06-24,purchase,1500,9.0
1867,u_205381,2026-05-25,purchase,5000,30.0
1868,u_205386,2026-05-02,purchase,1500,9.0
1869,u_205393,2026-06-18,purchase,500,3.0
1870,u_205395,2026-06-01,purchase,500,3.0
1871,u_205396,2026-04-28,purchase,5000,30.0
1872,u_205398,2026-04-25,purchase,5000,30.0
1873,u_205405,2026-03-11,purchase,500,3.0
1874,u_205406,2026-03-31,purchase,1500,9.0
1875,u_205406,2026-03-27,purchase,5000,30.0
1876,u_205408,2026-03-23,purchase,1500,9.0
1877,u_205413,2026-05-20,purchase,500,3.0
1878,u_205423,2026-04-29,purchase,500,3.0
1879,u_205424,2026-03-21,purchase,5000,30.0
1880,u_205425,2026-06-06,purchase,500,3.0
1881,u_205425,2026-06-07,refund,-250,-1.5
1882,u_205428,2026-06-14,purchase,500,3.0
1883,u_205432,2026-03-14,purchase,1500,9.0
1884,u_205432,2026-03-15,purchase,500,3.0
1885,u_205433,2026-06-20,purchase,500,3.0
1886,u_205434,2026-04-07,purchase,500,3.0
1887,u_205442,2026-06-08,purchase,5000,30.0
1888,u_205442,2026-06-01,purchase,500,3.0
1889,u_205447,2026-04-26,purchase,5000,30.0
1890,u_205449,2026-03-31,purchase,5000,30.0
1891,u_205450,2026-06-17,purchase,1500,9.0
1892,u_205450,2026-06-19,refund,-750,-4.5
1893,u_205454,2026-04-10,purchase,500,3.0
1894,u_205459,2026-04-06,purchase,1500,9.0
1895,u_205459,2026-04-07,purchase,500,3.0
1896,u_205462,2026-03-13,purchase,1500,9.0
1897,u_205463,2026-05-24,purchase,5000,30.0
1898,u_205463,2026-05-19,purchase,5000,30.0
1899,u_205465,2026-03-21,purchase,5000,30.0
1900,u_205468,2026-06-12,purchase,5000,30.0
1901,u_205469,2026-05-20,purchase,1500,9.0
1902,u_205469,2026-05-29,purchase,1500,9.0
1903,u_205472,2026-06-23,purchase,500,3.0
1904,u_205472,2026-06-17,purchase,500,3.0
1905,u_205474,2026-06-16,purchase,5000,30.0
1906,u_205484,2026-03-08,purchase,1500,9.0
1907,u_205488,2026-03-11,purchase,5000,30.0
1908,u_205498,2026-04-17,purchase,5000,30.0
1909,u_205501,2026-03-04,purchase,500,3.0
1910,u_205501,2026-03-11,purchase,500,3.0
1911,u_205503,2026-04-30,purchase,500,3.0
1912,u_205504,2026-06-04,purchase,1500,9.0
1913,u_205505,2026-06-18,purchase,1500,9.0
1914,u_205506,2026-04-17,purchase,1500,9.0
1915,u_205512,2026-03-16,purchase,5000,30.0
1916,u_205518,2026-05-15,purchase,1500,9.0
1917,u_205519,2026-03-03,purchase,500,3.0
1918,u_205525,2026-05-19,purchase,500,3.0
1919,u_205527,2026-03-23,purchase,1500,9.0
1920,u_205538,2026-03-28,purchase,500,3.0
1921,u_205540,2026-03-31,purchase,5000,30.0
1922,u_205545,2026-05-28,purchase,5000,30.0
1923,u_205557,2026-05-18,purchase,500,3.0
1924,u_205559,2026-06-20,purchase,500,3.0
1925,u_205560,2026-06-24,purchase,500,3.0
1926,u_205567,2026-04-20,purchase,5000,30.0
1927,u_205569,2026-03-06,purchase,5000,30.0
1928,u_205573,2026-03-16,purchase,500,3.0
1929,u_205576,2026-03-27,purchase,1500,9.0
1930,u_205588,2026-03-23,purchase,500,3.0
1931,u_205593,2026-03-28,purchase,500,3.0
1932,u_205603,2026-04-15,purchase,1500,9.0
1933,u_205606,2026-06-10,purchase,5000,30.0
1934,u_205607,2026-03-16,purchase,500,3.0
1935,u_205611,2026-04-07,purchase,500,3.0
1936,u_205618,2026-03-31,purchase,500,3.0
1937,u_205621,2026-05-16,purchase,5000,30.0
1938,u_205624,2026-04-26,purchase,1500,9.0
1939,u_205626,2026-05-04,purchase,1500,9.0
1940,u_205627,2026-03-22,purchase,500,3.0
1941,u_205632,2026-05-11,purchase,1500,9.0
1942,u_205639,2026-05-02,purchase,5000,30.0
1943,u_205642,2026-05-14,purchase,500,3.0
1944,u_205643,2026-03-15,purchase,5000,30.0
1945,u_205645,2026-04-17,purchase,5000,30.0
1946,u_205646,2026-06-11,purchase,5000,30.0
1947,u_205646,2026-06-10,purchase,5000,30.0
1948,u_205649,2026-05-04,purchase,5000,30.0
1949,u_205652,2026-05-14,purchase,1500,9.0
1950,u_205655,2026-05-09,purchase,1500,9.0
1951,u_205656,2026-03-22,purchase,5000,30.0
1952,u_205656,2026-03-18,purchase,5000,30.0
1953,u_205659,2026-06-28,purchase,500,3.0
1954,u_205663,2026-05-25,purchase,500,3.0
1955,u_205664,2026-03-07,purchase,1500,9.0
1956,u_205666,2026-04-30,purchase,500,3.0
1957,u_205667,2026-04-12,purchase,500,3.0
1958,u_205668,2026-05-02,purchase,500,3.0
1959,u_205668,2026-05-02,purchase,5000,30.0
1960,u_205668,2026-04-28,purchase,500,3.0
1961,u_205668,2026-04-23,purchase,5000,30.0
1962,u_205679,2026-06-08,purchase,5000,30.0
1963,u_205680,2026-06-11,purchase,500,3.0
1964,u_205682,2026-06-20,purchase,1500,9.0
1965,u_205683,2026-03-23,purchase,1500,9.0
1966,u_205684,2026-04-13,purchase,5000,30.0
1967,u_205685,2026-03-16,purchase,1500,9.0
1968,u_205685,2026-03-20,purchase,500,3.0
1969,u_205686,2026-04-21,purchase,500,3.0
1970,u_205688,2026-06-13,purchase,500,3.0
1971,u_205688,2026-06-14,purchase,5000,30.0
1972,u_205689,2026-05-09,purchase,1500,9.0
1973,u_205692,2026-04-29,purchase,5000,30.0
1974,u_205695,2026-05-07,purchase,500,3.0
1975,u_205695,2026-05-10,refund,-250,-1.5
1976,u_205698,2026-04-30,purchase,5000,30.0
1977,u_205706,2026-04-13,purchase,500,3.0
1978,u_205708,2026-04-20,purchase,1500,9.0
1979,u_205708,2026-04-11,purchase,500,3.0
1980,u_205709,2026-03-16,purchase,500,3.0
1981,u_205714,2026-06-14,purchase,500,3.0
1982,u_205715,2026-03-05,purchase,5000,30.0
1983,u_205717,2026-06-03,purchase,1500,9.0
1984,u_205720,2026-04-26,purchase,5000,30.0
1985,u_205724,2026-03-09,purchase,5000,30.0
1986,u_205725,2026-04-14,purchase,5000,30.0
1987,u_205739,2026-05-29,purchase,1500,9.0
1988,u_205740,2026-03-18,purchase,5000,30.0
1989,u_205740,2026-03-17,purchase,5000,30.0
1990,u_205743,2026-03-13,purchase,1500,9.0
1991,u_205747,2026-05-09,purchase,1500,9.0
1992,u_205748,2026-03-20,purchase,1500,9.0
1993,u_205753,2026-03-04,purchase,500,3.0
1994,u_205756,2026-05-13,purchase,5000,30.0
1995,u_205758,2026-06-15,purchase,500,3.0
1996,u_205768,2026-06-05,purchase,1500,9.0
1997,u_205768,2026-05-27,purchase,5000,30.0
1998,u_205769,2026-06-05,purchase,5000,30.0
1999,u_205770,2026-03-29,purchase,500,3.0
2000,u_205772,2026-06-16,purchase,500,3.0
2001,u_205772,2026-06-21,purchase,1500,9.0
2002,u_205775,2026-06-10,purchase,500,3.0
2003,u_205775,2026-06-13,purchase,5000,30.0
2004,u_205787,2026-05-20,purchase,500,3.0
2005,u_205788,2026-05-29,purchase,5000,30.0
2006,u_205789,2026-06-26,purchase,5000,30.0
2007,u_205789,2026-06-20,purchase,500,3.0
2008,u_205792,2026-03-12,purchase,1500,9.0
2009,u_205794,2026-03-25,purchase,500,3.0
2010,u_205795,2026-06-22,purchase,500,3.0
2011,u_205796,2026-06-24,purchase,500,3.0
2012,u_205798,2026-05-03,purchase,5000,30.0
2013,u_205798,2026-05-05,refund,-2500,-15.0
2014,u_205802,2026-04-05,purchase,500,3.0
2015,u_205802,2026-04-01,purchase,5000,30.0
2016,u_205802,2026-04-05,purchase,1500,9.0
2017,u_205803,2026-04-12,purchase,500,3.0
2018,u_205810,2026-03-16,purchase,5000,30.0
2019,u_205814,2026-05-11,purchase,500,3.0
2020,u_205814,2026-04-28,purchase,500,3.0
2021,u_205817,2026-05-12,purchase,1500,9.0
2022,u_205818,2026-04-12,purchase,500,3.0
2023,u_205827,2026-04-30,purchase,5000,30.0
2024,u_205827,2026-05-01,purchase,5000,30.0
2025,u_205832,2026-04-28,purchase,5000,30.0
2026,u_205834,2026-05-24,purchase,500,3.0
2027,u_205835,2026-04-06,purchase,5000,30.0
2028,u_205839,2026-05-21,purchase,500,3.0
2029,u_205840,2026-05-26,purchase,1500,9.0
2030,u_205842,2026-04-18,purchase,5000,30.0
2031,u_205845,2026-06-03,purchase,5000,30.0
2032,u_205854,2026-06-04,purchase,500,3.0
2033,u_205863,2026-04-07,purchase,1500,9.0
2034,u_205864,2026-06-04,purchase,5000,30.0
2035,u_205866,2026-05-18,purchase,1500,9.0
2036,u_205866,2026-05-18,purchase,1500,9.0
2037,u_205875,2026-06-25,purchase,1500,9.0
2038,u_205877,2026-06-26,purchase,1500,9.0
2039,u_205882,2026-04-16,purchase,1500,9.0
2040,u_205892,2026-06-17,purchase,1500,9.0
2041,u_205893,2026-04-20,purchase,5000,30.0
2042,u_205894,2026-06-10,purchase,1500,9.0
2043,u_205894,2026-06-09,purchase,500,3.0
2044,u_205895,2026-06-16,purchase,5000,30.0
2045,u_205895,2026-06-03,purchase,500,3.0
2046,u_205906,2026-06-20,purchase,500,3.0
2047,u_205908,2026-06-21,purchase,5000,30.0
2048,u_205909,2026-05-16,purchase,500,3.0
2049,u_205911,2026-03-11,purchase,5000,30.0
2050,u_205911,2026-03-23,purchase,500,3.0
2051,u_205912,2026-05-11,purchase,5000,30.0
2052,u_205913,2026-04-23,purchase,500,3.0
2053,u_205913,2026-04-13,purchase,5000,30.0
2054,u_205914,2026-03-14,purchase,1500,9.0
2055,u_205916,2026-06-08,purchase,5000,30.0
2056,u_205921,2026-04-25,purchase,5000,30.0
2057,u_205921,2026-04-29,refund,-2500,-15.0
2058,u_205926,2026-03-28,purchase,1500,9.0
2059,u_205926,2026-03-21,purchase,5000,30.0
2060,u_205926,2026-03-28,purchase,1500,9.0
2061,u_205933,2026-06-23,purchase,1500,9.0
2062,u_205941,2026-06-15,purchase,1500,9.0
2063,u_205943,2026-06-02,purchase,500,3.0
2064,u_205945,2026-03-08,purchase,1500,9.0
2065,u_205950,2026-06-10,purchase,500,3.0
2066,u_205950,2026-06-11,refund,-250,-1.5
2067,u_205950,2026-06-01,purchase,500,3.0
2068,u_205951,2026-05-19,purchase,5000,30.0
2069,u_205954,2026-05-18,purchase,500,3.0
2070,u_205957,2026-04-28,purchase,1500,9.0
2071,u_205960,2026-03-14,purchase,1500,9.0
2072,u_205962,2026-04-09,purchase,500,3.0
2073,u_205963,2026-06-14,purchase,500,3.0
2074,u_205963,2026-06-10,purchase,500,3.0
2075,u_205971,2026-04-04,purchase,5000,30.0
2076,u_205974,2026-04-27,purchase,1500,9.0
2077,u_205976,2026-06-13,purchase,500,3.0
2078,u_205982,2026-04-19,purchase,500,3.0
2079,u_205982,2026-04-08,purchase,500,3.0
2080,u_205982,2026-04-10,refund,-250,-1.5
2081,u_205991,2026-05-13,purchase,5000,30.0
2082,u_205997,2026-03-31,purchase,1500,9.0
2083,u_205999,2026-06-14,purchase,500,3.0
2084,u_206002,2026-05-21,purchase,500,3.0
2085,u_206005,2026-03-26,purchase,5000,30.0
2086,u_206005,2026-03-22,purchase,5000,30.0
2087,u_206006,2026-04-28,purchase,500,3.0
2088,u_206009,2026-05-20,purchase,1500,9.0
2089,u_206010,2026-06-15,purchase,5000,30.0
2090,u_206010,2026-06-16,purchase,5000,30.0
2091,u_206013,2026-06-02,purchase,1500,9.0
2092,u_206015,2026-05-29,purchase,500,3.0
2093,u_206020,2026-06-21,purchase,5000,30.0
2094,u_206020,2026-06-26,purchase,500,3.0
2095,u_206020,2026-06-17,purchase,5000,30.0
2096,u_206023,2026-04-09,purchase,5000,30.0
2097,u_206024,2026-04-21,purchase,500,3.0
2098,u_206026,2026-06-03,purchase,500,3.0
2099,u_206031,2026-04-29,purchase,500,3.0
2100,u_206034,2026-04-03,purchase,1500,9.0
2101,u_206036,2026-06-11,purchase,1500,9.0
2102,u_206039,2026-03-13,purchase,5000,30.0
2103,u_206039,2026-03-22,purchase,500,3.0
2104,u_206041,2026-05-22,purchase,500,3.0
2105,u_206041,2026-05-21,purchase,1500,9.0
2106,u_206042,2026-05-08,purchase,1500,9.0
2107,u_206043,2026-05-24,purchase,1500,9.0
2108,u_206047,2026-04-25,purchase,5000,30.0
2109,u_206047,2026-04-21,purchase,500,3.0
2110,u_206047,2026-04-17,purchase,5000,30.0
2111,u_206066,2026-05-04,purchase,1500,9.0
2112,u_206069,2026-03-19,purchase,500,3.0
2113,u_206072,2026-04-30,purchase,5000,30.0
2114,u_206072,2026-04-30,purchase,1500,9.0
2115,u_206076,2026-03-19,purchase,1500,9.0
2116,u_206077,2026-06-19,purchase,500,3.0
2117,u_206078,2026-05-28,purchase,1500,9.0
2118,u_206081,2026-04-05,purchase,1500,9.0
2119,u_206083,2026-05-31,purchase,1500,9.0
2120,u_206085,2026-04-19,purchase,500,3.0
2121,u_206086,2026-04-03,purchase,500,3.0
2122,u_206092,2026-04-15,purchase,1500,9.0
2123,u_206095,2026-05-05,purchase,5000,30.0
2124,u_206096,2026-05-16,purchase,1500,9.0
2125,u_206104,2026-06-01,purchase,5000,30.0
2126,u_206113,2026-04-24,purchase,5000,30.0
2127,u_206114,2026-04-17,purchase,500,3.0
2128,u_206114,2026-04-21,purchase,500,3.0
2129,u_206114,2026-04-19,purchase,5000,30.0
2130,u_206121,2026-03-25,purchase,1500,9.0
2131,u_206126,2026-05-14,purchase,500,3.0
2132,u_206131,2026-03-23,purchase,500,3.0
2133,u_206131,2026-03-18,purchase,500,3.0
2134,u_206133,2026-05-14,purchase,1500,9.0
2135,u_206134,2026-06-13,purchase,1500,9.0
2136,u_206134,2026-06-14,purchase,1500,9.0
2137,u_206137,2026-04-27,purchase,1500,9.0
2138,u_206137,2026-05-03,purchase,1500,9.0
2139,u_206138,2026-03-13,purchase,500,3.0
2140,u_206143,2026-06-14,purchase,1500,9.0
2141,u_206143,2026-06-01,purchase,1500,9.0
2142,u_206145,2026-06-21,purchase,1500,9.0
2143,u_206147,2026-06-01,purchase,5000,30.0
2144,u_206149,2026-03-16,purchase,1500,9.0
2145,u_206153,2026-05-29,purchase,500,3.0
2146,u_206156,2026-05-26,purchase,5000,30.0
2147,u_206165,2026-04-27,purchase,5000,30.0
2148,u_206165,2026-04-29,purchase,5000,30.0
2149,u_206166,2026-03-28,purchase,5000,30.0
2150,u_206171,2026-03-31,purchase,5000,30.0
2151,u_206173,2026-06-10,purchase,5000,30.0
2152,u_206175,2026-04-30,purchase,1500,9.0
2153,u_206176,2026-06-16,purchase,1500,9.0
2154,u_206183,2026-04-29,purchase,500,3.0
2155,u_206186,2026-06-20,purchase,5000,30.0
2156,u_206186,2026-06-27,purchase,5000,30.0
2157,u_206188,2026-06-19,purchase,5000,30.0
2158,u_206196,2026-06-15,purchase,5000,30.0
2159,u_206199,2026-04-05,purchase,5000,30.0
2160,u_206201,2026-03-13,purchase,5000,30.0
2161,u_206202,2026-05-01,purchase,5000,30.0
2162,u_206203,2026-05-28,purchase,1500,9.0
2163,u_206204,2026-04-12,purchase,500,3.0
2164,u_206209,2026-04-21,purchase,5000,30.0
2165,u_206216,2026-04-26,purchase,5000,30.0
2166,u_206219,2026-06-18,purchase,5000,30.0
2167,u_206224,2026-04-15,purchase,1500,9.0
2168,u_206230,2026-04-12,purchase,1500,9.0
2169,u_206234,2026-04-14,purchase,5000,30.0
2170,u_206237,2026-06-15,purchase,500,3.0
2171,u_206238,2026-04-30,purchase,500,3.0
2172,u_206242,2026-05-23,purchase,5000,30.0
2173,u_206245,2026-03-13,purchase,5000,30.0
2174,u_206250,2026-03-31,purchase,1500,9.0
2175,u_206250,2026-03-23,purchase,500,3.0
2176,u_206255,2026-03-22,purchase,500,3.0
2177,u_206258,2026-04-07,purchase,500,3.0
2178,u_206259,2026-05-22,purchase,5000,30.0
2179,u_206260,2026-05-19,purchase,5000,30.0
2180,u_206268,2026-03-14,purchase,5000,30.0
2181,u_206271,2026-04-30,purchase,5000,30.0
2182,u_206272,2026-03-16,purchase,500,3.0
2183,u_206274,2026-05-09,purchase,1500,9.0
2184,u_206274,2026-05-18,purchase,5000,30.0
2185,u_206275,2026-05-13,purchase,500,3.0
2186,u_206280,2026-03-19,purchase,1500,9.0
2187,u_206281,2026-05-18,purchase,500,3.0
2188,u_206282,2026-03-25,purchase,1500,9.0
2189,u_206282,2026-03-14,purchase,5000,30.0
2190,u_206286,2026-06-19,purchase,1500,9.0
2191,u_206288,2026-03-28,purchase,1500,9.0
2192,u_206289,2026-03-14,purchase,500,3.0
2193,u_206290,2026-03-20,purchase,5000,30.0
2194,u_206291,2026-04-14,purchase,5000,30.0
2195,u_206291,2026-04-11,purchase,500,3.0
2196,u_206291,2026-04-16,purchase,5000,30.0
2197,u_206293,2026-05-11,purchase,1500,9.0
2198,u_206294,2026-03-27,purchase,500,3.0
2199,u_206300,2026-06-27,purchase,1500,9.0
2200,u_206301,2026-03-12,purchase,5000,30.0
2201,u_206303,2026-05-02,purchase,1500,9.0
2202,u_206304,2026-03-15,purchase,5000,30.0
2203,u_206306,2026-05-26,purchase,5000,30.0
2204,u_206307,2026-03-12,purchase,5000,30.0
2205,u_206313,2026-04-15,purchase,500,3.0
2206,u_206317,2026-06-20,purchase,1500,9.0
2207,u_206317,2026-06-13,purchase,500,3.0
2208,u_206318,2026-03-31,purchase,500,3.0
2209,u_206319,2026-06-16,purchase,500,3.0
2210,u_206321,2026-03-16,purchase,5000,30.0
2211,u_206329,2026-04-20,purchase,1500,9.0
2212,u_206334,2026-04-01,purchase,1500,9.0
2213,u_206335,2026-04-06,purchase,5000,30.0
2214,u_206335,2026-04-18,purchase,1500,9.0
2215,u_206347,2026-04-22,purchase,5000,30.0
2216,u_206347,2026-04-14,purchase,5000,30.0
2217,u_206349,2026-05-11,purchase,500,3.0
2218,u_206352,2026-06-16,purchase,500,3.0
2219,u_206353,2026-05-30,purchase,5000,30.0
2220,u_206354,2026-06-22,purchase,500,3.0
2221,u_206357,2026-06-10,purchase,5000,30.0
2222,u_206358,2026-06-25,purchase,5000,30.0
2223,u_206362,2026-03-16,purchase,500,3.0
2224,u_206362,2026-03-20,purchase,5000,30.0
2225,u_206369,2026-04-29,purchase,5000,30.0
2226,u_206370,2026-04-23,purchase,5000,30.0
2227,u_206370,2026-05-04,purchase,500,3.0
2228,u_206371,2026-05-10,purchase,1500,9.0
2229,u_206371,2026-05-05,purchase,500,3.0
2230,u_206376,2026-05-21,purchase,1500,9.0
2231,u_206387,2026-04-05,purchase,1500,9.0
2232,u_206388,2026-05-29,purchase,5000,30.0
2233,u_206392,2026-05-07,purchase,1500,9.0
2234,u_206393,2026-05-13,purchase,500,3.0
2235,u_206399,2026-06-19,purchase,1500,9.0
2236,u_206401,2026-05-10,purchase,1500,9.0
2237,u_206403,2026-05-02,purchase,1500,9.0
2238,u_206406,2026-04-09,purchase,5000,30.0
2239,u_206406,2026-04-09,purchase,1500,9.0
2240,u_206410,2026-05-24,purchase,500,3.0
2241,u_206410,2026-05-27,refund,-250,-1.5
2242,u_206412,2026-05-15,purchase,1500,9.0
2243,u_206413,2026-05-26,purchase,5000,30.0
2244,u_206420,2026-04-19,purchase,5000,30.0
2245,u_206424,2026-06-03,purchase,1500,9.0
2246,u_206427,2026-05-21,purchase,5000,30.0
2247,u_206429,2026-03-22,purchase,5000,30.0
2248,u_206431,2026-05-03,purchase,500,3.0
2249,u_206432,2026-04-24,purchase,5000,30.0
2250,u_206437,2026-06-02,purchase,500,3.0
2251,u_206438,2026-04-13,purchase,5000,30.0
2252,u_206439,2026-03-09,purchase,5000,30.0
2253,u_206439,2026-03-06,purchase,5000,30.0
2254,u_206440,2026-05-21,purchase,5000,30.0
2255,u_206446,2026-05-26,purchase,1500,9.0
2256,u_206450,2026-05-25,purchase,5000,30.0
2257,u_206451,2026-05-26,purchase,1500,9.0
2258,u_206455,2026-04-20,purchase,500,3.0
2259,u_206456,2026-06-18,purchase,1500,9.0
2260,u_206459,2026-04-15,purchase,1500,9.0
2261,u_206462,2026-04-15,purchase,500,3.0
2262,u_206470,2026-05-26,purchase,1500,9.0
2263,u_206472,2026-06-05,purchase,500,3.0
2264,u_206477,2026-04-10,purchase,500,3.0
2265,u_206479,2026-05-19,purchase,500,3.0
2266,u_206480,2026-05-28,purchase,5000,30.0
2267,u_206480,2026-06-01,purchase,1500,9.0
2268,u_206482,2026-03-16,purchase,500,3.0
2269,u_206488,2026-04-02,purchase,5000,30.0
2270,u_206491,2026-06-08,purchase,1500,9.0
2271,u_206493,2026-06-05,purchase,500,3.0
2272,u_206495,2026-03-13,purchase,5000,30.0
2273,u_206498,2026-03-13,purchase,500,3.0
2274,u_206499,2026-05-02,purchase,5000,30.0
2275,u_206501,2026-04-01,purchase,1500,9.0
2276,u_206503,2026-04-27,purchase,500,3.0
2277,u_206505,2026-04-12,purchase,5000,30.0
2278,u_206511,2026-05-28,purchase,1500,9.0
2279,u_206511,2026-05-29,refund,-750,-4.5
2280,u_206513,2026-04-06,purchase,5000,30.0
2281,u_206514,2026-04-19,purchase,1500,9.0
2282,u_206518,2026-03-28,purchase,1500,9.0
2283,u_206522,2026-04-11,purchase,5000,30.0
2284,u_206523,2026-03-28,purchase,500,3.0
2285,u_206524,2026-05-19,purchase,1500,9.0
2286,u_206530,2026-04-16,purchase,500,3.0
2287,u_206530,2026-04-19,refund,-250,-1.5
2288,u_206531,2026-05-17,purchase,5000,30.0
2289,u_206531,2026-05-24,purchase,5000,30.0
2290,u_206532,2026-04-20,purchase,1500,9.0
2291,u_206532,2026-04-10,purchase,1500,9.0
2292,u_206533,2026-05-31,purchase,5000,30.0
2293,u_206539,2026-05-14,purchase,1500,9.0
2294,u_206539,2026-05-15,refund,-750,-4.5
2295,u_206543,2026-05-19,purchase,1500,9.0
2296,u_206544,2026-04-30,purchase,1500,9.0
2297,u_206544,2026-04-29,purchase,1500,9.0
2298,u_206567,2026-04-24,purchase,5000,30.0
2299,u_206568,2026-06-23,purchase,500,3.0
2300,u_206571,2026-04-08,purchase,1500,9.0
2301,u_206572,2026-03-13,purchase,5000,30.0
2302,u_206573,2026-03-07,purchase,1500,9.0
2303,u_206573,2026-03-11,purchase,500,3.0
2304,u_206579,2026-06-08,purchase,500,3.0
2305,u_206579,2026-06-11,refund,-250,-1.5
2306,u_206581,2026-03-23,purchase,1500,9.0
2307,u_206583,2026-06-01,purchase,500,3.0
2308,u_206589,2026-06-01,purchase,5000,30.0
2309,u_206593,2026-03-27,purchase,1500,9.0
2310,u_206594,2026-06-04,purchase,1500,9.0
2311,u_206596,2026-04-27,purchase,5000,30.0
2312,u_206600,2026-05-04,purchase,5000,30.0
2313,u_206601,2026-03-25,purchase,1500,9.0
2314,u_206603,2026-04-23,purchase,1500,9.0
2315,u_206607,2026-04-29,purchase,5000,30.0
2316,u_206607,2026-05-06,purchase,500,3.0
2317,u_206612,2026-05-18,purchase,1500,9.0
2318,u_206618,2026-03-28,purchase,5000,30.0
2319,u_206624,2026-04-28,purchase,1500,9.0
2320,u_206638,2026-04-03,purchase,1500,9.0
2321,u_206638,2026-03-26,purchase,1500,9.0
2322,u_206638,2026-03-27,refund,-750,-4.5
2323,u_206638,2026-04-01,purchase,1500,9.0
2324,u_206639,2026-04-01,purchase,500,3.0
2325,u_206649,2026-04-05,purchase,500,3.0
2326,u_206655,2026-04-02,purchase,1500,9.0
2327,u_206660,2026-05-30,purchase,5000,30.0
2328,u_206663,2026-04-17,purchase,1500,9.0
2329,u_206666,2026-06-09,purchase,500,3.0
2330,u_206668,2026-04-24,purchase,5000,30.0
2331,u_206676,2026-03-11,purchase,500,3.0
2332,u_206685,2026-04-16,purchase,5000,30.0
2333,u_206686,2026-04-05,purchase,1500,9.0
2334,u_206692,2026-05-21,purchase,500,3.0
2335,u_206697,2026-03-31,purchase,500,3.0
2336,u_206699,2026-06-07,purchase,5000,30.0
2337,u_206708,2026-04-24,purchase,1500,9.0
2338,u_206708,2026-04-29,purchase,500,3.0
2339,u_206712,2026-04-17,purchase,5000,30.0
2340,u_206716,2026-04-02,purchase,5000,30.0
2341,u_206722,2026-03-18,purchase,500,3.0
2342,u_206726,2026-05-15,purchase,5000,30.0
2343,u_206740,2026-03-20,purchase,5000,30.0
2344,u_206744,2026-06-21,purchase,500,3.0
2345,u_206751,2026-06-10,purchase,500,3.0
2346,u_206755,2026-04-01,purchase,5000,30.0
2347,u_206755,2026-04-06,purchase,5000,30.0
2348,u_206757,2026-05-09,purchase,5000,30.0
2349,u_206758,2026-04-27,purchase,5000,30.0
2350,u_206763,2026-05-08,purchase,500,3.0
2351,u_206766,2026-05-07,purchase,5000,30.0
2352,u_206768,2026-06-09,purchase,500,3.0
2353,u_206774,2026-04-09,purchase,5000,30.0
2354,u_206775,2026-04-28,purchase,5000,30.0
2355,u_206775,2026-04-25,purchase,1500,9.0
2356,u_206780,2026-05-02,purchase,500,3.0
2357,u_206781,2026-05-25,purchase,500,3.0
2358,u_206791,2026-06-14,purchase,500,3.0
2359,u_206791,2026-06-17,purchase,500,3.0
2360,u_206792,2026-04-19,purchase,500,3.0
2361,u_206793,2026-06-05,purchase,1500,9.0
2362,u_206793,2026-06-04,purchase,5000,30.0
2363,u_206802,2026-04-20,purchase,500,3.0
2364,u_206804,2026-04-03,purchase,1500,9.0
2365,u_206813,2026-05-01,purchase,5000,30.0
2366,u_206817,2026-06-10,purchase,5000,30.0
2367,u_206823,2026-06-18,purchase,500,3.0
2368,u_206825,2026-04-08,purchase,5000,30.0
2369,u_206825,2026-04-19,purchase,1500,9.0
2370,u_206827,2026-05-10,purchase,1500,9.0
2371,u_206828,2026-04-05,purchase,1500,9.0
2372,u_206833,2026-04-11,purchase,1500,9.0
2373,u_206833,2026-04-12,purchase,500,3.0
2374,u_206833,2026-04-18,purchase,1500,9.0
2375,u_206834,2026-04-16,purchase,5000,30.0
2376,u_206836,2026-04-09,purchase,5000,30.0
2377,u_206837,2026-06-21,purchase,1500,9.0
2378,u_206838,2026-04-11,purchase,5000,30.0
2379,u_206838,2026-04-02,purchase,500,3.0
2380,u_206839,2026-03-14,purchase,1500,9.0
2381,u_206841,2026-06-13,purchase,5000,30.0
2382,u_206851,2026-06-12,purchase,500,3.0
2383,u_206852,2026-06-10,purchase,5000,30.0
2384,u_206853,2026-04-09,purchase,5000,30.0
2385,u_206854,2026-04-12,purchase,1500,9.0
2386,u_206855,2026-04-22,purchase,5000,30.0
2387,u_206857,2026-04-07,purchase,5000,30.0
2388,u_206859,2026-05-16,purchase,500,3.0
2389,u_206863,2026-03-31,purchase,500,3.0
2390,u_206865,2026-05-10,purchase,1500,9.0
2391,u_206867,2026-06-01,purchase,5000,30.0
2392,u_206872,2026-03-25,purchase,500,3.0
2393,u_206880,2026-03-22,purchase,1500,9.0
2394,u_206882,2026-05-13,purchase,1500,9.0
2395,u_206882,2026-05-15,purchase,5000,30.0
2396,u_206883,2026-06-18,purchase,5000,30.0
2397,u_206885,2026-05-10,purchase,5000,30.0
2398,u_206891,2026-06-28,purchase,500,3.0
2399,u_206897,2026-04-09,purchase,1500,9.0
2400,u_206898,2026-04-21,purchase,5000,30.0
2401,u_206900,2026-03-05,purchase,1500,9.0
2402,u_206902,2026-05-20,purchase,1500,9.0
2403,u_206906,2026-04-01,purchase,5000,30.0
2404,u_206907,2026-04-12,purchase,1500,9.0
2405,u_206913,2026-05-01,purchase,1500,9.0
2406,u_206920,2026-03-27,purchase,500,3.0
2407,u_206923,2026-05-15,purchase,1500,9.0
2408,u_206923,2026-05-18,refund,-750,-4.5
2409,u_206924,2026-03-09,purchase,500,3.0
2410,u_206929,2026-05-08,purchase,500,3.0
2411,u_206935,2026-04-24,purchase,5000,30.0
2412,u_206935,2026-05-01,purchase,5000,30.0
2413,u_206942,2026-06-20,purchase,500,3.0
2414,u_206945,2026-06-02,purchase,5000,30.0
2415,u_206948,2026-03-27,purchase,5000,30.0
2416,u_206948,2026-03-29,purchase,500,3.0
2417,u_206952,2026-05-01,purchase,500,3.0
2418,u_206953,2026-04-16,purchase,500,3.0
2419,u_206958,2026-04-03,purchase,500,3.0
2420,u_206958,2026-04-05,refund,-250,-1.5
2421,u_206964,2026-05-31,purchase,500,3.0
2422,u_206968,2026-05-04,purchase,500,3.0
2423,u_206968,2026-05-06,refund,-250,-1.5
2424,u_206971,2026-05-11,purchase,1500,9.0
2425,u_206980,2026-06-10,purchase,1500,9.0
2426,u_206983,2026-04-01,purchase,5000,30.0
2427,u_206991,2026-03-30,purchase,1500,9.0
2428,u_206992,2026-03-17,purchase,5000,30.0
2429,u_206992,2026-03-20,purchase,5000,30.0
2430,u_207005,2026-06-04,purchase,500,3.0
2431,u_207008,2026-03-30,purchase,1500,9.0
2432,u_207010,2026-04-18,purchase,5000,30.0
2433,u_207010,2026-04-17,purchase,5000,30.0
2434,u_207011,2026-05-24,purchase,1500,9.0
2435,u_207012,2026-03-15,purchase,5000,30.0
2436,u_207017,2026-03-12,purchase,5000,30.0
2437,u_207018,2026-06-19,purchase,1500,9.0
2438,u_207021,2026-03-23,purchase,500,3.0
2439,u_207021,2026-03-26,refund,-250,-1.5
2440,u_207022,2026-06-06,purchase,1500,9.0
2441,u_207028,2026-06-26,purchase,1500,9.0
2442,u_207029,2026-05-09,purchase,500,3.0
2443,u_207029,2026-05-02,purchase,500,3.0
2444,u_207031,2026-03-20,purchase,1500,9.0
2445,u_207033,2026-05-12,purchase,5000,30.0
2446,u_207034,2026-06-17,purchase,5000,30.0
2447,u_207050,2026-05-26,purchase,1500,9.0
2448,u_207051,2026-04-15,purchase,1500,9.0
2449,u_207054,2026-05-27,purchase,500,3.0
2450,u_207056,2026-05-23,purchase,1500,9.0
2451,u_207061,2026-06-14,purchase,5000,30.0
2452,u_207061,2026-06-12,purchase,1500,9.0
2453,u_207065,2026-06-05,purchase,5000,30.0
2454,u_207068,2026-04-17,purchase,5000,30.0
2455,u_207072,2026-03-12,purchase,500,3.0
2456,u_207075,2026-05-30,purchase,1500,9.0
2457,u_207076,2026-04-09,purchase,5000,30.0
2458,u_207077,2026-03-20,purchase,5000,30.0
2459,u_207097,2026-03-23,purchase,500,3.0
2460,u_207100,2026-04-27,purchase,1500,9.0
2461,u_207101,2026-05-24,purchase,1500,9.0
2462,u_207102,2026-04-03,purchase,5000,30.0
2463,u_207109,2026-06-10,purchase,500,3.0
2464,u_207109,2026-06-03,purchase,1500,9.0
2465,u_207120,2026-03-20,purchase,1500,9.0
2466,u_207121,2026-04-20,purchase,1500,9.0
2467,u_207122,2026-04-25,purchase,1500,9.0
2468,u_207123,2026-04-11,purchase,500,3.0
2469,u_207124,2026-04-13,purchase,500,3.0
2470,u_207125,2026-04-14,purchase,5000,30.0
2471,u_207126,2026-04-20,purchase,1500,9.0
2472,u_207126,2026-04-15,purchase,1500,9.0
2473,u_207127,2026-06-06,purchase,5000,30.0
2474,u_207130,2026-03-29,purchase,500,3.0
2475,u_207131,2026-06-26,purchase,1500,9.0
2476,u_207131,2026-06-23,purchase,5000,30.0
2477,u_207131,2026-06-13,purchase,5000,30.0
2478,u_207140,2026-05-22,purchase,5000,30.0
2479,u_207141,2026-03-28,purchase,1500,9.0
2480,u_207144,2026-05-14,purchase,5000,30.0
2481,u_207145,2026-05-23,purchase,5000,30.0
2482,u_207146,2026-06-27,purchase,5000,30.0
2483,u_207151,2026-04-27,purchase,5000,30.0
2484,u_207151,2026-04-24,purchase,500,3.0
2485,u_207155,2026-06-12,purchase,500,3.0
2486,u_207162,2026-06-18,purchase,1500,9.0
2487,u_207164,2026-04-17,purchase,1500,9.0
2488,u_207169,2026-05-31,purchase,500,3.0
2489,u_207169,2026-05-20,purchase,500,3.0
2490,u_207177,2026-06-06,purchase,5000,30.0
2491,u_207182,2026-04-26,purchase,1500,9.0
2492,u_207182,2026-05-06,purchase,500,3.0
2493,u_207197,2026-05-14,purchase,1500,9.0
2494,u_207198,2026-06-16,purchase,500,3.0
2495,u_207198,2026-06-12,purchase,500,3.0
2496,u_207200,2026-05-08,purchase,1500,9.0
2497,u_207206,2026-03-29,purchase,1500,9.0
2498,u_207206,2026-03-30,purchase,1500,9.0
2499,u_207208,2026-03-15,purchase,5000,30.0
2500,u_207209,2026-03-11,purchase,1500,9.0
2501,u_207216,2026-06-11,purchase,500,3.0
2502,u_207217,2026-06-03,purchase,500,3.0
2503,u_207217,2026-05-30,purchase,1500,9.0
2504,u_207222,2026-05-26,purchase,5000,30.0
2505,u_207223,2026-06-11,purchase,1500,9.0
2506,u_207229,2026-05-29,purchase,1500,9.0
2507,u_207229,2026-06-11,purchase,1500,9.0
2508,u_207230,2026-03-17,purchase,5000,30.0
2509,u_207231,2026-03-19,purchase,1500,9.0
2510,u_207231,2026-03-25,purchase,5000,30.0
2511,u_207233,2026-06-01,purchase,5000,30.0
2512,u_207233,2026-05-20,purchase,5000,30.0
2513,u_207233,2026-05-21,purchase,1500,9.0
2514,u_207248,2026-06-19,purchase,1500,9.0
2515,u_207248,2026-06-25,purchase,5000,30.0
2516,u_207249,2026-06-19,purchase,500,3.0
2517,u_207253,2026-05-10,purchase,500,3.0
2518,u_207260,2026-04-08,purchase,5000,30.0
2519,u_207260,2026-04-07,purchase,5000,30.0
2520,u_207263,2026-03-27,purchase,1500,9.0
2521,u_207265,2026-05-22,purchase,1500,9.0
2522,u_207265,2026-05-27,purchase,5000,30.0
2523,u_207267,2026-05-31,purchase,500,3.0
2524,u_207268,2026-03-17,purchase,1500,9.0
2525,u_207269,2026-04-26,purchase,5000,30.0
2526,u_207271,2026-04-03,purchase,5000,30.0
2527,u_207275,2026-04-11,purchase,1500,9.0
2528,u_207275,2026-04-19,purchase,500,3.0
2529,u_207276,2026-05-07,purchase,500,3.0
2530,u_207281,2026-05-03,purchase,500,3.0
2531,u_207283,2026-06-20,purchase,500,3.0
2532,u_207286,2026-05-04,purchase,5000,30.0
2533,u_207288,2026-06-22,purchase,500,3.0
2534,u_207300,2026-04-01,purchase,500,3.0
2535,u_207302,2026-03-27,purchase,1500,9.0
2536,u_207303,2026-06-15,purchase,500,3.0
2537,u_207305,2026-05-14,purchase,1500,9.0
2538,u_207306,2026-05-26,purchase,5000,30.0
2539,u_207307,2026-03-16,purchase,500,3.0
2540,u_207311,2026-06-19,purchase,500,3.0
2541,u_207313,2026-03-27,purchase,500,3.0
2542,u_207321,2026-04-17,purchase,1500,9.0
2543,u_207321,2026-04-10,purchase,5000,30.0
2544,u_207325,2026-03-28,purchase,5000,30.0
2545,u_207325,2026-03-21,purchase,1500,9.0
2546,u_207328,2026-03-25,purchase,500,3.0
2547,u_207329,2026-06-25,purchase,500,3.0
2548,u_207331,2026-04-25,purchase,500,3.0
2549,u_207336,2026-03-23,purchase,5000,30.0
2550,u_207338,2026-03-23,purchase,5000,30.0
2551,u_207340,2026-04-11,purchase,1500,9.0
2552,u_207341,2026-04-05,purchase,5000,30.0
2553,u_207342,2026-05-08,purchase,5000,30.0
2554,u_207350,2026-06-15,purchase,5000,30.0
2555,u_207352,2026-05-28,purchase,5000,30.0
2556,u_207356,2026-04-18,purchase,1500,9.0
2557,u_207356,2026-04-28,purchase,1500,9.0
2558,u_207356,2026-04-22,purchase,500,3.0
2559,u_207357,2026-05-25,purchase,500,3.0
2560,u_207360,2026-04-08,purchase,1500,9.0
2561,u_207363,2026-05-30,purchase,1500,9.0
2562,u_207364,2026-05-30,purchase,500,3.0
2563,u_207368,2026-04-17,purchase,500,3.0
2564,u_207371,2026-03-10,purchase,5000,30.0
2565,u_207372,2026-06-25,purchase,500,3.0
2566,u_207373,2026-05-17,purchase,500,3.0
2567,u_207373,2026-05-09,purchase,1500,9.0
2568,u_207380,2026-06-20,purchase,1500,9.0
2569,u_207380,2026-06-18,purchase,5000,30.0
2570,u_207380,2026-06-17,purchase,5000,30.0
2571,u_207382,2026-05-16,purchase,5000,30.0
2572,u_207385,2026-03-27,purchase,5000,30.0
2573,u_207385,2026-04-01,purchase,500,3.0
2574,u_207387,2026-06-06,purchase,500,3.0
2575,u_207395,2026-05-05,purchase,500,3.0
2576,u_207399,2026-06-26,purchase,500,3.0
2577,u_207399,2026-06-19,purchase,5000,30.0
2578,u_207403,2026-05-22,purchase,500,3.0
2579,u_207404,2026-05-30,purchase,5000,30.0
2580,u_207409,2026-03-11,purchase,1500,9.0
2581,u_207411,2026-04-12,purchase,500,3.0
2582,u_207416,2026-03-30,purchase,500,3.0
2583,u_207417,2026-06-13,purchase,1500,9.0
2584,u_207417,2026-06-25,purchase,1500,9.0
2585,u_207418,2026-03-31,purchase,1500,9.0
2586,u_207418,2026-03-28,purchase,5000,30.0
2587,u_207424,2026-05-19,purchase,5000,30.0
2588,u_207425,2026-06-15,purchase,1500,9.0
2589,u_207425,2026-06-14,purchase,5000,30.0
2590,u_207426,2026-05-27,purchase,500,3.0
2591,u_207429,2026-04-09,purchase,1500,9.0
2592,u_207432,2026-03-07,purchase,500,3.0
2593,u_207437,2026-04-28,purchase,5000,30.0
2594,u_207439,2026-06-06,purchase,5000,30.0
2595,u_207440,2026-06-03,purchase,1500,9.0
2596,u_207442,2026-05-24,purchase,5000,30.0
2597,u_207443,2026-06-18,purchase,1500,9.0
2598,u_207448,2026-06-16,purchase,1500,9.0
2599,u_207450,2026-04-13,purchase,5000,30.0
2600,u_207451,2026-04-06,purchase,5000,30.0
2601,u_207457,2026-05-04,purchase,5000,30.0
2602,u_207465,2026-04-30,purchase,5000,30.0
2603,u_207466,2026-04-13,purchase,5000,30.0
2604,u_207471,2026-03-27,purchase,500,3.0
2605,u_207473,2026-05-05,purchase,1500,9.0
2606,u_207475,2026-06-15,purchase,500,3.0
2607,u_207477,2026-05-01,purchase,5000,30.0
2608,u_207478,2026-04-03,purchase,5000,30.0
2609,u_207479,2026-05-27,purchase,5000,30.0
2610,u_207479,2026-05-29,refund,-2500,-15.0
2611,u_207480,2026-06-09,purchase,500,3.0
2612,u_207482,2026-06-21,purchase,500,3.0
2613,u_207482,2026-06-25,purchase,500,3.0
2614,u_207483,2026-04-29,purchase,500,3.0
2615,u_207488,2026-06-02,purchase,5000,30.0
2616,u_207490,2026-05-27,purchase,500,3.0
2617,u_207492,2026-04-23,purchase,1500,9.0
2618,u_207496,2026-04-05,purchase,1500,9.0
2619,u_207508,2026-05-05,purchase,1500,9.0
2620,u_207514,2026-04-12,purchase,500,3.0
2621,u_207522,2026-05-24,purchase,1500,9.0
2622,u_207524,2026-03-15,purchase,500,3.0
2623,u_207529,2026-04-30,purchase,500,3.0
2624,u_207533,2026-04-29,purchase,500,3.0
2625,u_207537,2026-04-07,purchase,5000,30.0
2626,u_207538,2026-03-30,purchase,5000,30.0
2627,u_207539,2026-06-05,purchase,500,3.0
2628,u_207543,2026-06-05,purchase,1500,9.0
2629,u_207544,2026-06-25,purchase,5000,30.0
2630,u_207548,2026-05-20,purchase,500,3.0
2631,u_207548,2026-05-21,purchase,500,3.0
2632,u_207548,2026-05-11,purchase,1500,9.0
2633,u_207550,2026-04-27,purchase,500,3.0
2634,u_207552,2026-06-10,purchase,1500,9.0
2635,u_207554,2026-03-09,purchase,5000,30.0
2636,u_207557,2026-06-11,purchase,500,3.0
2637,u_207558,2026-05-27,purchase,5000,30.0
2638,u_207561,2026-05-20,purchase,500,3.0
2639,u_207561,2026-05-28,purchase,500,3.0
2640,u_207567,2026-05-08,purchase,5000,30.0
2641,u_207572,2026-05-05,purchase,500,3.0
2642,u_207574,2026-04-06,purchase,1500,9.0
2643,u_207575,2026-04-19,purchase,5000,30.0
2644,u_207575,2026-04-14,purchase,1500,9.0
2645,u_207577,2026-05-21,purchase,500,3.0
2646,u_207577,2026-05-23,purchase,500,3.0
2647,u_207578,2026-06-21,purchase,500,3.0
2648,u_207584,2026-06-02,purchase,500,3.0
2649,u_207585,2026-03-25,purchase,500,3.0
2650,u_207589,2026-04-22,purchase,500,3.0
2651,u_207598,2026-04-29,purchase,5000,30.0
2652,u_207610,2026-03-11,purchase,5000,30.0
2653,u_207615,2026-03-09,purchase,1500,9.0
2654,u_207618,2026-04-30,purchase,1500,9.0
2655,u_207621,2026-05-31,purchase,5000,30.0
2656,u_207627,2026-06-02,purchase,5000,30.0
2657,u_207628,2026-06-14,purchase,5000,30.0
2658,u_207634,2026-03-06,purchase,500,3.0
2659,u_207642,2026-04-10,purchase,1500,9.0
2660,u_207648,2026-03-15,purchase,5000,30.0
2661,u_207648,2026-03-16,purchase,5000,30.0
2662,u_207649,2026-05-17,purchase,500,3.0
2663,u_207652,2026-04-14,purchase,1500,9.0
2664,u_207653,2026-05-28,purchase,1500,9.0
2665,u_207654,2026-05-06,purchase,5000,30.0
2666,u_207656,2026-06-08,purchase,1500,9.0
2667,u_207658,2026-04-19,purchase,5000,30.0
2668,u_207660,2026-03-21,purchase,5000,30.0
2669,u_207662,2026-06-20,purchase,500,3.0
2670,u_207668,2026-04-09,purchase,5000,30.0
2671,u_207672,2026-05-23,purchase,5000,30.0
2672,u_207675,2026-06-28,purchase,1500,9.0
2673,u_207676,2026-04-15,purchase,1500,9.0
2674,u_207681,2026-04-18,purchase,1500,9.0
2675,u_207685,2026-06-20,purchase,500,3.0
2676,u_207693,2026-04-18,purchase,1500,9.0
2677,u_207697,2026-04-29,purchase,500,3.0
2678,u_207700,2026-05-03,purchase,5000,30.0
2679,u_207705,2026-05-19,purchase,5000,30.0
2680,u_207707,2026-04-12,purchase,500,3.0
2681,u_207715,2026-05-17,purchase,500,3.0
2682,u_207717,2026-04-25,purchase,5000,30.0
2683,u_207718,2026-06-23,purchase,1500,9.0
2684,u_207723,2026-06-06,purchase,1500,9.0
2685,u_207733,2026-03-14,purchase,500,3.0
2686,u_207733,2026-03-24,purchase,5000,30.0
2687,u_207739,2026-03-15,purchase,5000,30.0
2688,u_207739,2026-03-11,purchase,500,3.0
2689,u_207741,2026-03-19,purchase,1500,9.0
2690,u_207747,2026-03-22,purchase,500,3.0
2691,u_207751,2026-04-26,purchase,500,3.0
2692,u_207765,2026-03-07,purchase,500,3.0
2693,u_207768,2026-06-17,purchase,5000,30.0
2694,u_207777,2026-06-14,purchase,1500,9.0
2695,u_207778,2026-05-07,purchase,500,3.0
2696,u_207780,2026-05-07,purchase,500,3.0
2697,u_207781,2026-03-10,purchase,5000,30.0
2698,u_207787,2026-04-02,purchase,500,3.0
2699,u_207787,2026-04-06,refund,-250,-1.5
2700,u_207788,2026-03-03,purchase,500,3.0
2701,u_207790,2026-05-18,purchase,500,3.0
2702,u_207790,2026-05-17,purchase,500,3.0
2703,u_207791,2026-03-21,purchase,5000,30.0
2704,u_207791,2026-03-16,purchase,1500,9.0
2705,u_207793,2026-06-02,purchase,500,3.0
2706,u_207796,2026-06-20,purchase,1500,9.0
2707,u_207796,2026-06-15,purchase,5000,30.0
2708,u_207798,2026-06-16,purchase,500,3.0
2709,u_207802,2026-06-08,purchase,5000,30.0
2710,u_207804,2026-04-13,purchase,500,3.0
2711,u_207806,2026-04-08,purchase,500,3.0
2712,u_207812,2026-05-13,purchase,1500,9.0
2713,u_207814,2026-03-23,purchase,1500,9.0
2714,u_207814,2026-03-27,purchase,1500,9.0
2715,u_207816,2026-03-28,purchase,1500,9.0
2716,u_207817,2026-05-21,purchase,5000,30.0
2717,u_207819,2026-04-10,purchase,500,3.0
2718,u_207830,2026-04-07,purchase,1500,9.0
2719,u_207830,2026-04-11,refund,-750,-4.5
2720,u_207832,2026-04-18,purchase,1500,9.0
2721,u_207833,2026-04-18,purchase,1500,9.0
2722,u_207833,2026-04-14,purchase,500,3.0
2723,u_207833,2026-04-22,purchase,5000,30.0
2724,u_207833,2026-04-23,refund,-2500,-15.0
2725,u_207834,2026-06-15,purchase,500,3.0
2726,u_207836,2026-04-02,purchase,5000,30.0
2727,u_207841,2026-06-12,purchase,5000,30.0
2728,u_207841,2026-06-21,purchase,500,3.0
2729,u_207843,2026-03-30,purchase,5000,30.0
2730,u_207849,2026-04-23,purchase,500,3.0
2731,u_207853,2026-06-18,purchase,5000,30.0
2732,u_207853,2026-06-23,purchase,1500,9.0
2733,u_207856,2026-05-29,purchase,1500,9.0
2734,u_207867,2026-04-27,purchase,1500,9.0
2735,u_207870,2026-06-08,purchase,5000,30.0
2736,u_207870,2026-05-28,purchase,5000,30.0
2737,u_207881,2026-03-22,purchase,5000,30.0
2738,u_207885,2026-03-26,purchase,500,3.0
2739,u_207888,2026-05-12,purchase,5000,30.0
2740,u_207894,2026-06-23,purchase,1500,9.0
2741,u_207895,2026-06-12,purchase,1500,9.0
2742,u_207897,2026-03-04,purchase,500,3.0
2743,u_207899,2026-05-05,purchase,500,3.0
2744,u_207899,2026-04-23,purchase,5000,30.0
2745,u_207900,2026-04-14,purchase,5000,30.0
2746,u_207909,2026-03-20,purchase,500,3.0
2747,u_207910,2026-06-20,purchase,1500,9.0
2748,u_207914,2026-03-20,purchase,1500,9.0
2749,u_207914,2026-03-10,purchase,1500,9.0
2750,u_207914,2026-03-23,purchase,500,3.0
2751,u_207914,2026-03-14,purchase,500,3.0
2752,u_207916,2026-03-27,purchase,500,3.0
2753,u_207921,2026-06-20,purchase,5000,30.0
2754,u_207931,2026-05-26,purchase,500,3.0
2755,u_207939,2026-05-04,purchase,1500,9.0
2756,u_207939,2026-05-06,refund,-750,-4.5
2757,u_207946,2026-06-13,purchase,500,3.0
2758,u_207952,2026-06-14,purchase,1500,9.0
2759,u_207952,2026-06-23,purchase,500,3.0
2760,u_207957,2026-03-15,purchase,1500,9.0
2761,u_207960,2026-05-26,purchase,5000,30.0
2762,u_207960,2026-06-06,purchase,5000,30.0
2763,u_207960,2026-05-28,purchase,5000,30.0
2764,u_207962,2026-05-24,purchase,5000,30.0
2765,u_207963,2026-05-11,purchase,500,3.0
2766,u_207969,2026-06-25,purchase,5000,30.0
2767,u_207969,2026-06-25,purchase,5000,30.0
2768,u_207975,2026-06-04,purchase,5000,30.0
2769,u_207984,2026-05-21,purchase,500,3.0
2770,u_207988,2026-06-18,purchase,5000,30.0
