user_id,signup_date,acquisition_channel,country,platform,plan_tier,age_bucket,app_version,os_version
u_200000,2026-04-17,paid_social,United States,Web,free,18-24,7.0.0,n/a
u_200001,2026-05-29,paid_social,United States,Android,free,18-24,7.0.0,15
u_200002,2026-04-25,paid_search,Germany,iOS,free,35-44,7.0.0,16.5
u_200003,2026-05-01,app_store_browse,United States,Android,pro_monthly,18-24,7.0.1,13
u_200004,2026-05-23,referral,India,iOS,free,18-24,7.1.0,18.2
u_200005,2026-06-14,influencer,Saudi Arabia,iOS,free,18-24,7.0.1,18.2
u_200006,2026-05-31,paid_search,Brazil,Android,free,18-24,7.1.0,13
u_200007,2026-04-01,organic_search,India,Android,free,25-34,7.0.1,14
u_200008,2026-06-16,referral,United Arab Emirates,Android,pro_annual,18-24,7.1.0,13
u_200009,2026-04-18,organic_search,United States,Web,pro_annual,25-34,7.1.0,n/a
u_200010,2026-03-04,influencer,United Arab Emirates,iOS,free,25-34,7.1.0,18.2
u_200011,2026-06-20,paid_search,United States,Android,free,25-34,7.1.0,12
u_200012,2026-03-07,organic_search,Saudi Arabia,Web,free,45+,7.1.0,n/a
u_200013,2026-05-19,paid_search,India,iOS,free,35-44,7.1.0,17.0
u_200014,2026-05-16,paid_social,India,Android,free,13-17,7.1.0,15
u_200015,2026-04-25,influencer,Pakistan,Android,free,35-44,6.9.2,13
u_200016,2026-05-22,influencer,Brazil,iOS,free,25-34,7.1.0,17.0
u_200017,2026-03-15,paid_social,Saudi Arabia,Web,free,35-44,7.0.1,n/a
u_200018,2026-03-14,organic_search,United States,Android,pro_annual,25-34,6.9.2,13
u_200019,2026-05-22,influencer,United States,Android,free,25-34,7.0.0,12
u_200020,2026-05-29,paid_search,Nigeria,iOS,free,18-24,6.9.0,16.5
u_200021,2026-05-04,organic_search,United States,iOS,free,45+,7.0.1,16.5
u_200022,2026-04-10,app_store_browse,United Kingdom,iOS,free,35-44,7.0.1,17.4
u_200023,2026-06-01,paid_search,United States,Web,pro_monthly,25-34,7.0.0,n/a
u_200024,2026-03-25,app_store_browse,Pakistan,Android,free,25-34,6.9.2,12
u_200025,2026-05-01,paid_social,Turkey,Android,free,18-24,6.9.2,14
u_200026,2026-03-09,app_store_browse,Philippines,iOS,free,18-24,7.0.0,18.2
u_200027,2026-04-13,paid_social,Brazil,Android,free,25-34,7.1.0,13
u_200028,2026-05-10,organic_search,United Arab Emirates,iOS,free,25-34,7.1.0,17.4
u_200029,2026-05-31,paid_social,United States,iOS,free,13-17,7.0.1,17.0
u_200030,2026-05-10,paid_social,Indonesia,iOS,free,18-24,6.9.0,18.2
u_200031,2026-05-24,paid_social,Germany,Android,free,35-44,7.0.0,12
u_200032,2026-05-11,organic_search,United States,Android,free,25-34,7.0.0,14
u_200033,2026-03-09,organic_search,Turkey,iOS,pro_monthly,35-44,7.1.0,16.5
u_200034,2026-04-19,organic_search,United States,iOS,pro_monthly,25-34,7.0.1,16.5
u_200035,2026-04-20,paid_search,Pakistan,Android,free,25-34,7.0.1,15
u_200036,2026-06-18,referral,Philippines,iOS,free,35-44,7.0.0,18.2
u_200037,2026-04-11,organic_search,Indonesia,Android,free,45+,6.9.2,15
u_200038,2026-04-16,app_store_browse,United Kingdom,iOS,free,45+,6.9.2,16.5
u_200039,2026-05-20,paid_search,Turkey,Android,free,18-24,7.0.1,12
u_200040,2026-06-21,paid_social,Nigeria,Web,free,18-24,6.9.2,n/a
u_200041,2026-06-02,app_store_browse,Philippines,Android,pro_monthly,13-17,7.0.1,14
u_200042,2026-03-21,paid_social,Pakistan,Web,free,25-34,7.1.0,n/a
u_200043,2026-06-11,paid_search,Nigeria,Web,pro_monthly,18-24,7.1.0,n/a
u_200044,2026-03-29,organic_search,United States,Android,free,18-24,7.1.0,12
u_200045,2026-05-11,paid_search,Indonesia,Android,free,18-24,7.1.0,15
u_200046,2026-04-01,referral,United States,Web,free,25-34,7.0.1,n/a
u_200047,2026-05-16,referral,United States,iOS,pro_annual,25-34,7.1.0,18.0
u_200048,2026-05-08,influencer,Brazil,iOS,free,25-34,7.0.1,18.0
u_200049,2026-05-20,organic_search,Saudi Arabia,Android,free,25-34,7.1.0,14
u_200050,2026-05-17,organic_search,United States,Android,free,25-34,7.0.1,12
u_200051,2026-04-15,paid_social,United States,Android,free,25-34,7.1.0,15
u_200052,2026-05-12,paid_social,United Arab Emirates,iOS,free,13-17,7.0.0,18.2
u_200053,2026-03-26,referral,United States,Android,pro_annual,45+,7.1.0,14
u_200054,2026-05-26,paid_search,Philippines,Android,free,35-44,7.1.0,13
u_200055,2026-06-10,paid_social,Brazil,Android,free,13-17,7.0.1,15
u_200056,2026-05-19,paid_social,Philippines,iOS,free,35-44,7.1.0,17.4
u_200057,2026-05-05,paid_social,United Kingdom,Web,free,35-44,7.1.0,n/a
u_200058,2026-03-27,paid_social,United Arab Emirates,Android,free,18-24,7.0.0,15
u_200059,2026-05-14,app_store_browse,Brazil,Web,pro_annual,45+,6.8.0,n/a
u_200060,2026-05-12,influencer,India,Android,free,18-24,7.0.0,14
u_200061,2026-04-22,influencer,United States,iOS,free,25-34,6.9.2,17.4
u_200062,2026-06-03,paid_social,Indonesia,iOS,free,25-34,6.9.2,18.0
u_200063,2026-06-20,paid_search,Brazil,Android,pro_monthly,25-34,7.1.0,12
u_200064,2026-03-30,paid_social,Brazil,iOS,free,35-44,7.1.0,17.4
u_200065,2026-06-19,influencer,Pakistan,Android,free,18-24,7.0.1,13
u_200066,2026-03-18,paid_social,Saudi Arabia,Android,free,25-34,7.1.0,12
u_200067,2026-06-10,paid_social,Pakistan,Web,pro_monthly,18-24,6.9.2,n/a
u_200068,2026-04-21,influencer,United States,iOS,free,25-34,7.0.1,18.0
u_200069,2026-04-16,influencer,Germany,Android,free,25-34,6.9.2,12
u_200070,2026-03-12,paid_search,Brazil,Web,free,25-34,6.9.0,n/a
u_200071,2026-05-05,influencer,Pakistan,iOS,free,18-24,7.0.1,17.4
u_200072,2026-05-26,paid_search,Brazil,Web,free,35-44,7.1.0,n/a
u_200073,2026-06-06,paid_search,Pakistan,iOS,free,45+,7.1.0,17.0
u_200074,2026-04-28,organic_search,India,Android,free,18-24,7.0.1,13
u_200075,2026-04-30,paid_search,United Arab Emirates,Android,free,18-24,7.1.0,13
u_200076,2026-05-28,organic_search,Philippines,Android,free,35-44,6.9.2,15
u_200077,2026-05-21,paid_social,Saudi Arabia,iOS,free,18-24,7.0.0,16.5
u_200078,2026-03-31,organic_search,Brazil,Android,free,25-34,6.8.0,15
u_200079,2026-04-09,referral,Saudi Arabia,iOS,free,45+,7.1.0,17.0
u_200080,2026-03-02,paid_social,United States,iOS,free,45+,7.0.1,17.0
u_200081,2026-05-24,organic_search,Pakistan,Android,free,18-24,7.1.0,13
u_200082,2026-04-08,influencer,Brazil,iOS,free,25-34,7.1.0,18.0
u_200083,2026-04-18,paid_social,United States,iOS,free,18-24,6.9.2,16.5
u_200084,2026-03-29,referral,India,Web,free,18-24,7.0.1,n/a
u_200085,2026-03-17,paid_social,Pakistan,Android,free,25-34,7.1.0,13
u_200086,2026-04-15,paid_social,United Arab Emirates,Android,pro_monthly,25-34,7.0.1,14
u_200087,2026-03-20,referral,United Kingdom,Web,free,25-34,6.9.0,n/a
u_200088,2026-04-13,influencer,Pakistan,iOS,free,35-44,7.0.0,17.0
u_200089,2026-03-27,influencer,Germany,Android,free,18-24,7.1.0,13
u_200090,2026-05-29,paid_social,Philippines,iOS,free,18-24,7.0.0,17.4
u_200091,2026-04-18,organic_search,United States,Android,free,45+,6.8.0,12
u_200092,2026-04-06,paid_social,United States,iOS,free,18-24,7.0.1,18.0
u_200093,2026-05-01,organic_search,United Arab Emirates,iOS,free,18-24,7.0.1,18.2
u_200094,2026-04-10,paid_social,United States,Web,pro_monthly,25-34,7.0.1,n/a
u_200095,2026-04-25,paid_search,India,Android,free,25-34,6.8.0,13
u_200096,2026-05-12,organic_search,India,Web,pro_monthly,18-24,6.9.2,n/a
u_200097,2026-04-03,organic_search,Pakistan,Android,free,35-44,7.1.0,14
u_200098,2026-05-01,influencer,United States,Android,free,35-44,6.9.0,12
u_200099,2026-05-09,paid_social,United States,iOS,free,13-17,7.0.0,18.2
u_200100,2026-04-19,paid_search,Turkey,Web,pro_monthly,18-24,7.0.0,n/a
u_200101,2026-03-14,paid_social,United States,Web,free,18-24,7.1.0,n/a
u_200102,2026-06-19,influencer,India,Android,free,18-24,7.0.1,15
u_200103,2026-03-09,organic_search,Saudi Arabia,Android,free,25-34,7.0.1,12
u_200104,2026-03-25,referral,Saudi Arabia,Android,free,18-24,7.1.0,13
u_200105,2026-03-20,organic_search,United States,iOS,free,25-34,7.1.0,17.0
u_200106,2026-06-03,paid_social,India,Android,free,35-44,6.9.2,15
u_200107,2026-06-05,influencer,Saudi Arabia,iOS,free,45+,7.0.1,18.0
u_200108,2026-04-02,influencer,United States,iOS,free,35-44,6.9.2,16.5
u_200109,2026-05-14,paid_social,United Arab Emirates,Android,free,35-44,7.0.0,12
u_200110,2026-05-29,organic_search,Indonesia,Android,pro_monthly,18-24,7.0.1,15
u_200111,2026-05-29,referral,United States,iOS,pro_annual,25-34,6.8.0,16.5
u_200112,2026-04-18,paid_search,Turkey,Android,free,18-24,6.9.2,13
u_200113,2026-06-06,referral,United States,iOS,free,18-24,7.1.0,17.0
u_200114,2026-04-18,app_store_browse,United States,iOS,free,45+,6.8.0,18.2
u_200115,2026-03-02,influencer,Nigeria,iOS,free,25-34,6.9.2,17.4
u_200116,2026-04-10,organic_search,Nigeria,Android,free,18-24,7.0.1,13
u_200117,2026-03-01,paid_search,United Arab Emirates,Android,free,45+,7.0.1,12
u_200118,2026-03-05,influencer,Indonesia,Android,pro_monthly,25-34,6.9.0,12
u_200119,2026-05-28,organic_search,United Arab Emirates,iOS,free,35-44,6.9.2,18.0
u_200120,2026-05-18,organic_search,Turkey,Android,free,18-24,7.1.0,14
u_200121,2026-04-28,referral,India,iOS,free,18-24,7.0.1,17.0
u_200122,2026-03-27,app_store_browse,Indonesia,Web,pro_monthly,45+,7.0.1,n/a
u_200123,2026-05-20,organic_search,United States,iOS,free,35-44,7.1.0,18.0
u_200124,2026-03-10,paid_social,United Arab Emirates,Android,free,18-24,7.1.0,13
u_200125,2026-05-28,paid_social,Turkey,iOS,free,18-24,7.0.1,18.0
u_200126,2026-04-13,influencer,India,Android,free,18-24,7.1.0,13
u_200127,2026-03-30,paid_social,India,iOS,pro_annual,18-24,6.9.2,16.5
u_200128,2026-04-12,organic_search,Nigeria,Android,free,35-44,7.0.1,13
u_200129,2026-04-18,paid_social,Brazil,Android,free,25-34,7.0.1,13
u_200130,2026-04-01,referral,Saudi Arabia,Android,free,18-24,7.1.0,14
u_200131,2026-03-11,paid_social,Saudi Arabia,iOS,free,13-17,7.1.0,18.0
u_200132,2026-03-01,referral,India,Android,free,35-44,7.0.0,15
u_200133,2026-03-06,paid_search,United States,iOS,free,45+,7.0.1,18.0
u_200134,2026-03-24,paid_social,India,iOS,free,18-24,7.1.0,18.0
u_200135,2026-05-09,organic_search,Germany,Android,free,35-44,7.0.0,14
u_200136,2026-04-24,organic_search,United States,Android,free,18-24,7.1.0,12
u_200137,2026-06-01,influencer,Germany,iOS,pro_monthly,35-44,7.0.1,17.0
u_200138,2026-03-05,influencer,Philippines,iOS,free,18-24,7.0.1,17.4
u_200139,2026-06-15,paid_social,India,Web,free,25-34,6.9.0,n/a
u_200140,2026-03-02,influencer,United Kingdom,Android,free,45+,6.9.0,12
u_200141,2026-03-01,influencer,United States,Android,free,25-34,7.1.0,14
u_200142,2026-06-17,influencer,United States,Web,free,35-44,6.9.0,n/a
u_200143,2026-06-14,influencer,India,iOS,free,18-24,7.1.0,18.0
u_200144,2026-05-31,paid_social,Nigeria,Android,pro_annual,18-24,7.1.0,15
u_200145,2026-06-13,paid_search,Indonesia,Web,free,25-34,7.1.0,n/a
u_200146,2026-05-01,paid_social,Turkey,Android,free,25-34,7.0.0,14
u_200147,2026-05-13,organic_search,India,Android,free,25-34,6.9.2,12
u_200148,2026-03-19,organic_search,Brazil,iOS,free,18-24,7.0.1,17.0
u_200149,2026-06-07,organic_search,India,iOS,free,25-34,6.9.0,18.0
u_200150,2026-05-28,app_store_browse,United States,Android,free,35-44,7.1.0,12
u_200151,2026-04-18,app_store_browse,Nigeria,iOS,pro_monthly,25-34,6.9.0,17.4
u_200152,2026-03-01,organic_search,Germany,iOS,free,25-34,7.1.0,18.0
u_200153,2026-05-09,organic_search,Turkey,Android,free,18-24,7.0.1,13
u_200154,2026-03-26,organic_search,Philippines,Web,free,18-24,6.8.0,n/a
u_200155,2026-03-10,paid_social,United Arab Emirates,Android,free,25-34,7.0.0,15
u_200156,2026-03-06,paid_social,Pakistan,iOS,free,45+,6.9.2,17.0
u_200157,2026-03-03,paid_social,Turkey,Android,free,25-34,7.0.0,14
u_200158,2026-05-27,influencer,Indonesia,Android,free,25-34,7.0.1,13
u_200159,2026-04-11,organic_search,United States,iOS,free,18-24,6.9.2,17.4
u_200160,2026-03-11,influencer,India,Android,free,35-44,7.1.0,13
u_200161,2026-03-26,influencer,Saudi Arabia,iOS,free,18-24,7.1.0,17.4
u_200162,2026-04-24,organic_search,United States,Android,free,18-24,7.1.0,13
u_200163,2026-06-10,paid_search,India,iOS,free,25-34,7.0.0,18.0
u_200164,2026-03-23,paid_social,Pakistan,Android,free,18-24,7.0.1,12
u_200165,2026-06-21,paid_social,United Arab Emirates,iOS,free,35-44,6.9.2,18.2
u_200166,2026-04-22,paid_social,India,Web,pro_monthly,25-34,7.0.1,n/a
u_200167,2026-06-03,referral,United Kingdom,Android,pro_monthly,13-17,7.1.0,14
u_200168,2026-06-13,paid_search,India,iOS,free,18-24,6.9.0,16.5
u_200169,2026-03-06,influencer,India,Web,free,45+,7.0.0,n/a
u_200170,2026-04-15,paid_social,United States,Android,free,25-34,6.8.0,14
u_200171,2026-05-26,paid_social,United Kingdom,Android,free,35-44,7.1.0,15
u_200172,2026-06-08,influencer,India,Android,pro_monthly,35-44,7.1.0,13
u_200173,2026-03-05,paid_social,United Kingdom,Android,free,35-44,7.0.1,15
u_200174,2026-03-31,organic_search,Germany,iOS,free,18-24,7.0.0,18.2
u_200175,2026-03-28,referral,India,Web,free,25-34,6.9.2,n/a
u_200176,2026-03-22,paid_social,Saudi Arabia,iOS,free,25-34,7.0.0,18.2
u_200177,2026-03-30,paid_social,United States,Android,free,18-24,6.9.0,14
u_200178,2026-03-27,organic_search,United Arab Emirates,Android,enterprise,35-44,6.9.2,14
u_200179,2026-03-25,paid_search,Brazil,iOS,free,25-34,7.1.0,18.0
u_200180,2026-03-09,influencer,Pakistan,Android,free,18-24,7.0.1,13
u_200181,2026-03-16,paid_social,Brazil,iOS,free,18-24,7.1.0,18.2
u_200182,2026-05-04,organic_search,Pakistan,iOS,free,18-24,6.9.2,18.2
u_200183,2026-06-02,referral,Indonesia,iOS,free,25-34,7.1.0,17.4
u_200184,2026-04-09,influencer,United Arab Emirates,Android,free,18-24,7.1.0,13
u_200185,2026-04-17,organic_search,Pakistan,iOS,free,25-34,7.1.0,18.2
u_200186,2026-06-05,influencer,United Kingdom,Android,pro_monthly,18-24,6.8.0,14
u_200187,2026-04-02,paid_social,United Kingdom,Android,pro_monthly,18-24,6.8.0,13
u_200188,2026-06-10,app_store_browse,Pakistan,Android,free,18-24,7.0.1,13
u_200189,2026-03-06,paid_social,United States,Android,free,13-17,6.9.0,15
u_200190,2026-03-11,paid_social,United Arab Emirates,Web,free,25-34,7.1.0,n/a
u_200191,2026-06-17,referral,Pakistan,Android,free,35-44,7.1.0,12
u_200192,2026-04-01,influencer,United States,Android,free,35-44,7.0.1,13
u_200193,2026-05-26,influencer,Pakistan,Android,free,25-34,7.1.0,15
u_200194,2026-03-18,app_store_browse,Brazil,Web,pro_monthly,18-24,6.9.0,n/a
u_200195,2026-05-03,paid_search,United States,Android,free,25-34,6.9.0,14
u_200196,2026-06-21,organic_search,United Kingdom,Web,free,25-34,7.1.0,n/a
u_200197,2026-06-10,referral,United Kingdom,Android,free,25-34,7.0.1,15
u_200198,2026-04-25,paid_social,United Arab Emirates,Android,free,18-24,6.9.0,13
u_200199,2026-04-12,referral,Germany,iOS,pro_monthly,25-34,7.1.0,18.2
u_200200,2026-03-30,referral,Nigeria,Web,free,25-34,6.9.2,n/a
u_200201,2026-03-07,paid_social,United States,Android,free,18-24,7.1.0,12
u_200202,2026-05-18,organic_search,India,Web,pro_annual,13-17,7.0.1,n/a
u_200203,2026-05-23,influencer,Saudi Arabia,Android,free,18-24,7.1.0,15
u_200204,2026-06-02,paid_social,Turkey,iOS,free,45+,7.0.0,17.4
u_200205,2026-04-22,influencer,India,Android,free,18-24,7.1.0,12
u_200206,2026-05-11,app_store_browse,Indonesia,iOS,pro_monthly,25-34,7.0.0,18.2
u_200207,2026-04-22,paid_social,India,iOS,free,45+,7.1.0,17.0
u_200208,2026-04-08,paid_search,Brazil,Web,free,45+,7.1.0,n/a
u_200209,2026-04-10,referral,United States,Android,free,18-24,7.0.0,15
u_200210,2026-04-07,paid_social,India,Android,free,18-24,6.9.0,13
u_200211,2026-06-11,influencer,Pakistan,Android,free,25-34,7.1.0,15
u_200212,2026-06-15,organic_search,United Arab Emirates,iOS,free,25-34,7.0.1,18.2
u_200213,2026-05-03,paid_social,United States,Web,free,25-34,7.1.0,n/a
u_200214,2026-03-19,organic_search,India,iOS,free,25-34,7.0.1,18.0
u_200215,2026-05-23,influencer,Saudi Arabia,iOS,free,25-34,7.0.0,18.0
u_200216,2026-05-05,paid_social,Philippines,iOS,free,25-34,7.0.0,17.4
u_200217,2026-03-30,paid_social,United Arab Emirates,iOS,free,25-34,7.1.0,18.0
u_200218,2026-05-15,influencer,Turkey,iOS,free,35-44,7.1.0,18.2
u_200219,2026-03-07,paid_search,Saudi Arabia,iOS,free,25-34,6.9.0,17.0
u_200220,2026-03-17,referral,United States,Android,free,18-24,7.1.0,12
u_200221,2026-04-14,influencer,Saudi Arabia,iOS,pro_monthly,25-34,7.1.0,18.0
u_200222,2026-03-28,paid_social,United States,Android,free,18-24,6.9.0,12
u_200223,2026-03-28,app_store_browse,Saudi Arabia,Web,free,18-24,7.0.1,n/a
u_200224,2026-03-30,paid_search,Pakistan,iOS,free,18-24,7.0.1,18.0
u_200225,2026-03-12,paid_search,Germany,Web,free,25-34,7.0.0,n/a
u_200226,2026-05-01,influencer,India,iOS,free,25-34,7.0.1,17.4
u_200227,2026-04-16,referral,United Kingdom,Web,free,18-24,7.1.0,n/a
u_200228,2026-03-21,paid_social,Brazil,iOS,pro_monthly,18-24,7.0.0,17.4
u_200229,2026-06-09,paid_search,United Kingdom,Android,free,25-34,7.0.0,12
u_200230,2026-03-22,paid_social,Nigeria,Web,free,25-34,7.1.0,n/a
u_200231,2026-03-11,referral,Turkey,Web,pro_annual,18-24,7.0.1,n/a
u_200232,2026-03-10,app_store_browse,United States,iOS,free,25-34,6.9.2,16.5
u_200233,2026-03-11,organic_search,United Kingdom,Android,free,25-34,7.0.0,15
u_200234,2026-05-21,organic_search,India,iOS,enterprise,25-34,7.0.0,17.0
u_200235,2026-04-11,influencer,Indonesia,iOS,pro_monthly,35-44,7.0.0,17.4
u_200236,2026-03-14,paid_social,United States,iOS,free,18-24,7.0.1,16.5
u_200237,2026-06-19,organic_search,Pakistan,Android,pro_monthly,18-24,6.8.0,15
u_200238,2026-05-04,paid_social,United States,Android,free,45+,7.1.0,14
u_200239,2026-06-03,paid_search,United States,Web,free,25-34,7.0.1,n/a
u_200240,2026-04-02,influencer,United States,iOS,pro_monthly,25-34,6.9.0,17.0
u_200241,2026-05-27,paid_search,Turkey,Android,pro_monthly,25-34,7.1.0,12
u_200242,2026-05-24,paid_social,United Arab Emirates,Android,free,18-24,7.0.1,15
u_200243,2026-06-16,paid_social,Saudi Arabia,Android,free,13-17,7.0.1,14
u_200244,2026-03-01,app_store_browse,India,Web,free,25-34,6.9.2,n/a
u_200245,2026-04-12,paid_search,Germany,Android,free,18-24,6.9.2,15
u_200246,2026-03-15,paid_search,United Kingdom,iOS,free,18-24,7.1.0,18.0
u_200247,2026-05-14,paid_social,Pakistan,iOS,free,13-17,6.9.2,18.0
u_200248,2026-04-16,paid_social,Pakistan,iOS,pro_annual,25-34,7.0.1,17.0
u_200249,2026-04-28,influencer,Indonesia,Web,free,25-34,6.9.2,n/a
u_200250,2026-03-23,organic_search,United States,Web,free,18-24,7.0.0,n/a
u_200251,2026-06-02,paid_social,Nigeria,Android,free,25-34,7.0.1,15
u_200252,2026-03-09,app_store_browse,Germany,iOS,free,25-34,7.0.0,17.4
u_200253,2026-03-09,organic_search,Brazil,iOS,free,25-34,7.0.1,18.0
u_200254,2026-06-08,paid_search,United States,iOS,free,25-34,7.1.0,16.5
u_200255,2026-06-06,app_store_browse,United Kingdom,Android,pro_monthly,25-34,7.0.1,15
u_200256,2026-04-24,paid_search,Turkey,Android,free,25-34,7.0.1,13
u_200257,2026-04-07,paid_social,Indonesia,iOS,free,35-44,7.1.0,17.0
u_200258,2026-06-18,organic_search,Indonesia,Web,free,25-34,7.0.0,n/a
u_200259,2026-06-16,influencer,Germany,iOS,free,25-34,7.0.0,18.0
u_200260,2026-04-12,app_store_browse,Germany,iOS,free,25-34,6.9.0,17.0
u_200261,2026-03-27,organic_search,United Kingdom,Android,free,35-44,7.1.0,12
u_200262,2026-05-04,organic_search,United Kingdom,Web,free,18-24,6.9.2,n/a
u_200263,2026-03-22,paid_search,Saudi Arabia,Web,free,25-34,7.0.0,n/a
u_200264,2026-05-18,influencer,Nigeria,Web,free,25-34,7.0.0,n/a
u_200265,2026-04-24,influencer,India,iOS,free,18-24,7.0.1,18.0
u_200266,2026-04-05,organic_search,United States,Android,free,35-44,7.0.1,12
u_200267,2026-06-01,paid_social,United States,Web,free,25-34,6.9.0,n/a
u_200268,2026-03-26,app_store_browse,Nigeria,iOS,free,18-24,7.1.0,18.0
u_200269,2026-06-16,paid_social,United Arab Emirates,Android,free,18-24,6.9.2,15
u_200270,2026-03-15,organic_search,United Kingdom,iOS,free,18-24,7.1.0,18.0
u_200271,2026-04-09,paid_search,Saudi Arabia,Web,pro_monthly,25-34,7.1.0,n/a
u_200272,2026-04-09,paid_search,United States,Android,free,25-34,7.0.0,12
u_200273,2026-05-31,organic_search,Philippines,Android,free,18-24,7.1.0,13
u_200274,2026-04-15,influencer,Nigeria,Android,free,25-34,7.0.1,12
u_200275,2026-05-13,referral,India,Android,free,18-24,6.9.2,14
u_200276,2026-05-19,paid_social,India,Android,free,35-44,7.0.0,13
u_200277,2026-06-06,influencer,India,Web,free,18-24,7.0.0,n/a
u_200278,2026-04-20,app_store_browse,United States,iOS,free,35-44,7.0.1,17.4
u_200279,2026-05-21,paid_social,India,Android,free,18-24,6.9.2,15
u_200280,2026-03-01,organic_search,India,Web,pro_monthly,18-24,7.1.0,n/a
u_200281,2026-05-11,organic_search,Philippines,Web,free,25-34,6.9.0,n/a
u_200282,2026-04-11,app_store_browse,Pakistan,Android,free,25-34,6.9.2,14
u_200283,2026-06-03,organic_search,India,Android,free,35-44,7.0.1,13
u_200284,2026-06-08,referral,Pakistan,Android,pro_annual,35-44,7.1.0,12
u_200285,2026-04-22,organic_search,United States,iOS,enterprise,13-17,7.0.0,18.2
u_200286,2026-05-09,paid_social,Pakistan,iOS,free,45+,7.1.0,17.0
u_200287,2026-04-23,influencer,Saudi Arabia,Android,free,25-34,7.0.1,14
u_200288,2026-03-30,paid_search,United Kingdom,iOS,pro_annual,25-34,7.1.0,18.2
u_200289,2026-06-09,paid_social,United States,Android,free,25-34,7.0.1,15
u_200290,2026-06-16,referral,Nigeria,Android,free,25-34,7.1.0,14
u_200291,2026-06-03,paid_social,United Arab Emirates,iOS,free,35-44,7.0.1,16.5
u_200292,2026-04-14,paid_social,Saudi Arabia,iOS,free,18-24,7.0.1,18.2
u_200293,2026-05-19,referral,Indonesia,iOS,free,18-24,7.0.0,17.4
u_200294,2026-06-13,paid_social,Philippines,Android,free,35-44,7.0.1,13
u_200295,2026-05-21,paid_search,United States,iOS,free,18-24,7.0.0,16.5
u_200296,2026-03-14,influencer,United States,iOS,free,18-24,7.0.0,16.5
u_200297,2026-03-20,paid_social,Indonesia,Android,free,35-44,7.0.1,14
u_200298,2026-05-10,organic_search,India,Android,free,45+,7.0.1,15
u_200299,2026-05-22,referral,India,Android,free,18-24,7.1.0,15
u_200300,2026-05-13,influencer,Brazil,Web,free,35-44,7.1.0,n/a
u_200301,2026-06-15,referral,United Kingdom,iOS,free,35-44,6.9.2,17.4
u_200302,2026-06-10,app_store_browse,India,Android,free,35-44,7.0.1,15
u_200303,2026-05-26,referral,India,Android,free,35-44,6.9.2,12
u_200304,2026-05-16,paid_search,Brazil,iOS,free,35-44,7.1.0,17.4
u_200305,2026-04-29,paid_social,Germany,Android,pro_annual,13-17,6.8.0,12
u_200306,2026-04-13,referral,Pakistan,Android,free,18-24,6.9.2,15
u_200307,2026-05-03,paid_social,United States,Android,free,35-44,6.9.2,13
u_200308,2026-03-27,organic_search,United States,iOS,free,25-34,7.0.1,17.4
u_200309,2026-06-09,paid_social,United Kingdom,Web,free,18-24,6.8.0,n/a
u_200310,2026-06-20,app_store_browse,Philippines,iOS,free,35-44,7.1.0,18.0
u_200311,2026-06-18,paid_search,India,iOS,free,25-34,7.1.0,16.5
u_200312,2026-05-25,app_store_browse,Indonesia,iOS,pro_monthly,18-24,6.9.0,17.4
u_200313,2026-03-14,app_store_browse,United States,iOS,free,13-17,7.0.1,18.0
u_200314,2026-04-22,paid_social,Brazil,iOS,pro_monthly,18-24,7.0.1,17.4
u_200315,2026-03-28,paid_search,Nigeria,iOS,free,18-24,6.9.2,17.4
u_200316,2026-04-27,paid_search,United Arab Emirates,Web,enterprise,25-34,7.0.0,n/a
u_200317,2026-06-15,influencer,United Kingdom,iOS,free,45+,6.8.0,18.2
u_200318,2026-05-22,app_store_browse,India,Android,free,35-44,7.1.0,14
u_200319,2026-04-18,paid_social,Pakistan,iOS,pro_monthly,25-34,6.9.2,17.4
u_200320,2026-04-21,organic_search,India,Web,free,18-24,7.0.1,n/a
u_200321,2026-03-21,app_store_browse,Saudi Arabia,iOS,free,18-24,7.1.0,17.4
u_200322,2026-03-23,paid_social,Nigeria,iOS,free,25-34,7.0.1,17.0
u_200323,2026-05-14,influencer,Indonesia,Web,free,25-34,7.0.0,n/a
u_200324,2026-05-09,app_store_browse,United States,iOS,free,18-24,7.0.1,18.0
u_200325,2026-03-21,influencer,United Kingdom,iOS,free,18-24,7.1.0,18.2
u_200326,2026-06-12,paid_social,Pakistan,iOS,free,18-24,7.0.1,18.0
u_200327,2026-03-04,referral,United Arab Emirates,iOS,free,18-24,7.1.0,18.0
u_200328,2026-04-29,paid_search,United States,Android,free,18-24,7.1.0,13
u_200329,2026-03-24,paid_search,United States,iOS,pro_monthly,18-24,7.0.1,18.0
u_200330,2026-05-07,influencer,United Kingdom,iOS,free,35-44,7.0.0,16.5
u_200331,2026-03-08,paid_search,Pakistan,iOS,free,45+,7.0.1,17.4
u_200332,2026-05-16,influencer,Brazil,iOS,free,18-24,6.9.2,16.5
u_200333,2026-05-21,organic_search,United Arab Emirates,Android,free,25-34,7.0.1,15
u_200334,2026-06-05,paid_social,India,Android,free,18-24,7.1.0,15
u_200335,2026-04-04,referral,United States,Android,free,25-34,6.9.0,13
u_200336,2026-03-15,paid_social,United Arab Emirates,iOS,pro_monthly,35-44,7.0.0,17.0
u_200337,2026-05-14,organic_search,Indonesia,iOS,free,18-24,7.0.1,18.0
u_200338,2026-05-06,referral,Turkey,Android,free,25-34,7.0.1,13
u_200339,2026-04-22,influencer,United States,Android,free,25-34,6.9.2,14
u_200340,2026-03-07,paid_search,United Arab Emirates,Web,free,18-24,7.1.0,n/a
u_200341,2026-05-03,paid_search,United Kingdom,Android,free,25-34,6.9.2,14
u_200342,2026-06-21,referral,United States,Android,free,18-24,7.0.1,14
u_200343,2026-06-14,influencer,United States,Android,free,18-24,7.1.0,14
u_200344,2026-03-04,organic_search,United States,Android,free,18-24,6.9.2,15
u_200345,2026-06-11,referral,Pakistan,iOS,free,18-24,7.0.1,16.5
u_200346,2026-06-20,influencer,Turkey,Android,pro_monthly,18-24,7.1.0,14
u_200347,2026-06-03,organic_search,United Arab Emirates,Android,free,18-24,7.0.0,13
u_200348,2026-03-17,paid_search,United States,iOS,pro_monthly,45+,7.0.0,16.5
u_200349,2026-04-23,organic_search,Nigeria,iOS,free,18-24,7.0.0,17.4
u_200350,2026-04-22,paid_social,Turkey,Web,free,18-24,7.1.0,n/a
u_200351,2026-03-25,paid_social,Pakistan,Android,free,18-24,7.0.1,12
u_200352,2026-04-09,influencer,Pakistan,iOS,free,45+,7.1.0,18.2
u_200353,2026-03-27,organic_search,United Arab Emirates,Android,free,13-17,6.9.2,15
u_200354,2026-05-26,paid_search,Turkey,Android,free,45+,7.1.0,12
u_200355,2026-04-27,organic_search,United Kingdom,Android,free,18-24,7.0.0,13
u_200356,2026-03-13,influencer,Philippines,Web,free,35-44,7.1.0,n/a
u_200357,2026-04-03,paid_social,Germany,Android,pro_monthly,35-44,6.9.0,15
u_200358,2026-03-10,paid_social,India,Android,free,35-44,7.0.1,12
u_200359,2026-03-23,organic_search,Indonesia,Android,free,25-34,7.1.0,14
u_200360,2026-03-31,organic_search,United States,Android,free,35-44,6.8.0,14
u_200361,2026-05-11,paid_social,Philippines,iOS,free,25-34,7.1.0,18.0
u_200362,2026-05-14,influencer,India,iOS,free,25-34,7.1.0,17.4
u_200363,2026-06-14,organic_search,United States,Android,free,18-24,6.9.2,15
u_200364,2026-03-16,organic_search,United Arab Emirates,Android,free,25-34,7.1.0,12
u_200365,2026-05-04,app_store_browse,Saudi Arabia,Android,free,25-34,7.1.0,12
u_200366,2026-06-09,influencer,India,Web,pro_monthly,25-34,7.0.1,n/a
u_200367,2026-04-22,paid_search,Turkey,iOS,free,18-24,7.1.0,17.4
u_200368,2026-06-08,paid_social,Turkey,iOS,free,18-24,6.9.2,18.2
u_200369,2026-06-10,paid_social,Saudi Arabia,iOS,pro_annual,18-24,7.1.0,17.0
u_200370,2026-04-03,paid_search,Philippines,Android,free,25-34,6.8.0,14
u_200371,2026-03-08,referral,United Kingdom,iOS,free,45+,7.0.0,16.5
u_200372,2026-05-27,organic_search,Turkey,Android,free,18-24,7.0.0,12
u_200373,2026-05-07,paid_social,Pakistan,iOS,free,18-24,7.0.1,16.5
u_200374,2026-06-07,organic_search,United States,Web,free,45+,7.1.0,n/a
u_200375,2026-05-23,app_store_browse,India,Android,pro_monthly,25-34,7.0.1,14
u_200376,2026-03-28,app_store_browse,Brazil,iOS,free,18-24,7.1.0,18.2
u_200377,2026-03-09,organic_search,Indonesia,iOS,pro_annual,18-24,6.8.0,17.0
u_200378,2026-06-01,organic_search,Nigeria,Android,pro_annual,13-17,6.8.0,13
u_200379,2026-04-25,paid_social,Saudi Arabia,Android,pro_annual,13-17,7.0.0,14
u_200380,2026-03-29,organic_search,United Arab Emirates,Web,free,13-17,6.9.0,n/a
u_200381,2026-04-27,paid_social,India,Web,free,18-24,7.0.1,n/a
u_200382,2026-04-17,paid_social,United Arab Emirates,Android,free,18-24,7.1.0,15
u_200383,2026-03-04,paid_social,Pakistan,iOS,free,25-34,7.0.0,17.0
u_200384,2026-03-16,paid_social,Nigeria,Android,free,25-34,7.1.0,14
u_200385,2026-05-18,influencer,United States,Android,free,18-24,6.9.2,12
u_200386,2026-03-15,influencer,United States,Android,free,18-24,7.1.0,15
u_200387,2026-05-19,organic_search,India,Android,free,25-34,7.1.0,14
u_200388,2026-03-09,paid_social,United States,Web,pro_monthly,35-44,7.0.0,n/a
u_200389,2026-06-18,app_store_browse,United Kingdom,Web,free,35-44,7.0.0,n/a
u_200390,2026-04-05,paid_search,United States,Android,free,18-24,7.0.0,14
u_200391,2026-05-01,organic_search,Germany,Android,free,18-24,7.1.0,15
u_200392,2026-06-06,organic_search,United States,Web,free,25-34,7.0.1,n/a
u_200393,2026-05-06,paid_social,United States,iOS,free,13-17,7.1.0,18.2
u_200394,2026-04-04,organic_search,Indonesia,Android,free,45+,7.0.1,15
u_200395,2026-06-04,organic_search,Philippines,Android,free,18-24,7.0.0,13
u_200396,2026-03-30,paid_social,United Arab Emirates,Android,free,45+,6.8.0,15
u_200397,2026-03-21,app_store_browse,Brazil,Android,pro_monthly,35-44,6.8.0,13
u_200398,2026-04-11,organic_search,Indonesia,Android,free,25-34,7.1.0,12
u_200399,2026-03-27,paid_social,United Arab Emirates,iOS,free,35-44,6.9.0,16.5
u_200400,2026-05-26,referral,Indonesia,iOS,free,25-34,7.1.0,18.2
u_200401,2026-04-07,organic_search,India,iOS,pro_annual,25-34,7.0.1,18.0
u_200402,2026-03-16,organic_search,Saudi Arabia,Android,free,25-34,6.8.0,13
u_200403,2026-03-25,organic_search,India,Android,pro_monthly,18-24,7.0.1,13
u_200404,2026-05-04,paid_social,Pakistan,Android,free,25-34,7.0.1,12
u_200405,2026-03-15,influencer,United Arab Emirates,iOS,free,13-17,7.1.0,16.5
u_200406,2026-05-17,paid_social,Saudi Arabia,iOS,free,25-34,7.1.0,17.4
u_200407,2026-05-12,organic_search,Turkey,iOS,free,18-24,7.1.0,18.0
u_200408,2026-04-28,organic_search,Philippines,iOS,free,18-24,7.0.1,17.0
u_200409,2026-04-29,app_store_browse,Germany,iOS,free,18-24,7.1.0,17.0
u_200410,2026-05-17,organic_search,Turkey,iOS,free,25-34,6.9.0,17.4
u_200411,2026-04-05,paid_search,Indonesia,iOS,free,25-34,6.9.2,17.4
u_200412,2026-06-07,organic_search,United States,iOS,free,18-24,6.9.2,16.5
u_200413,2026-05-25,organic_search,Germany,iOS,free,25-34,7.0.1,17.0
u_200414,2026-06-05,app_store_browse,India,iOS,free,25-34,7.1.0,18.2
u_200415,2026-05-10,paid_social,United States,Web,free,25-34,7.1.0,n/a
u_200416,2026-03-16,paid_search,India,Android,free,25-34,7.0.0,14
u_200417,2026-06-11,organic_search,United Kingdom,iOS,free,35-44,7.0.1,17.0
u_200418,2026-04-12,influencer,Pakistan,iOS,free,18-24,7.0.1,18.2
u_200419,2026-04-20,paid_social,Saudi Arabia,Web,free,25-34,6.9.2,n/a
u_200420,2026-06-09,influencer,United States,Web,free,45+,6.8.0,n/a
u_200421,2026-05-24,organic_search,Pakistan,Web,free,45+,7.1.0,n/a
u_200422,2026-03-14,organic_search,Saudi Arabia,Android,free,18-24,7.1.0,12
u_200423,2026-03-26,referral,Germany,iOS,free,45+,7.1.0,17.4
u_200424,2026-04-07,influencer,United Kingdom,Android,free,18-24,7.0.0,14
u_200425,2026-05-23,paid_social,United Kingdom,iOS,free,18-24,7.0.1,16.5
u_200426,2026-03-18,referral,Indonesia,iOS,free,18-24,7.1.0,18.2
u_200427,2026-05-17,app_store_browse,India,iOS,free,35-44,6.9.2,18.2
u_200428,2026-05-11,paid_social,Indonesia,Android,pro_annual,25-34,6.9.0,13
u_200429,2026-06-07,paid_social,Pakistan,Android,pro_annual,18-24,7.0.1,15
u_200430,2026-03-31,influencer,United Arab Emirates,iOS,free,25-34,7.0.1,17.4
u_200431,2026-04-26,referral,United States,iOS,free,25-34,6.9.2,16.5
u_200432,2026-05-11,influencer,Pakistan,iOS,free,25-34,7.1.0,18.2
u_200433,2026-06-21,paid_social,Brazil,Android,free,18-24,7.0.0,14
u_200434,2026-05-08,influencer,India,Android,pro_annual,13-17,7.0.1,14
u_200435,2026-06-05,organic_search,United Arab Emirates,Android,free,25-34,7.0.1,13
u_200436,2026-05-13,paid_social,United States,Web,free,13-17,7.0.1,n/a
u_200437,2026-03-15,paid_social,Nigeria,iOS,free,35-44,7.1.0,16.5
u_200438,2026-05-18,paid_search,India,Web,free,45+,6.9.0,n/a
u_200439,2026-04-18,app_store_browse,Turkey,Web,free,35-44,7.0.0,n/a
u_200440,2026-03-17,paid_social,Philippines,Android,free,45+,7.0.1,13
u_200441,2026-03-29,organic_search,United States,Android,free,45+,7.1.0,13
u_200442,2026-03-01,referral,United Kingdom,iOS,free,18-24,7.0.1,18.0
u_200443,2026-05-21,organic_search,United States,iOS,free,35-44,6.9.0,18.2
u_200444,2026-03-31,referral,Germany,iOS,free,18-24,6.9.2,16.5
u_200445,2026-03-29,influencer,Pakistan,Android,free,45+,7.1.0,12
u_200446,2026-05-25,organic_search,Germany,iOS,free,25-34,7.1.0,16.5
u_200447,2026-03-01,organic_search,Nigeria,iOS,free,25-34,7.1.0,18.2
u_200448,2026-05-12,app_store_browse,Pakistan,iOS,free,13-17,6.9.0,18.0
u_200449,2026-04-20,paid_social,United States,Android,free,25-34,6.9.0,12
u_200450,2026-04-17,referral,United Kingdom,iOS,free,18-24,7.1.0,18.2
u_200451,2026-04-21,paid_social,United Kingdom,Android,free,18-24,7.0.1,15
u_200452,2026-05-20,referral,Philippines,iOS,free,18-24,7.0.1,18.0
u_200453,2026-03-29,paid_search,United States,Android,free,35-44,7.1.0,13
u_200454,2026-04-07,paid_search,United States,iOS,free,45+,7.0.1,18.2
u_200455,2026-05-05,organic_search,Turkey,Android,free,25-34,7.0.1,12
u_200456,2026-05-25,organic_search,Philippines,Android,free,25-34,6.8.0,14
u_200457,2026-04-04,referral,United Arab Emirates,Android,enterprise,45+,7.1.0,13
u_200458,2026-03-30,paid_social,United Kingdom,Android,free,25-34,7.1.0,13
u_200459,2026-06-03,paid_search,United States,iOS,pro_monthly,25-34,7.0.1,17.0
u_200460,2026-04-14,paid_search,United States,Android,free,25-34,7.1.0,13
u_200461,2026-06-14,organic_search,Germany,iOS,free,25-34,7.1.0,18.0
u_200462,2026-04-30,organic_search,India,Web,free,18-24,7.0.1,n/a
u_200463,2026-03-14,referral,Indonesia,Android,free,18-24,7.1.0,13
u_200464,2026-04-26,paid_social,Turkey,Android,free,35-44,7.1.0,13
u_200465,2026-05-06,organic_search,Pakistan,Android,free,35-44,7.0.0,14
u_200466,2026-04-20,referral,Pakistan,Android,pro_monthly,25-34,6.9.2,12
u_200467,2026-06-07,paid_social,Germany,Android,free,13-17,6.9.0,14
u_200468,2026-05-12,app_store_browse,United Arab Emirates,iOS,free,18-24,7.1.0,18.2
u_200469,2026-04-07,organic_search,Pakistan,iOS,free,25-34,7.1.0,17.4
u_200470,2026-05-15,paid_social,United States,iOS,free,35-44,7.0.1,16.5
u_200471,2026-04-17,paid_social,India,Android,free,18-24,7.1.0,14
u_200472,2026-04-22,paid_social,United States,iOS,pro_monthly,35-44,7.0.0,16.5
u_200473,2026-06-19,influencer,Turkey,Android,free,18-24,7.1.0,14
u_200474,2026-04-06,paid_social,Brazil,iOS,pro_monthly,45+,7.0.0,18.2
u_200475,2026-03-01,organic_search,United Arab Emirates,iOS,free,18-24,6.9.2,18.2
u_200476,2026-05-08,influencer,Pakistan,iOS,free,25-34,6.9.2,17.0
u_200477,2026-05-24,paid_social,Pakistan,Android,pro_monthly,25-34,7.0.1,12
u_200478,2026-06-20,paid_social,United Kingdom,Android,pro_monthly,35-44,6.9.2,15
u_200479,2026-04-14,app_store_browse,United Arab Emirates,iOS,free,18-24,7.1.0,17.4
u_200480,2026-04-01,influencer,United Kingdom,Android,free,25-34,6.9.2,14
u_200481,2026-03-22,organic_search,United States,iOS,free,35-44,6.9.0,16.5
u_200482,2026-04-27,organic_search,Pakistan,iOS,free,25-34,7.0.1,18.0
u_200483,2026-05-06,app_store_browse,Philippines,iOS,pro_monthly,18-24,6.9.0,17.4
u_200484,2026-06-18,paid_social,United Arab Emirates,Android,free,25-34,7.0.1,12
u_200485,2026-06-20,paid_search,Indonesia,iOS,free,18-24,6.9.0,18.0
u_200486,2026-04-01,paid_social,United States,Android,free,25-34,7.0.0,14
u_200487,2026-06-20,organic_search,Brazil,iOS,pro_annual,25-34,7.0.0,16.5
u_200488,2026-04-15,organic_search,Germany,iOS,pro_monthly,18-24,7.0.1,17.4
u_200489,2026-04-18,paid_social,Brazil,Android,free,25-34,7.1.0,15
u_200490,2026-03-26,paid_search,Saudi Arabia,Android,free,18-24,7.0.1,14
u_200491,2026-05-05,paid_social,United States,Android,free,25-34,6.9.2,14
u_200492,2026-05-07,paid_search,Turkey,Android,pro_monthly,25-34,6.8.0,14
u_200493,2026-06-19,paid_social,Nigeria,Android,free,18-24,7.1.0,15
u_200494,2026-03-13,referral,Saudi Arabia,Web,free,25-34,7.1.0,n/a
u_200495,2026-03-17,organic_search,India,Android,free,18-24,7.0.0,15
u_200496,2026-03-31,app_store_browse,India,Android,free,18-24,7.0.0,12
u_200497,2026-03-03,app_store_browse,United States,Android,free,35-44,6.9.2,13
u_200498,2026-05-26,app_store_browse,Nigeria,Android,free,25-34,7.0.1,12
u_200499,2026-03-01,app_store_browse,United Arab Emirates,Android,pro_monthly,18-24,6.9.0,13
u_200500,2026-05-21,paid_social,United Kingdom,iOS,free,13-17,7.0.1,17.4
u_200501,2026-06-11,influencer,United Kingdom,iOS,free,18-24,6.9.2,18.2
u_200502,2026-06-19,paid_search,Saudi Arabia,Android,pro_annual,35-44,7.1.0,12
u_200503,2026-03-07,organic_search,Brazil,Android,free,45+,7.0.0,15
u_200504,2026-05-10,influencer,India,Android,free,18-24,7.1.0,12
u_200505,2026-03-05,organic_search,India,iOS,pro_annual,18-24,6.9.2,17.0
u_200506,2026-04-23,organic_search,Brazil,iOS,free,25-34,7.0.1,17.4
u_200507,2026-05-21,app_store_browse,United States,Android,pro_annual,25-34,6.8.0,14
u_200508,2026-05-20,referral,United States,Web,free,45+,7.0.0,n/a
u_200509,2026-05-19,influencer,India,Web,free,18-24,7.0.1,n/a
u_200510,2026-04-15,referral,Nigeria,Android,free,18-24,7.0.1,15
u_200511,2026-04-04,organic_search,Pakistan,Android,free,25-34,7.0.0,14
u_200512,2026-06-12,influencer,Philippines,Android,free,25-34,7.0.1,13
u_200513,2026-05-20,paid_social,Pakistan,Web,pro_annual,18-24,6.9.2,n/a
u_200514,2026-04-05,influencer,Turkey,iOS,free,45+,7.0.0,17.0
u_200515,2026-04-14,app_store_browse,Philippines,Android,free,18-24,7.1.0,12
u_200516,2026-05-11,paid_search,India,iOS,free,35-44,7.0.0,17.0
u_200517,2026-05-06,organic_search,United States,iOS,free,18-24,6.9.0,18.0
u_200518,2026-05-23,influencer,India,iOS,pro_annual,25-34,7.0.1,17.4
u_200519,2026-06-18,organic_search,United Kingdom,Android,free,25-34,6.9.0,14
u_200520,2026-04-06,influencer,Brazil,iOS,pro_monthly,18-24,6.9.2,17.4
u_200521,2026-04-20,organic_search,Turkey,iOS,free,25-34,6.9.2,17.0
u_200522,2026-05-15,organic_search,Turkey,Android,free,18-24,7.0.1,12
u_200523,2026-04-23,referral,United States,Web,free,25-34,7.1.0,n/a
u_200524,2026-04-14,organic_search,United States,Android,free,45+,6.9.2,13
u_200525,2026-04-29,organic_search,Pakistan,Web,free,13-17,7.0.0,n/a
u_200526,2026-05-23,paid_social,Philippines,Web,free,25-34,7.0.1,n/a
u_200527,2026-04-15,paid_social,Pakistan,iOS,free,13-17,7.1.0,17.4
u_200528,2026-03-19,influencer,India,iOS,free,18-24,6.9.0,16.5
u_200529,2026-03-23,referral,India,Android,free,45+,7.0.0,15
u_200530,2026-03-10,paid_search,Germany,Android,free,35-44,6.9.2,14
u_200531,2026-03-05,referral,United Arab Emirates,iOS,free,18-24,6.9.2,18.2
u_200532,2026-04-10,influencer,Nigeria,iOS,free,18-24,7.0.0,17.0
u_200533,2026-03-14,paid_social,United States,Android,free,25-34,7.1.0,12
u_200534,2026-03-07,paid_search,Saudi Arabia,iOS,pro_monthly,18-24,7.1.0,17.0
u_200535,2026-04-30,influencer,Turkey,iOS,free,25-34,7.1.0,17.4
u_200536,2026-03-17,paid_social,United Kingdom,Android,free,18-24,6.9.2,14
u_200537,2026-05-25,paid_search,Philippines,Web,pro_monthly,18-24,6.9.2,n/a
u_200538,2026-05-28,paid_social,India,Android,free,18-24,7.0.1,15
u_200539,2026-05-17,app_store_browse,Turkey,iOS,free,18-24,7.1.0,17.4
u_200540,2026-03-30,paid_social,Pakistan,Android,free,25-34,6.9.2,14
u_200541,2026-04-14,paid_search,Brazil,Web,free,35-44,7.0.0,n/a
u_200542,2026-05-14,referral,India,iOS,free,25-34,7.1.0,17.4
u_200543,2026-06-08,influencer,United States,iOS,free,18-24,7.0.1,17.4
u_200544,2026-06-16,paid_social,Pakistan,Web,free,25-34,7.1.0,n/a
u_200545,2026-05-31,influencer,India,iOS,free,25-34,6.9.2,18.0
u_200546,2026-04-11,paid_social,Pakistan,Web,free,13-17,7.0.0,n/a
u_200547,2026-05-16,paid_social,United States,Android,pro_annual,35-44,7.1.0,12
u_200548,2026-03-19,paid_social,United States,Android,pro_monthly,18-24,7.1.0,12
u_200549,2026-05-20,paid_social,Pakistan,Android,free,25-34,7.1.0,14
u_200550,2026-05-07,paid_search,Saudi Arabia,iOS,pro_monthly,35-44,7.1.0,16.5
u_200551,2026-05-13,app_store_browse,India,iOS,free,45+,7.0.1,17.4
u_200552,2026-06-01,app_store_browse,Indonesia,Web,free,25-34,7.1.0,n/a
u_200553,2026-03-26,paid_search,Turkey,Android,free,45+,7.0.1,13
u_200554,2026-04-06,organic_search,India,iOS,free,18-24,7.0.1,18.2
u_200555,2026-05-24,organic_search,Pakistan,Android,free,13-17,7.1.0,14
u_200556,2026-05-29,organic_search,United States,Android,free,18-24,7.1.0,14
u_200557,2026-03-15,app_store_browse,United States,Android,free,45+,7.0.0,15
u_200558,2026-03-09,paid_social,Philippines,Android,free,25-34,7.1.0,13
u_200559,2026-03-26,influencer,Philippines,iOS,pro_monthly,18-24,7.0.0,17.4
u_200560,2026-05-28,organic_search,India,iOS,free,35-44,7.0.0,17.4
u_200561,2026-06-11,organic_search,Indonesia,Android,free,18-24,7.1.0,15
u_200562,2026-04-27,app_store_browse,United States,Android,free,18-24,7.1.0,15
u_200563,2026-03-30,paid_social,Indonesia,Android,pro_monthly,18-24,6.8.0,12
u_200564,2026-03-09,app_store_browse,Pakistan,iOS,free,35-44,6.9.2,17.0
u_200565,2026-03-31,organic_search,United States,iOS,free,35-44,6.9.2,17.4
u_200566,2026-05-16,organic_search,Nigeria,iOS,free,35-44,7.0.1,17.0
u_200567,2026-04-21,paid_social,United States,Android,enterprise,45+,7.0.1,14
u_200568,2026-03-10,organic_search,Pakistan,iOS,free,45+,6.9.0,18.0
u_200569,2026-05-26,influencer,Pakistan,Android,pro_monthly,35-44,7.0.0,12
u_200570,2026-05-12,referral,India,iOS,free,25-34,7.0.1,17.4
u_200571,2026-06-01,paid_social,India,iOS,free,25-34,7.0.1,17.4
u_200572,2026-03-18,organic_search,Nigeria,iOS,free,18-24,7.0.1,18.2
u_200573,2026-06-01,influencer,United States,Android,free,35-44,7.0.1,13
u_200574,2026-05-14,paid_social,United Arab Emirates,Android,free,45+,7.1.0,13
u_200575,2026-06-08,paid_social,United Kingdom,Android,free,35-44,6.9.2,14
u_200576,2026-04-09,influencer,United States,iOS,free,18-24,7.0.1,17.4
u_200577,2026-04-04,paid_social,Germany,iOS,pro_annual,25-34,7.1.0,18.2
u_200578,2026-05-21,organic_search,United States,Android,pro_monthly,45+,6.9.2,12
u_200579,2026-06-11,paid_social,Indonesia,Android,free,18-24,6.9.0,15
u_200580,2026-03-15,organic_search,United Kingdom,iOS,pro_monthly,18-24,7.1.0,17.0
u_200581,2026-05-14,paid_social,Indonesia,Android,free,25-34,7.1.0,15
u_200582,2026-03-03,paid_search,United States,Android,pro_annual,18-24,7.1.0,13
u_200583,2026-03-10,organic_search,United States,Android,free,18-24,6.9.0,15
u_200584,2026-03-04,influencer,United Arab Emirates,Android,free,25-34,7.1.0,13
u_200585,2026-06-15,paid_social,United Arab Emirates,iOS,free,25-34,7.1.0,18.2
u_200586,2026-03-02,organic_search,Nigeria,iOS,free,25-34,7.0.1,18.0
u_200587,2026-05-08,paid_social,United Arab Emirates,Android,pro_annual,18-24,7.1.0,14
u_200588,2026-06-21,referral,India,Web,pro_annual,25-34,7.0.0,n/a
u_200589,2026-06-13,influencer,Pakistan,Web,free,35-44,7.1.0,n/a
u_200590,2026-05-20,influencer,United Arab Emirates,iOS,free,25-34,6.9.0,16.5
u_200591,2026-04-28,influencer,Pakistan,Android,enterprise,13-17,7.1.0,14
u_200592,2026-03-30,paid_search,United States,Android,pro_monthly,35-44,6.9.2,12
u_200593,2026-05-31,paid_social,United Arab Emirates,Android,free,25-34,7.1.0,12
u_200594,2026-06-13,paid_search,India,Web,free,18-24,7.0.1,n/a
u_200595,2026-03-16,paid_social,Pakistan,Android,free,18-24,6.9.0,12
u_200596,2026-03-09,influencer,United Kingdom,Android,free,25-34,7.0.1,13
u_200597,2026-03-21,paid_social,United States,Android,free,25-34,7.1.0,12
u_200598,2026-05-13,paid_social,Pakistan,Web,free,25-34,7.0.1,n/a
u_200599,2026-05-27,paid_social,India,iOS,free,35-44,7.0.1,18.0
u_200600,2026-03-21,paid_search,United States,Android,free,25-34,7.1.0,12
u_200601,2026-03-09,influencer,United States,Web,free,45+,7.0.1,n/a
u_200602,2026-03-03,paid_social,United Kingdom,iOS,free,35-44,7.1.0,18.2
u_200603,2026-03-19,influencer,Nigeria,iOS,free,25-34,7.0.1,17.0
u_200604,2026-03-07,organic_search,United Arab Emirates,Android,free,35-44,7.0.0,13
u_200605,2026-03-21,paid_search,Philippines,Web,free,25-34,7.0.0,n/a
u_200606,2026-06-07,organic_search,Pakistan,iOS,free,25-34,6.9.2,17.0
u_200607,2026-03-08,referral,Indonesia,Android,free,35-44,7.0.0,15
u_200608,2026-04-05,paid_search,United States,Android,free,45+,7.1.0,12
u_200609,2026-03-29,paid_social,Pakistan,Android,free,25-34,7.1.0,12
u_200610,2026-03-05,referral,Saudi Arabia,iOS,free,25-34,7.0.0,17.4
u_200611,2026-06-17,paid_search,United Kingdom,iOS,pro_monthly,18-24,7.1.0,16.5
u_200612,2026-06-14,paid_social,United States,iOS,free,18-24,6.8.0,18.0
u_200613,2026-06-08,influencer,United Arab Emirates,Android,free,25-34,7.1.0,14
u_200614,2026-03-12,paid_social,United States,iOS,free,18-24,7.0.0,17.4
u_200615,2026-05-10,influencer,Pakistan,iOS,free,25-34,7.0.1,17.4
u_200616,2026-03-08,paid_social,Nigeria,Android,free,35-44,7.0.0,12
u_200617,2026-03-22,paid_social,Turkey,Web,free,18-24,7.0.1,n/a
u_200618,2026-05-21,paid_search,Saudi Arabia,Android,free,35-44,7.1.0,13
u_200619,2026-03-13,influencer,United States,Web,free,35-44,7.0.1,n/a
u_200620,2026-04-15,influencer,Indonesia,iOS,free,18-24,6.9.0,17.0
u_200621,2026-05-22,app_store_browse,United Arab Emirates,Android,free,18-24,6.9.2,13
u_200622,2026-05-15,influencer,Philippines,Android,free,18-24,7.0.1,14
u_200623,2026-05-18,organic_search,Germany,iOS,free,25-34,7.1.0,18.0
u_200624,2026-04-28,referral,Nigeria,iOS,free,35-44,7.1.0,17.0
u_200625,2026-06-11,paid_social,Germany,iOS,free,25-34,6.8.0,17.4
u_200626,2026-03-25,referral,United States,Android,free,18-24,7.1.0,13
u_200627,2026-04-18,influencer,United Kingdom,Android,free,45+,6.9.0,12
u_200628,2026-06-06,referral,Germany,Android,free,25-34,7.0.0,12
u_200629,2026-06-12,app_store_browse,India,iOS,free,35-44,6.9.0,17.0
u_200630,2026-04-19,paid_search,Nigeria,iOS,free,25-34,7.0.1,17.0
u_200631,2026-06-16,paid_search,United States,iOS,free,35-44,7.0.0,18.0
u_200632,2026-03-13,paid_search,United States,Android,free,45+,7.1.0,13
u_200633,2026-03-23,paid_search,Indonesia,Android,pro_monthly,18-24,6.9.2,12
u_200634,2026-04-28,organic_search,United States,iOS,free,18-24,6.8.0,17.4
u_200635,2026-05-13,paid_search,Saudi Arabia,Web,enterprise,18-24,7.1.0,n/a
u_200636,2026-04-25,paid_social,Turkey,Web,free,18-24,7.0.1,n/a
u_200637,2026-06-06,organic_search,United States,Android,free,35-44,6.9.2,13
u_200638,2026-03-21,paid_social,Pakistan,Android,free,18-24,7.0.0,15
u_200639,2026-06-13,organic_search,India,iOS,free,18-24,6.9.0,17.4
u_200640,2026-05-24,app_store_browse,United Kingdom,Android,free,18-24,7.1.0,12
u_200641,2026-03-30,paid_social,Turkey,Android,free,35-44,7.1.0,15
u_200642,2026-03-25,organic_search,United Kingdom,Android,free,25-34,7.1.0,15
u_200643,2026-06-19,paid_search,India,iOS,free,18-24,6.9.2,18.0
u_200644,2026-04-28,referral,Turkey,Web,free,45+,6.8.0,n/a
u_200645,2026-03-29,influencer,Nigeria,iOS,pro_monthly,18-24,7.0.1,17.0
u_200646,2026-05-22,influencer,United Arab Emirates,iOS,free,18-24,6.9.0,18.0
u_200647,2026-04-13,paid_social,India,iOS,free,18-24,7.0.1,18.0
u_200648,2026-03-23,paid_social,United Kingdom,iOS,free,25-34,7.0.1,18.2
u_200649,2026-06-13,paid_search,Nigeria,Android,free,18-24,7.1.0,13
u_200650,2026-03-30,influencer,Saudi Arabia,iOS,pro_monthly,18-24,7.1.0,18.2
u_200651,2026-04-17,paid_social,United States,Android,free,45+,7.1.0,15
u_200652,2026-05-02,organic_search,United Arab Emirates,Android,free,25-34,7.1.0,15
u_200653,2026-06-13,paid_social,Philippines,iOS,free,35-44,6.9.0,18.2
u_200654,2026-03-31,organic_search,Indonesia,iOS,free,18-24,7.0.0,16.5
u_200655,2026-04-11,influencer,Indonesia,Android,free,25-34,7.0.0,12
u_200656,2026-06-14,paid_social,India,Android,free,18-24,6.9.0,12
u_200657,2026-03-02,paid_search,India,iOS,pro_monthly,25-34,6.9.2,18.0
u_200658,2026-04-25,paid_search,Nigeria,iOS,free,25-34,7.0.1,17.4
u_200659,2026-05-12,organic_search,United States,Android,free,25-34,6.9.2,14
u_200660,2026-06-15,influencer,United Arab Emirates,Android,free,25-34,7.0.0,12
u_200661,2026-05-28,paid_social,United States,Android,free,45+,6.9.2,15
u_200662,2026-05-31,paid_social,India,Android,free,18-24,7.0.1,12
u_200663,2026-05-24,paid_social,United States,iOS,pro_monthly,25-34,7.0.1,17.0
u_200664,2026-05-23,paid_social,Pakistan,iOS,free,25-34,7.1.0,18.2
u_200665,2026-06-02,influencer,United Arab Emirates,Android,free,25-34,7.0.1,15
u_200666,2026-06-07,paid_social,Saudi Arabia,Android,free,35-44,7.1.0,12
u_200667,2026-05-12,organic_search,United States,iOS,free,25-34,6.8.0,18.2
u_200668,2026-05-01,referral,India,Android,free,18-24,7.0.0,15
u_200669,2026-04-10,app_store_browse,Indonesia,iOS,free,25-34,7.0.0,18.0
u_200670,2026-03-24,paid_social,Pakistan,Android,free,45+,7.0.0,12
u_200671,2026-05-25,organic_search,United Kingdom,iOS,free,18-24,7.1.0,18.0
u_200672,2026-04-23,influencer,Pakistan,Android,free,35-44,7.0.0,14
u_200673,2026-04-28,influencer,United States,Android,pro_annual,45+,7.0.1,13
u_200674,2026-06-14,paid_search,United Arab Emirates,Android,pro_monthly,18-24,6.9.0,12
u_200675,2026-03-10,paid_search,India,Web,free,13-17,6.9.2,n/a
u_200676,2026-06-12,paid_social,United States,iOS,free,45+,7.0.1,18.0
u_200677,2026-05-13,influencer,India,Android,pro_monthly,45+,7.0.0,15
u_200678,2026-03-21,influencer,Nigeria,iOS,free,18-24,7.1.0,16.5
u_200679,2026-06-11,paid_social,United Kingdom,iOS,free,35-44,6.9.2,17.0
u_200680,2026-03-26,paid_social,Indonesia,Android,free,25-34,6.9.2,12
u_200681,2026-05-05,paid_search,Pakistan,iOS,free,25-34,6.9.2,16.5
u_200682,2026-06-05,app_store_browse,India,Android,free,25-34,7.1.0,14
u_200683,2026-05-27,paid_search,Saudi Arabia,iOS,free,25-34,7.1.0,18.2
u_200684,2026-04-09,paid_social,United Kingdom,iOS,pro_monthly,18-24,6.9.2,18.2
u_200685,2026-05-13,influencer,Brazil,iOS,free,45+,7.0.1,18.0
u_200686,2026-03-27,influencer,United Arab Emirates,Android,free,35-44,7.0.1,15
u_200687,2026-05-31,paid_search,India,Android,free,18-24,7.1.0,13
u_200688,2026-06-12,paid_social,United Arab Emirates,Android,free,18-24,7.1.0,15
u_200689,2026-03-10,app_store_browse,India,Android,free,25-34,7.1.0,14
u_200690,2026-04-07,organic_search,United Arab Emirates,Android,free,18-24,7.1.0,13
u_200691,2026-06-08,referral,Nigeria,Android,free,18-24,7.0.0,12
u_200692,2026-04-05,influencer,Indonesia,Android,free,25-34,7.1.0,14
u_200693,2026-03-22,influencer,Germany,Android,free,18-24,6.9.0,15
u_200694,2026-03-11,app_store_browse,Pakistan,Android,pro_monthly,18-24,7.0.1,14
u_200695,2026-04-06,paid_social,Turkey,iOS,free,35-44,7.0.1,17.4
u_200696,2026-04-29,paid_search,Nigeria,iOS,free,18-24,7.0.0,16.5
u_200697,2026-05-15,paid_search,Nigeria,Android,free,18-24,6.9.2,12
u_200698,2026-03-02,paid_search,United States,Android,free,13-17,7.1.0,15
u_200699,2026-05-06,influencer,Saudi Arabia,Android,pro_annual,25-34,6.8.0,15
u_200700,2026-06-04,paid_search,Germany,Android,pro_monthly,25-34,6.9.2,12
u_200701,2026-05-05,paid_search,Indonesia,Web,pro_monthly,25-34,7.1.0,n/a
u_200702,2026-06-06,app_store_browse,Philippines,iOS,free,25-34,6.9.0,17.4
u_200703,2026-04-08,paid_search,United Arab Emirates,Android,free,45+,7.0.0,15
u_200704,2026-04-17,influencer,Brazil,iOS,free,18-24,7.0.0,16.5
u_200705,2026-05-18,organic_search,Nigeria,iOS,free,35-44,6.8.0,17.0
u_200706,2026-06-14,app_store_browse,Pakistan,Android,free,35-44,7.0.1,14
u_200707,2026-06-05,paid_social,Indonesia,Android,free,18-24,7.0.1,13
u_200708,2026-04-28,organic_search,Saudi Arabia,iOS,pro_monthly,45+,7.1.0,16.5
u_200709,2026-06-11,influencer,United States,iOS,free,35-44,7.0.1,17.4
u_200710,2026-05-29,paid_search,Saudi Arabia,Web,free,18-24,6.9.0,n/a
u_200711,2026-05-23,paid_social,United States,Android,free,25-34,7.1.0,12
u_200712,2026-05-09,influencer,Nigeria,Android,free,25-34,7.1.0,14
u_200713,2026-06-11,organic_search,Pakistan,Android,pro_monthly,25-34,7.0.1,15
u_200714,2026-05-30,referral,Nigeria,Android,free,18-24,7.1.0,13
u_200715,2026-05-05,app_store_browse,United States,Android,free,18-24,7.0.1,14
u_200716,2026-03-27,influencer,Turkey,iOS,free,25-34,6.9.2,16.5
u_200717,2026-03-20,paid_social,Brazil,Android,free,18-24,7.1.0,14
u_200718,2026-05-15,organic_search,United Kingdom,Android,pro_annual,35-44,7.1.0,14
u_200719,2026-05-29,influencer,Brazil,Android,free,35-44,7.0.1,13
u_200720,2026-04-05,app_store_browse,Nigeria,iOS,free,18-24,7.0.0,18.2
u_200721,2026-03-16,paid_social,United Arab Emirates,Android,free,18-24,6.9.0,13
u_200722,2026-03-20,influencer,Pakistan,iOS,free,25-34,6.8.0,17.0
u_200723,2026-06-03,organic_search,India,Web,free,25-34,6.9.2,n/a
u_200724,2026-03-22,influencer,United States,Web,free,18-24,7.0.1,n/a
u_200725,2026-05-06,paid_social,India,Web,free,18-24,7.0.1,n/a
u_200726,2026-03-16,paid_search,United States,Android,free,45+,7.1.0,12
u_200727,2026-05-30,paid_search,Pakistan,iOS,free,35-44,7.0.1,18.2
u_200728,2026-05-21,paid_social,Brazil,iOS,free,45+,6.9.2,17.4
u_200729,2026-05-23,paid_search,India,Android,free,45+,7.1.0,15
u_200730,2026-06-18,influencer,Nigeria,Android,free,18-24,7.1.0,12
u_200731,2026-03-01,paid_social,Nigeria,Web,free,25-34,7.1.0,n/a
u_200732,2026-03-30,paid_social,United States,Web,free,25-34,7.0.0,n/a
u_200733,2026-04-28,influencer,United Arab Emirates,Web,free,25-34,7.0.1,n/a
u_200734,2026-04-03,influencer,Indonesia,Web,free,25-34,7.1.0,n/a
u_200735,2026-03-10,referral,Pakistan,Web,free,35-44,6.9.0,n/a
u_200736,2026-06-19,organic_search,United Arab Emirates,Android,free,35-44,6.9.2,15
u_200737,2026-04-29,influencer,Pakistan,Android,free,18-24,7.1.0,15
u_200738,2026-04-29,organic_search,India,Android,free,25-34,6.9.0,12
u_200739,2026-06-19,referral,United States,iOS,free,18-24,7.0.1,17.0
u_200740,2026-04-27,paid_search,United States,Android,free,18-24,7.1.0,13
u_200741,2026-05-02,app_store_browse,United States,Android,free,35-44,7.0.1,14
u_200742,2026-05-21,paid_social,Pakistan,iOS,free,35-44,7.0.1,18.2
u_200743,2026-05-26,paid_social,United States,Android,free,18-24,7.1.0,12
u_200744,2026-04-06,referral,Philippines,Android,pro_annual,25-34,7.1.0,14
u_200745,2026-05-07,paid_social,Germany,Android,pro_annual,25-34,7.1.0,12
u_200746,2026-03-17,organic_search,Indonesia,Android,pro_monthly,18-24,7.0.0,15
u_200747,2026-03-03,paid_search,India,Android,free,25-34,7.1.0,15
u_200748,2026-03-29,paid_social,Germany,iOS,free,25-34,6.9.2,16.5
u_200749,2026-03-29,referral,United Arab Emirates,Web,free,35-44,7.1.0,n/a
u_200750,2026-04-21,paid_social,Saudi Arabia,Android,free,13-17,6.9.2,15
u_200751,2026-05-07,paid_social,United States,iOS,free,35-44,7.0.1,17.4
u_200752,2026-04-26,influencer,Indonesia,iOS,free,25-34,7.0.0,16.5
u_200753,2026-05-09,organic_search,Philippines,Android,free,35-44,6.9.2,12
u_200754,2026-04-09,referral,United Kingdom,Android,free,18-24,7.0.0,13
u_200755,2026-03-22,referral,Pakistan,iOS,pro_annual,18-24,7.0.1,17.0
u_200756,2026-06-10,app_store_browse,India,Android,free,18-24,7.0.0,15
u_200757,2026-05-06,paid_social,India,iOS,free,35-44,7.1.0,18.0
u_200758,2026-06-10,referral,India,Android,free,35-44,7.0.0,12
u_200759,2026-05-16,influencer,Pakistan,iOS,pro_monthly,18-24,6.9.0,17.0
u_200760,2026-04-21,paid_search,Nigeria,Android,free,35-44,6.9.2,12
u_200761,2026-03-27,app_store_browse,Nigeria,Android,pro_annual,25-34,7.0.1,13
u_200762,2026-04-16,influencer,United States,iOS,pro_monthly,18-24,6.9.2,18.2
u_200763,2026-06-04,organic_search,Philippines,Android,free,13-17,7.0.1,15
u_200764,2026-05-05,paid_social,India,iOS,free,25-34,7.0.1,16.5
u_200765,2026-05-24,referral,Pakistan,Android,pro_monthly,35-44,6.9.2,12
u_200766,2026-03-18,paid_social,Turkey,Android,free,18-24,7.0.1,14
u_200767,2026-05-18,influencer,Nigeria,Android,free,25-34,7.1.0,14
u_200768,2026-05-24,paid_social,United Kingdom,iOS,free,25-34,7.0.1,18.2
u_200769,2026-03-29,influencer,India,Android,pro_annual,45+,6.9.2,15
u_200770,2026-05-01,paid_search,United States,Android,free,13-17,7.1.0,14
u_200771,2026-03-07,organic_search,Pakistan,Web,free,25-34,7.0.0,n/a
u_200772,2026-06-04,paid_social,Indonesia,Web,free,18-24,7.0.0,n/a
u_200773,2026-03-24,paid_search,Nigeria,Android,free,25-34,6.9.2,12
u_200774,2026-05-26,paid_social,Pakistan,Android,free,25-34,7.1.0,14
u_200775,2026-06-13,referral,India,Web,free,45+,7.1.0,n/a
u_200776,2026-03-21,paid_search,Saudi Arabia,Android,pro_annual,25-34,7.1.0,12
u_200777,2026-05-01,app_store_browse,United States,Android,pro_monthly,18-24,6.9.0,15
u_200778,2026-03-04,paid_social,United States,iOS,pro_monthly,25-34,6.9.2,17.0
u_200779,2026-04-13,influencer,Pakistan,Android,free,25-34,6.9.2,14
u_200780,2026-05-15,influencer,Saudi Arabia,Android,free,25-34,7.1.0,15
u_200781,2026-06-09,paid_search,Germany,Web,free,25-34,7.0.0,n/a
u_200782,2026-05-02,organic_search,Nigeria,Web,pro_monthly,45+,7.0.1,n/a
u_200783,2026-06-18,organic_search,United States,iOS,free,35-44,6.9.2,18.2
u_200784,2026-04-08,paid_social,Indonesia,Web,free,35-44,7.1.0,n/a
u_200785,2026-05-05,organic_search,United States,Android,free,18-24,7.0.0,15
u_200786,2026-06-13,referral,Pakistan,iOS,pro_annual,35-44,7.1.0,18.2
u_200787,2026-05-22,paid_social,Philippines,iOS,free,18-24,7.1.0,17.4
u_200788,2026-04-10,organic_search,United States,iOS,free,18-24,7.1.0,17.0
u_200789,2026-06-14,referral,India,Android,free,35-44,7.0.1,15
u_200790,2026-03-27,organic_search,Pakistan,iOS,free,18-24,7.1.0,18.0
u_200791,2026-03-19,organic_search,United Arab Emirates,Web,free,25-34,7.1.0,n/a
u_200792,2026-03-24,paid_social,Turkey,Web,free,25-34,7.0.1,n/a
u_200793,2026-04-06,paid_social,India,Android,free,35-44,7.0.1,14
u_200794,2026-03-23,paid_social,India,iOS,free,25-34,7.1.0,17.0
u_200795,2026-04-16,paid_search,Germany,Android,free,25-34,7.1.0,12
u_200796,2026-05-08,paid_search,United States,Android,free,25-34,7.1.0,15
u_200797,2026-05-26,paid_social,United States,iOS,pro_monthly,18-24,6.9.0,17.4
u_200798,2026-06-11,influencer,United States,Web,free,18-24,7.0.1,n/a
u_200799,2026-04-21,paid_social,Nigeria,iOS,free,13-17,6.8.0,17.4
u_200800,2026-03-05,paid_social,United Kingdom,iOS,pro_annual,45+,7.1.0,18.2
u_200801,2026-03-24,paid_social,United States,Android,free,35-44,7.0.1,13
u_200802,2026-06-02,paid_search,United States,Android,free,25-34,7.0.0,15
u_200803,2026-06-17,referral,United Arab Emirates,Android,free,18-24,7.0.1,14
u_200804,2026-06-11,organic_search,Philippines,Android,pro_monthly,25-34,7.0.1,13
u_200805,2026-03-11,paid_social,United Kingdom,Android,free,18-24,7.0.0,15
u_200806,2026-06-15,influencer,Nigeria,iOS,free,35-44,7.1.0,18.0
u_200807,2026-03-25,paid_social,United States,iOS,pro_monthly,13-17,6.9.2,16.5
u_200808,2026-03-02,influencer,United States,iOS,free,25-34,7.1.0,18.0
u_200809,2026-03-12,referral,Indonesia,iOS,free,18-24,7.1.0,16.5
u_200810,2026-04-11,paid_search,Indonesia,iOS,pro_annual,18-24,7.0.0,17.0
u_200811,2026-03-28,paid_social,United Kingdom,Web,free,25-34,7.0.1,n/a
u_200812,2026-03-22,app_store_browse,United Arab Emirates,Android,pro_monthly,25-34,7.0.0,13
u_200813,2026-06-05,influencer,United States,Android,free,18-24,7.1.0,13
u_200814,2026-05-16,app_store_browse,United States,Web,free,25-34,6.9.2,n/a
u_200815,2026-03-31,paid_social,Pakistan,iOS,free,35-44,7.0.0,17.4
u_200816,2026-05-12,paid_social,Germany,Web,free,18-24,6.9.0,n/a
u_200817,2026-06-02,referral,Pakistan,Web,free,25-34,7.0.1,n/a
u_200818,2026-04-20,paid_search,Pakistan,Android,free,25-34,7.0.1,12
u_200819,2026-03-08,app_store_browse,United Arab Emirates,iOS,free,25-34,7.1.0,16.5
u_200820,2026-06-07,influencer,Turkey,iOS,free,18-24,7.0.1,17.4
u_200821,2026-05-15,referral,United States,iOS,pro_monthly,25-34,7.0.0,18.0
u_200822,2026-03-27,paid_search,United Arab Emirates,Android,free,25-34,6.9.0,14
u_200823,2026-05-11,organic_search,United Kingdom,iOS,pro_annual,18-24,7.0.0,17.4
u_200824,2026-03-11,paid_social,Turkey,Android,free,13-17,6.9.0,12
u_200825,2026-06-13,app_store_browse,United States,Android,free,25-34,7.0.1,14
u_200826,2026-06-16,organic_search,United States,iOS,free,35-44,7.1.0,17.0
u_200827,2026-05-30,influencer,India,Android,free,18-24,7.0.0,15
u_200828,2026-05-07,paid_search,United States,Web,pro_monthly,18-24,7.0.1,n/a
u_200829,2026-06-18,paid_social,Nigeria,iOS,free,18-24,7.0.1,18.2
u_200830,2026-03-21,paid_social,United States,iOS,enterprise,35-44,6.9.2,17.0
u_200831,2026-06-17,organic_search,United States,iOS,free,25-34,7.1.0,18.2
u_200832,2026-04-17,paid_search,Turkey,Web,free,18-24,6.9.0,n/a
u_200833,2026-05-30,organic_search,Nigeria,iOS,free,25-34,7.1.0,18.2
u_200834,2026-03-12,app_store_browse,Pakistan,iOS,free,18-24,7.0.0,18.2
u_200835,2026-04-06,organic_search,Pakistan,iOS,free,25-34,7.0.0,17.4
u_200836,2026-05-16,referral,Indonesia,Android,free,35-44,7.0.1,12
u_200837,2026-04-11,organic_search,Germany,iOS,free,25-34,7.0.1,16.5
u_200838,2026-03-16,paid_social,United Arab Emirates,Android,free,35-44,7.0.1,14
u_200839,2026-05-30,referral,United States,Web,free,18-24,7.0.0,n/a
u_200840,2026-03-02,paid_social,Pakistan,iOS,free,25-34,7.0.1,17.0
u_200841,2026-05-25,influencer,Indonesia,iOS,free,45+,7.1.0,18.2
u_200842,2026-03-15,paid_social,United Kingdom,Web,free,25-34,7.0.1,n/a
u_200843,2026-06-07,organic_search,Pakistan,iOS,enterprise,35-44,6.9.2,18.2
u_200844,2026-03-01,paid_social,United States,iOS,free,25-34,6.9.2,18.2
u_200845,2026-06-13,organic_search,Turkey,iOS,free,25-34,6.9.2,17.4
u_200846,2026-06-21,referral,Saudi Arabia,Android,free,45+,7.1.0,15
u_200847,2026-03-22,influencer,United Arab Emirates,Android,free,18-24,6.9.0,15
u_200848,2026-04-13,organic_search,Brazil,Web,free,25-34,6.9.2,n/a
u_200849,2026-04-11,influencer,Indonesia,Android,free,13-17,6.9.0,13
u_200850,2026-05-14,organic_search,United States,Android,free,25-34,7.0.0,13
u_200851,2026-05-02,app_store_browse,United States,Android,free,45+,7.0.1,15
u_200852,2026-05-06,paid_search,Pakistan,Web,enterprise,18-24,7.0.0,n/a
u_200853,2026-03-22,app_store_browse,United Arab Emirates,iOS,free,25-34,6.9.2,17.4
u_200854,2026-04-25,influencer,India,iOS,free,13-17,7.1.0,17.4
u_200855,2026-06-11,app_store_browse,Pakistan,Android,free,25-34,7.0.1,15
u_200856,2026-06-13,influencer,Pakistan,Web,free,25-34,7.1.0,n/a
u_200857,2026-05-27,influencer,India,Android,free,18-24,6.8.0,12
u_200858,2026-05-08,paid_search,United States,Android,free,25-34,7.0.0,12
u_200859,2026-04-08,paid_social,Pakistan,iOS,free,25-34,7.1.0,16.5
u_200860,2026-05-19,organic_search,United States,Web,free,18-24,7.0.1,n/a
u_200861,2026-06-17,app_store_browse,Pakistan,Web,free,18-24,7.1.0,n/a
u_200862,2026-04-26,organic_search,Philippines,Android,free,25-34,7.0.1,14
u_200863,2026-04-29,app_store_browse,India,Android,free,45+,7.1.0,15
u_200864,2026-05-06,organic_search,Saudi Arabia,Android,free,18-24,7.1.0,15
u_200865,2026-05-26,influencer,United Arab Emirates,Web,free,18-24,7.0.1,n/a
u_200866,2026-04-23,influencer,Germany,Web,free,25-34,7.1.0,n/a
u_200867,2026-05-17,organic_search,Pakistan,iOS,free,18-24,7.0.0,16.5
u_200868,2026-04-05,influencer,Brazil,Android,free,25-34,7.1.0,15
u_200869,2026-06-13,organic_search,Pakistan,Android,free,18-24,7.0.0,14
u_200870,2026-04-14,influencer,United States,Android,free,25-34,7.1.0,13
u_200871,2026-05-01,app_store_browse,Pakistan,Android,free,35-44,7.0.0,13
u_200872,2026-06-14,paid_social,Germany,Android,free,18-24,7.1.0,12
u_200873,2026-03-06,paid_social,Brazil,Android,free,25-34,7.1.0,12
u_200874,2026-05-14,app_store_browse,Brazil,iOS,enterprise,18-24,7.1.0,18.0
u_200875,2026-03-13,app_store_browse,United Kingdom,Web,free,18-24,7.1.0,n/a
u_200876,2026-05-31,influencer,Pakistan,iOS,free,13-17,7.0.1,18.2
u_200877,2026-04-02,organic_search,Brazil,iOS,pro_annual,25-34,7.1.0,18.0
u_200878,2026-04-24,paid_social,United States,iOS,free,18-24,7.0.1,17.4
u_200879,2026-04-23,organic_search,Indonesia,Android,free,45+,7.1.0,15
u_200880,2026-04-15,paid_social,Indonesia,iOS,free,25-34,7.1.0,18.0
u_200881,2026-04-29,paid_search,India,Android,free,13-17,7.0.1,12
u_200882,2026-05-29,referral,United States,Android,free,25-34,7.1.0,14
u_200883,2026-04-02,paid_search,United States,Android,pro_monthly,35-44,6.9.2,13
u_200884,2026-05-26,influencer,Pakistan,iOS,free,45+,6.9.0,18.0
u_200885,2026-05-29,app_store_browse,India,Web,free,18-24,7.0.1,n/a
u_200886,2026-04-14,influencer,Turkey,Web,free,18-24,7.0.0,n/a
u_200887,2026-06-02,referral,Pakistan,iOS,free,25-34,7.0.1,17.4
u_200888,2026-05-12,influencer,United States,Android,pro_monthly,25-34,7.0.1,14
u_200889,2026-05-30,paid_search,Germany,Android,free,18-24,7.1.0,12
u_200890,2026-06-12,app_store_browse,United States,iOS,free,25-34,6.9.0,16.5
u_200891,2026-03-20,app_store_browse,United Arab Emirates,Android,pro_annual,25-34,7.0.0,15
u_200892,2026-04-29,influencer,Turkey,Android,free,18-24,6.8.0,14
u_200893,2026-03-11,organic_search,Saudi Arabia,Android,free,25-34,7.1.0,15
u_200894,2026-06-01,influencer,United States,Android,free,25-34,7.0.1,14
u_200895,2026-04-12,influencer,Pakistan,Android,free,18-24,7.1.0,12
u_200896,2026-05-22,paid_social,Nigeria,Android,pro_monthly,18-24,7.1.0,14
u_200897,2026-05-10,paid_search,Indonesia,iOS,pro_monthly,25-34,7.0.0,17.4
u_200898,2026-06-10,paid_search,United Kingdom,iOS,pro_annual,25-34,7.1.0,17.4
u_200899,2026-05-16,referral,United States,Web,free,18-24,7.1.0,n/a
u_200900,2026-05-30,influencer,India,iOS,free,35-44,7.0.1,18.0
u_200901,2026-04-17,app_store_browse,Indonesia,Web,free,35-44,7.1.0,n/a
u_200902,2026-05-15,paid_search,Nigeria,Android,free,25-34,6.9.2,13
u_200903,2026-06-06,organic_search,United Arab Emirates,Android,free,13-17,7.0.0,13
u_200904,2026-05-12,paid_social,United Kingdom,Android,enterprise,18-24,6.8.0,13
u_200905,2026-05-12,paid_search,India,Android,free,25-34,6.8.0,15
u_200906,2026-06-21,app_store_browse,Pakistan,Android,free,25-34,7.1.0,12
u_200907,2026-06-16,organic_search,Philippines,Web,free,13-17,7.0.1,n/a
u_200908,2026-05-22,influencer,United Kingdom,Web,free,25-34,7.0.1,n/a
u_200909,2026-05-03,paid_search,United States,Android,free,25-34,7.1.0,15
u_200910,2026-03-23,paid_search,Brazil,Android,free,45+,7.1.0,13
u_200911,2026-05-05,paid_search,India,Android,free,25-34,6.9.0,12
u_200912,2026-05-26,paid_social,United Arab Emirates,iOS,free,25-34,7.1.0,18.0
u_200913,2026-05-28,paid_search,United Arab Emirates,Android,free,18-24,6.8.0,15
u_200914,2026-06-05,influencer,United Arab Emirates,iOS,pro_monthly,18-24,7.0.0,18.0
u_200915,2026-05-17,paid_social,Turkey,iOS,free,18-24,7.0.1,17.0
u_200916,2026-05-27,influencer,Pakistan,Android,free,25-34,7.0.0,12
u_200917,2026-06-04,paid_social,United Arab Emirates,Android,free,25-34,7.0.0,12
u_200918,2026-05-18,paid_search,Brazil,Android,free,18-24,6.9.2,12
u_200919,2026-04-13,paid_social,India,Android,free,45+,7.1.0,13
u_200920,2026-05-07,paid_social,Turkey,Android,free,18-24,7.1.0,15
u_200921,2026-03-15,paid_search,Pakistan,Web,free,25-34,6.9.0,n/a
u_200922,2026-05-28,app_store_browse,United States,Web,free,18-24,7.1.0,n/a
u_200923,2026-05-23,influencer,United States,iOS,free,25-34,7.1.0,16.5
u_200924,2026-06-21,app_store_browse,Indonesia,Android,free,18-24,6.8.0,14
u_200925,2026-05-28,paid_search,Indonesia,Android,free,18-24,7.1.0,15
u_200926,2026-05-27,paid_social,United States,Android,free,18-24,7.0.0,13
u_200927,2026-05-22,paid_social,United Kingdom,Android,free,25-34,7.1.0,13
u_200928,2026-05-08,paid_social,Saudi Arabia,Android,free,25-34,7.0.1,12
u_200929,2026-03-15,paid_social,United Arab Emirates,iOS,free,25-34,7.1.0,17.0
u_200930,2026-03-24,paid_search,United States,iOS,pro_monthly,25-34,7.0.0,18.0
u_200931,2026-04-24,paid_search,United Kingdom,Android,pro_monthly,25-34,6.9.0,13
u_200932,2026-06-09,paid_social,Philippines,Android,free,25-34,7.1.0,13
u_200933,2026-03-09,influencer,Turkey,iOS,free,35-44,6.9.2,18.0
u_200934,2026-03-05,paid_social,United States,iOS,free,35-44,6.9.2,18.0
u_200935,2026-05-25,paid_social,Saudi Arabia,iOS,free,13-17,7.1.0,18.0
u_200936,2026-04-01,referral,United States,Android,free,18-24,6.8.0,14
u_200937,2026-05-11,organic_search,United States,Android,free,18-24,7.0.1,13
u_200938,2026-06-05,app_store_browse,United States,iOS,free,18-24,7.1.0,17.4
u_200939,2026-05-27,referral,United States,iOS,free,35-44,6.9.0,18.2
u_200940,2026-03-18,app_store_browse,Saudi Arabia,iOS,enterprise,25-34,7.1.0,17.4
u_200941,2026-06-09,organic_search,United Arab Emirates,Web,free,18-24,7.0.1,n/a
u_200942,2026-03-14,influencer,Turkey,Android,free,18-24,6.9.2,15
u_200943,2026-03-20,paid_search,United States,iOS,free,25-34,7.0.0,16.5
u_200944,2026-03-17,app_store_browse,Brazil,Android,free,25-34,7.0.1,12
u_200945,2026-04-30,paid_social,Brazil,Android,free,35-44,7.1.0,13
u_200946,2026-04-13,paid_social,Brazil,Android,free,35-44,7.0.1,14
u_200947,2026-03-25,paid_search,Pakistan,iOS,pro_monthly,25-34,7.0.0,16.5
u_200948,2026-05-15,referral,India,iOS,pro_annual,25-34,7.1.0,17.4
u_200949,2026-06-04,organic_search,United Arab Emirates,Web,free,13-17,6.9.2,n/a
u_200950,2026-04-24,paid_social,United States,Android,free,25-34,7.0.0,12
u_200951,2026-03-26,influencer,United Arab Emirates,iOS,free,25-34,7.0.1,17.0
u_200952,2026-05-31,app_store_browse,Germany,Android,free,18-24,7.1.0,12
u_200953,2026-05-02,influencer,United Kingdom,iOS,free,18-24,7.0.0,18.0
u_200954,2026-04-19,app_store_browse,United States,Web,free,13-17,7.0.0,n/a
u_200955,2026-06-16,organic_search,United States,Android,free,25-34,6.9.0,12
u_200956,2026-03-14,influencer,Indonesia,iOS,free,35-44,7.0.1,18.0
u_200957,2026-03-29,organic_search,Philippines,Android,free,18-24,7.0.1,15
u_200958,2026-03-19,influencer,United Arab Emirates,iOS,free,35-44,7.1.0,17.0
u_200959,2026-03-18,influencer,United Arab Emirates,iOS,free,18-24,6.9.2,17.4
u_200960,2026-03-05,paid_search,Indonesia,iOS,pro_monthly,18-24,7.1.0,17.0
u_200961,2026-03-14,paid_social,India,Web,free,25-34,7.0.1,n/a
u_200962,2026-04-21,paid_social,United States,Web,free,13-17,7.0.0,n/a
u_200963,2026-03-18,paid_social,Pakistan,Web,free,25-34,7.1.0,n/a
u_200964,2026-03-16,influencer,Pakistan,iOS,free,25-34,7.0.1,17.4
u_200965,2026-05-04,influencer,Saudi Arabia,iOS,pro_annual,25-34,6.8.0,17.0
u_200966,2026-05-04,organic_search,Pakistan,iOS,free,18-24,7.1.0,18.2
u_200967,2026-03-17,paid_social,India,Android,free,35-44,7.0.1,13
u_200968,2026-03-14,paid_social,United States,Android,free,35-44,7.0.1,12
u_200969,2026-03-08,paid_social,United States,Android,free,25-34,7.1.0,14
u_200970,2026-05-23,organic_search,United States,Android,pro_monthly,35-44,7.1.0,14
u_200971,2026-03-30,app_store_browse,Indonesia,iOS,free,13-17,7.0.1,17.0
u_200972,2026-04-08,organic_search,United States,Android,free,18-24,7.1.0,13
u_200973,2026-04-08,paid_social,United States,Android,free,18-24,7.1.0,13
u_200974,2026-03-26,organic_search,Pakistan,Android,free,18-24,7.1.0,12
u_200975,2026-03-13,organic_search,Nigeria,iOS,free,35-44,7.1.0,17.0
u_200976,2026-03-20,paid_search,Germany,Android,free,18-24,7.0.0,15
u_200977,2026-04-08,influencer,United States,Android,free,18-24,6.9.0,15
u_200978,2026-04-01,paid_social,Philippines,iOS,pro_monthly,35-44,7.0.1,16.5
u_200979,2026-03-27,influencer,United States,Android,free,13-17,7.1.0,14
u_200980,2026-03-18,paid_search,United Arab Emirates,Android,free,18-24,6.9.2,14
u_200981,2026-04-05,paid_search,United States,Android,free,45+,7.1.0,12
u_200982,2026-05-30,paid_social,United States,iOS,free,13-17,7.1.0,18.0
u_200983,2026-03-09,organic_search,Indonesia,Android,free,25-34,7.1.0,12
u_200984,2026-03-23,organic_search,Pakistan,Android,free,25-34,6.9.2,13
u_200985,2026-04-14,paid_social,Saudi Arabia,Android,free,18-24,7.1.0,12
u_200986,2026-04-27,paid_social,Pakistan,iOS,free,18-24,7.0.1,16.5
u_200987,2026-04-12,paid_social,United Arab Emirates,Android,pro_annual,18-24,7.1.0,14
u_200988,2026-05-09,paid_social,Nigeria,Web,free,18-24,7.1.0,n/a
u_200989,2026-05-27,influencer,United States,Web,free,35-44,7.0.0,n/a
u_200990,2026-05-05,referral,Saudi Arabia,iOS,free,25-34,6.9.0,18.0
u_200991,2026-04-28,influencer,Philippines,Android,free,18-24,7.1.0,13
u_200992,2026-06-17,organic_search,Indonesia,iOS,free,25-34,7.1.0,18.2
u_200993,2026-03-25,paid_social,Turkey,Android,free,25-34,7.0.1,14
u_200994,2026-04-27,influencer,Turkey,Android,free,25-34,7.1.0,13
u_200995,2026-04-06,app_store_browse,United States,iOS,free,18-24,6.9.2,17.4
u_200996,2026-06-06,organic_search,India,Web,pro_monthly,45+,7.0.1,n/a
u_200997,2026-06-13,influencer,Pakistan,iOS,free,25-34,7.0.1,16.5
u_200998,2026-03-10,referral,Pakistan,Android,pro_monthly,18-24,6.9.0,15
u_200999,2026-03-27,organic_search,Turkey,Android,free,18-24,6.9.0,15
u_201000,2026-06-10,organic_search,United Kingdom,Android,pro_annual,25-34,7.1.0,12
u_201001,2026-05-23,paid_search,Germany,iOS,free,35-44,7.0.1,18.0
u_201002,2026-04-28,influencer,India,iOS,free,25-34,6.9.2,16.5
u_201003,2026-06-14,paid_social,Indonesia,Android,free,45+,6.9.2,15
u_201004,2026-03-07,organic_search,Pakistan,Android,free,18-24,7.0.0,13
u_201005,2026-06-01,influencer,United Kingdom,Web,pro_annual,18-24,7.0.1,n/a
u_201006,2026-03-27,paid_social,United States,Android,free,25-34,7.1.0,13
u_201007,2026-05-23,paid_social,Philippines,Android,free,35-44,7.1.0,13
u_201008,2026-04-05,paid_search,United Arab Emirates,Android,free,25-34,6.9.0,12
u_201009,2026-06-20,organic_search,United Arab Emirates,Android,free,25-34,7.1.0,12
u_201010,2026-04-04,app_store_browse,United Arab Emirates,Android,pro_annual,25-34,7.0.0,12
u_201011,2026-03-19,paid_social,Turkey,iOS,pro_monthly,25-34,6.9.2,16.5
u_201012,2026-04-20,paid_social,India,Android,free,18-24,7.0.0,13
u_201013,2026-03-24,organic_search,United Arab Emirates,Android,free,25-34,7.0.1,13
u_201014,2026-03-29,paid_social,Indonesia,Android,pro_monthly,25-34,6.9.0,14
u_201015,2026-05-29,organic_search,Pakistan,Web,free,35-44,7.1.0,n/a
u_201016,2026-06-15,paid_search,United States,iOS,free,25-34,7.1.0,18.0
u_201017,2026-06-04,organic_search,Germany,Android,free,45+,6.9.2,15
u_201018,2026-06-07,paid_social,United States,Android,free,25-34,7.0.1,14
u_201019,2026-06-08,paid_social,United States,iOS,free,35-44,7.1.0,16.5
u_201020,2026-05-21,paid_social,Saudi Arabia,Android,free,25-34,7.0.0,12
u_201021,2026-06-08,paid_social,Pakistan,Android,pro_monthly,45+,7.1.0,15
u_201022,2026-05-17,influencer,Pakistan,Android,free,35-44,7.1.0,12
u_201023,2026-03-29,paid_social,Pakistan,Android,free,25-34,7.0.0,13
u_201024,2026-05-26,paid_search,Nigeria,iOS,pro_monthly,45+,7.1.0,16.5
u_201025,2026-04-26,paid_search,Pakistan,Android,free,18-24,7.1.0,13
u_201026,2026-03-28,paid_social,United States,Web,free,35-44,6.9.2,n/a
u_201027,2026-04-19,organic_search,United Kingdom,Web,pro_annual,35-44,6.9.2,n/a
u_201028,2026-04-24,organic_search,Philippines,Android,free,35-44,6.9.2,15
u_201029,2026-03-25,influencer,United States,Android,pro_monthly,18-24,7.0.0,15
u_201030,2026-03-09,referral,United Kingdom,iOS,free,18-24,7.1.0,18.0
u_201031,2026-05-23,influencer,Pakistan,Android,free,35-44,7.0.0,12
u_201032,2026-03-21,organic_search,United Arab Emirates,iOS,free,35-44,7.1.0,18.2
u_201033,2026-05-13,organic_search,United Arab Emirates,Android,free,18-24,7.0.1,12
u_201034,2026-03-31,influencer,United Kingdom,Android,free,18-24,7.0.1,15
u_201035,2026-03-07,influencer,Philippines,Android,free,18-24,7.1.0,13
u_201036,2026-05-22,organic_search,India,iOS,free,25-34,7.0.1,18.0
u_201037,2026-04-07,app_store_browse,Saudi Arabia,Android,free,35-44,7.1.0,14
u_201038,2026-06-08,paid_search,Philippines,iOS,free,25-34,7.0.1,17.0
u_201039,2026-04-09,organic_search,United States,iOS,free,18-24,7.0.1,18.0
u_201040,2026-04-24,paid_social,Nigeria,Android,free,18-24,7.1.0,14
u_201041,2026-03-04,influencer,United Arab Emirates,Android,free,18-24,7.1.0,13
u_201042,2026-04-22,app_store_browse,India,Android,free,25-34,6.8.0,14
u_201043,2026-05-23,organic_search,India,Android,free,25-34,7.0.0,13
u_201044,2026-03-14,paid_search,Nigeria,Android,free,25-34,7.1.0,15
u_201045,2026-05-09,paid_social,United States,iOS,free,25-34,7.1.0,18.0
u_201046,2026-04-01,paid_social,United States,iOS,free,18-24,7.0.1,18.2
u_201047,2026-04-20,organic_search,United States,Android,free,25-34,7.0.1,13
u_201048,2026-06-07,paid_social,Nigeria,Android,free,25-34,6.8.0,14
u_201049,2026-06-12,referral,Saudi Arabia,Web,free,18-24,7.1.0,n/a
u_201050,2026-06-17,organic_search,Pakistan,Android,pro_monthly,18-24,7.1.0,14
u_201051,2026-05-12,influencer,Saudi Arabia,Android,free,18-24,7.0.1,15
u_201052,2026-05-01,organic_search,Brazil,iOS,free,25-34,7.0.0,16.5
u_201053,2026-05-22,organic_search,Indonesia,Android,pro_monthly,35-44,6.9.2,12
u_201054,2026-03-17,organic_search,United States,Android,free,18-24,7.0.0,15
u_201055,2026-04-17,referral,Germany,Web,free,45+,6.9.2,n/a
u_201056,2026-04-06,organic_search,United States,iOS,free,35-44,7.0.1,16.5
u_201057,2026-05-17,paid_social,United Kingdom,Android,pro_monthly,25-34,7.1.0,15
u_201058,2026-03-18,influencer,Pakistan,iOS,free,18-24,7.0.1,18.0
u_201059,2026-05-12,organic_search,Saudi Arabia,Android,free,18-24,6.8.0,13
u_201060,2026-06-04,paid_search,India,iOS,free,25-34,6.8.0,17.4
u_201061,2026-03-05,organic_search,United Kingdom,Web,free,25-34,7.0.1,n/a
u_201062,2026-03-07,organic_search,India,iOS,free,25-34,7.0.1,16.5
u_201063,2026-03-08,paid_search,United States,iOS,pro_annual,18-24,7.0.1,17.4
u_201064,2026-05-17,paid_social,Pakistan,Web,free,18-24,6.9.2,n/a
u_201065,2026-04-02,paid_social,Germany,Android,free,25-34,6.9.2,14
u_201066,2026-04-02,organic_search,United States,iOS,free,25-34,7.0.0,17.0
u_201067,2026-04-28,influencer,Brazil,Android,free,18-24,7.0.0,12
u_201068,2026-04-10,influencer,India,Android,enterprise,25-34,7.1.0,15
u_201069,2026-05-20,app_store_browse,United States,iOS,free,45+,6.9.2,18.0
u_201070,2026-03-30,paid_social,United States,Web,free,25-34,6.9.0,n/a
u_201071,2026-05-09,influencer,India,iOS,free,25-34,7.1.0,16.5
u_201072,2026-05-01,paid_search,United States,iOS,free,45+,7.0.0,17.4
u_201073,2026-03-19,app_store_browse,Indonesia,iOS,free,25-34,7.0.0,17.0
u_201074,2026-03-17,paid_social,Pakistan,iOS,pro_monthly,25-34,7.0.0,17.4
u_201075,2026-05-30,referral,United States,Android,enterprise,45+,7.1.0,12
u_201076,2026-06-17,influencer,India,Android,free,13-17,7.0.0,13
u_201077,2026-06-03,organic_search,Indonesia,iOS,free,18-24,6.9.0,18.0
u_201078,2026-05-10,app_store_browse,Indonesia,iOS,free,35-44,6.9.2,18.0
u_201079,2026-05-05,organic_search,Pakistan,iOS,free,25-34,7.0.0,16.5
u_201080,2026-03-08,organic_search,United Kingdom,iOS,free,25-34,7.0.0,16.5
u_201081,2026-03-29,influencer,Saudi Arabia,Web,free,13-17,6.9.2,n/a
u_201082,2026-06-19,paid_social,Brazil,iOS,free,25-34,7.1.0,18.2
u_201083,2026-06-07,paid_search,Nigeria,iOS,free,45+,7.1.0,18.0
u_201084,2026-05-24,paid_social,United Arab Emirates,Android,free,25-34,7.0.1,15
u_201085,2026-06-20,paid_social,India,Android,free,35-44,6.9.0,13
u_201086,2026-06-16,organic_search,United States,Android,free,18-24,6.9.0,14
u_201087,2026-04-04,influencer,United Kingdom,Android,pro_monthly,45+,6.9.0,14
u_201088,2026-04-21,influencer,United Arab Emirates,iOS,free,18-24,7.1.0,18.0
u_201089,2026-05-20,paid_social,Germany,Web,free,25-34,7.0.1,n/a
u_201090,2026-03-20,organic_search,United States,iOS,free,25-34,7.0.1,18.2
u_201091,2026-04-26,paid_social,United States,Android,free,25-34,7.0.1,12
u_201092,2026-05-31,paid_social,Turkey,iOS,free,45+,7.1.0,17.4
u_201093,2026-03-13,influencer,Indonesia,Android,free,45+,7.1.0,15
u_201094,2026-06-02,paid_social,India,Android,free,13-17,7.0.0,13
u_201095,2026-05-31,organic_search,Indonesia,Web,free,25-34,7.0.1,n/a
u_201096,2026-05-20,organic_search,United Kingdom,iOS,free,25-34,7.1.0,16.5
u_201097,2026-03-10,paid_search,India,iOS,free,18-24,7.0.1,17.0
u_201098,2026-04-12,paid_search,Philippines,iOS,free,35-44,7.0.0,18.0
u_201099,2026-05-19,paid_social,India,Android,free,35-44,7.0.0,15
u_201100,2026-04-17,organic_search,India,Android,free,13-17,7.1.0,15
u_201101,2026-03-29,organic_search,India,iOS,free,35-44,6.8.0,18.0
u_201102,2026-03-29,influencer,United States,Web,free,25-34,6.9.2,n/a
u_201103,2026-03-23,influencer,United States,Web,free,18-24,7.0.1,n/a
u_201104,2026-05-09,paid_social,Turkey,iOS,free,25-34,7.0.1,16.5
u_201105,2026-03-14,influencer,United Arab Emirates,iOS,free,25-34,6.9.2,16.5
u_201106,2026-03-12,influencer,India,iOS,free,18-24,6.9.2,18.0
u_201107,2026-04-25,organic_search,Brazil,Web,free,18-24,6.9.2,n/a
u_201108,2026-04-13,paid_social,India,Android,pro_monthly,18-24,7.1.0,13
u_201109,2026-05-30,referral,Pakistan,Android,free,35-44,7.1.0,14
u_201110,2026-05-20,paid_social,Germany,Android,free,18-24,7.0.0,13
u_201111,2026-06-17,influencer,Philippines,iOS,free,25-34,7.1.0,16.5
u_201112,2026-05-06,app_store_browse,Nigeria,Android,pro_monthly,18-24,6.9.0,15
u_201113,2026-03-07,app_store_browse,Pakistan,Android,pro_monthly,45+,6.8.0,15
u_201114,2026-04-15,paid_search,United States,Android,free,18-24,7.0.1,13
u_201115,2026-05-24,app_store_browse,Philippines,Android,free,18-24,7.0.0,13
u_201116,2026-05-07,referral,Philippines,Web,pro_monthly,25-34,6.9.2,n/a
u_201117,2026-05-02,paid_search,Indonesia,Web,free,18-24,6.9.2,n/a
u_201118,2026-05-05,organic_search,United States,iOS,free,18-24,6.9.0,17.4
u_201119,2026-03-20,organic_search,India,iOS,free,25-34,7.0.1,16.5
u_201120,2026-06-18,organic_search,Brazil,Android,free,18-24,6.9.2,14
u_201121,2026-06-15,organic_search,Nigeria,Android,free,25-34,7.1.0,12
u_201122,2026-04-16,organic_search,India,iOS,free,45+,6.9.2,18.2
u_201123,2026-03-29,paid_social,United States,Web,free,18-24,7.1.0,n/a
u_201124,2026-03-12,app_store_browse,India,iOS,free,18-24,7.1.0,16.5
u_201125,2026-03-10,paid_search,Brazil,iOS,free,18-24,7.1.0,18.0
u_201126,2026-03-15,organic_search,Turkey,iOS,free,18-24,7.0.1,17.0
u_201127,2026-05-31,influencer,United Kingdom,iOS,free,18-24,6.9.0,16.5
u_201128,2026-05-09,paid_social,Turkey,Android,free,45+,6.8.0,13
u_201129,2026-03-02,paid_search,United Arab Emirates,Web,free,25-34,6.9.2,n/a
u_201130,2026-05-16,referral,Nigeria,Android,free,18-24,7.0.0,12
u_201131,2026-04-29,paid_search,Indonesia,Android,free,25-34,7.1.0,12
u_201132,2026-03-04,app_store_browse,United Arab Emirates,iOS,free,18-24,7.0.0,18.2
u_201133,2026-03-12,referral,Saudi Arabia,Android,free,18-24,6.8.0,14
u_201134,2026-04-20,influencer,United Kingdom,Android,free,18-24,7.1.0,12
u_201135,2026-04-20,paid_social,United States,iOS,free,25-34,6.9.2,18.2
u_201136,2026-03-25,paid_social,United Arab Emirates,Android,free,45+,6.8.0,13
u_201137,2026-06-07,app_store_browse,United Arab Emirates,Web,free,45+,7.0.1,n/a
u_201138,2026-06-16,paid_search,Nigeria,Android,free,35-44,7.1.0,12
u_201139,2026-05-22,influencer,Germany,Web,free,18-24,7.0.1,n/a
u_201140,2026-06-19,paid_search,Pakistan,Android,free,18-24,7.0.1,12
u_201141,2026-04-12,influencer,Brazil,Web,free,13-17,6.9.2,n/a
u_201142,2026-03-05,paid_social,Brazil,iOS,free,25-34,7.1.0,16.5
u_201143,2026-06-01,paid_social,India,Android,free,18-24,6.9.0,13
u_201144,2026-05-05,organic_search,Germany,Web,pro_annual,25-34,6.9.0,n/a
u_201145,2026-03-28,organic_search,United States,Android,free,25-34,7.1.0,14
u_201146,2026-05-19,app_store_browse,Pakistan,Android,enterprise,18-24,7.0.1,12
u_201147,2026-05-27,referral,India,Web,free,35-44,7.0.0,n/a
u_201148,2026-04-03,paid_social,Indonesia,Android,pro_annual,25-34,7.0.1,13
u_201149,2026-03-21,paid_social,United States,iOS,enterprise,25-34,7.1.0,16.5
u_201150,2026-05-14,organic_search,United Kingdom,Android,free,45+,6.9.2,14
u_201151,2026-04-13,organic_search,United Kingdom,Web,free,25-34,7.1.0,n/a
u_201152,2026-05-24,paid_search,United Arab Emirates,Android,free,35-44,6.9.2,13
u_201153,2026-05-28,organic_search,United States,iOS,free,45+,7.1.0,18.0
u_201154,2026-05-12,referral,Brazil,Android,free,18-24,7.1.0,14
u_201155,2026-04-21,organic_search,United States,Android,free,25-34,7.1.0,15
u_201156,2026-04-09,referral,United Arab Emirates,Android,free,18-24,7.0.0,14
u_201157,2026-05-21,influencer,United Kingdom,iOS,free,25-34,7.1.0,17.0
u_201158,2026-04-05,paid_social,United States,iOS,free,13-17,6.9.2,17.0
u_201159,2026-06-06,paid_search,Turkey,Android,pro_monthly,25-34,7.0.0,14
u_201160,2026-06-15,app_store_browse,Brazil,iOS,pro_annual,25-34,7.0.0,18.0
u_201161,2026-06-06,influencer,Turkey,Android,free,45+,7.1.0,14
u_201162,2026-03-04,influencer,United States,Android,pro_annual,25-34,6.9.0,13
u_201163,2026-05-09,paid_social,United Kingdom,Android,pro_monthly,18-24,6.9.0,15
u_201164,2026-06-10,paid_search,India,Web,free,25-34,7.1.0,n/a
u_201165,2026-03-24,paid_social,United States,Android,free,45+,7.1.0,14
u_201166,2026-04-05,referral,United Arab Emirates,iOS,free,25-34,7.0.1,17.0
u_201167,2026-06-13,influencer,India,Web,pro_monthly,18-24,7.0.1,n/a
u_201168,2026-05-20,app_store_browse,Turkey,iOS,free,18-24,6.9.0,17.4
u_201169,2026-05-29,organic_search,Nigeria,Android,free,18-24,7.1.0,14
u_201170,2026-05-22,app_store_browse,Nigeria,iOS,free,13-17,7.0.1,18.2
u_201171,2026-05-21,paid_social,India,Android,free,35-44,7.0.1,15
u_201172,2026-06-15,organic_search,Saudi Arabia,iOS,free,25-34,6.9.2,17.4
u_201173,2026-04-13,paid_search,Germany,iOS,free,25-34,7.0.0,18.2
u_201174,2026-03-12,paid_social,Pakistan,iOS,free,13-17,7.1.0,17.0
u_201175,2026-03-28,influencer,Turkey,iOS,pro_monthly,35-44,7.1.0,17.0
u_201176,2026-03-27,paid_social,United States,Android,free,18-24,7.1.0,14
u_201177,2026-03-29,paid_social,Pakistan,Android,pro_monthly,35-44,7.1.0,15
u_201178,2026-05-17,paid_search,United States,iOS,pro_monthly,25-34,7.0.1,17.0
u_201179,2026-05-02,paid_search,United States,iOS,pro_annual,35-44,6.9.2,18.2
u_201180,2026-05-13,paid_social,United States,iOS,pro_monthly,18-24,7.1.0,18.2
u_201181,2026-04-21,paid_social,Nigeria,Android,free,25-34,7.0.1,14
u_201182,2026-05-16,organic_search,United Arab Emirates,Web,pro_annual,18-24,7.0.1,n/a
u_201183,2026-05-23,app_store_browse,United States,iOS,free,25-34,7.0.1,18.2
u_201184,2026-06-13,paid_search,United States,Android,pro_annual,13-17,6.9.0,14
u_201185,2026-05-22,influencer,Nigeria,Android,free,18-24,7.0.0,15
u_201186,2026-06-09,app_store_browse,Brazil,iOS,free,25-34,6.9.2,17.4
u_201187,2026-06-20,paid_social,India,Android,free,13-17,7.0.1,12
u_201188,2026-05-25,paid_social,Saudi Arabia,Android,free,18-24,7.1.0,12
u_201189,2026-03-28,influencer,Nigeria,Web,free,25-34,7.0.1,n/a
u_201190,2026-05-18,paid_search,India,Web,free,18-24,7.0.1,n/a
u_201191,2026-06-17,app_store_browse,United States,Android,free,35-44,7.0.1,15
u_201192,2026-05-08,paid_social,United States,Web,free,18-24,6.9.0,n/a
u_201193,2026-04-25,influencer,United Arab Emirates,Web,free,25-34,7.1.0,n/a
u_201194,2026-06-04,app_store_browse,India,Android,pro_annual,25-34,7.1.0,12
u_201195,2026-04-01,referral,India,iOS,free,18-24,6.8.0,17.4
u_201196,2026-03-02,app_store_browse,Indonesia,Android,free,25-34,7.0.0,13
u_201197,2026-06-16,paid_social,Indonesia,iOS,free,18-24,7.0.0,18.0
u_201198,2026-03-28,referral,Pakistan,iOS,free,25-34,6.9.2,18.0
u_201199,2026-06-01,referral,Turkey,iOS,free,13-17,7.1.0,17.4
u_201200,2026-05-05,paid_search,Nigeria,iOS,free,18-24,7.1.0,18.2
u_201201,2026-05-07,referral,India,iOS,free,35-44,7.0.1,18.0
u_201202,2026-05-03,organic_search,Indonesia,Web,free,45+,6.9.0,n/a
u_201203,2026-06-05,referral,India,Web,free,18-24,7.1.0,n/a
u_201204,2026-03-23,organic_search,United States,iOS,free,45+,7.1.0,17.4
u_201205,2026-03-28,organic_search,Indonesia,Android,free,35-44,7.1.0,13
u_201206,2026-04-26,paid_social,India,iOS,free,18-24,7.1.0,18.0
u_201207,2026-04-10,influencer,United States,iOS,free,18-24,7.1.0,17.4
u_201208,2026-04-13,organic_search,United States,Android,pro_monthly,25-34,6.9.2,13
u_201209,2026-05-30,app_store_browse,United Kingdom,iOS,free,35-44,7.1.0,16.5
u_201210,2026-03-03,organic_search,Turkey,Android,free,45+,6.9.0,15
u_201211,2026-06-21,organic_search,Indonesia,Android,free,25-34,6.8.0,14
u_201212,2026-06-21,organic_search,Pakistan,Android,enterprise,18-24,7.1.0,13
u_201213,2026-04-28,paid_social,Pakistan,iOS,pro_monthly,35-44,7.1.0,16.5
u_201214,2026-05-30,paid_social,Germany,iOS,free,18-24,7.1.0,16.5
u_201215,2026-04-15,paid_social,Pakistan,iOS,free,18-24,7.0.1,17.0
u_201216,2026-04-29,organic_search,United States,iOS,free,25-34,7.0.1,16.5
u_201217,2026-05-26,paid_social,Pakistan,iOS,free,35-44,7.0.1,16.5
u_201218,2026-04-30,organic_search,Saudi Arabia,iOS,pro_monthly,18-24,7.0.1,17.4
u_201219,2026-04-04,referral,Saudi Arabia,Android,free,35-44,7.0.1,14
u_201220,2026-06-14,paid_search,United States,Android,free,25-34,7.1.0,13
u_201221,2026-05-26,paid_social,India,Web,free,18-24,7.0.0,n/a
u_201222,2026-06-18,organic_search,United States,iOS,free,35-44,7.1.0,17.4
u_201223,2026-05-11,paid_search,Indonesia,iOS,free,35-44,7.1.0,17.0
u_201224,2026-05-06,organic_search,Pakistan,Android,free,35-44,7.1.0,15
u_201225,2026-05-24,paid_social,Philippines,Android,pro_annual,35-44,7.0.1,15
u_201226,2026-05-22,organic_search,United Arab Emirates,Android,free,18-24,6.8.0,14
u_201227,2026-03-04,paid_social,Indonesia,Android,free,25-34,7.1.0,14
u_201228,2026-04-25,paid_social,Indonesia,iOS,enterprise,25-34,7.1.0,18.0
u_201229,2026-06-06,organic_search,Saudi Arabia,Android,free,25-34,7.1.0,12
u_201230,2026-03-19,app_store_browse,United States,Android,pro_monthly,18-24,7.1.0,15
u_201231,2026-03-17,influencer,United States,Android,free,25-34,7.1.0,12
u_201232,2026-04-17,organic_search,United States,Android,pro_annual,35-44,6.8.0,15
u_201233,2026-05-02,paid_social,Pakistan,Android,free,18-24,7.0.1,14
u_201234,2026-06-21,influencer,Nigeria,Android,free,25-34,6.9.2,12
u_201235,2026-06-09,organic_search,Turkey,Web,free,18-24,6.9.2,n/a
u_201236,2026-04-28,app_store_browse,Brazil,iOS,free,35-44,7.0.1,17.0
u_201237,2026-05-13,organic_search,India,iOS,free,18-24,7.1.0,18.2
u_201238,2026-04-14,organic_search,India,Web,free,25-34,6.9.0,n/a
u_201239,2026-05-10,paid_social,United States,Web,pro_annual,18-24,7.0.1,n/a
u_201240,2026-04-24,influencer,United Kingdom,Android,free,18-24,6.9.2,12
u_201241,2026-03-23,paid_search,Turkey,iOS,pro_annual,25-34,6.8.0,16.5
u_201242,2026-05-18,paid_search,United Arab Emirates,iOS,free,18-24,7.0.0,18.2
u_201243,2026-03-06,organic_search,Nigeria,Web,pro_monthly,25-34,7.0.1,n/a
u_201244,2026-04-23,app_store_browse,United States,Android,free,13-17,6.9.2,13
u_201245,2026-04-13,app_store_browse,Pakistan,Web,free,35-44,7.1.0,n/a
u_201246,2026-04-09,influencer,United Arab Emirates,iOS,free,25-34,6.9.0,16.5
u_201247,2026-03-25,referral,United States,Web,free,35-44,7.0.1,n/a
u_201248,2026-06-17,paid_search,Germany,iOS,free,25-34,7.0.1,18.0
u_201249,2026-04-15,paid_social,Pakistan,Android,free,25-34,7.1.0,13
u_201250,2026-03-30,referral,United States,Web,pro_annual,13-17,7.0.0,n/a
u_201251,2026-06-19,organic_search,Saudi Arabia,iOS,free,25-34,7.0.1,18.2
u_201252,2026-05-04,paid_social,Turkey,Android,free,13-17,7.0.1,14
u_201253,2026-05-11,paid_social,India,iOS,free,25-34,7.1.0,18.2
u_201254,2026-05-14,paid_social,Germany,Web,free,25-34,7.1.0,n/a
u_201255,2026-04-28,paid_search,United Kingdom,Android,free,25-34,7.0.0,14
u_201256,2026-05-29,paid_search,Pakistan,Android,free,35-44,7.1.0,13
u_201257,2026-06-19,paid_social,United Kingdom,Web,free,18-24,7.1.0,n/a
u_201258,2026-04-21,paid_social,Pakistan,Android,free,18-24,6.9.2,14
u_201259,2026-03-09,referral,United Arab Emirates,Android,free,18-24,6.9.0,12
u_201260,2026-06-16,influencer,Philippines,Android,free,25-34,7.1.0,13
u_201261,2026-06-17,paid_social,United States,Android,free,45+,6.8.0,14
u_201262,2026-06-20,organic_search,United States,iOS,free,35-44,7.0.0,16.5
u_201263,2026-05-15,paid_social,Pakistan,iOS,free,25-34,7.0.1,16.5
u_201264,2026-04-07,paid_social,Saudi Arabia,iOS,free,35-44,7.0.1,17.0
u_201265,2026-06-02,organic_search,India,Android,free,45+,7.1.0,15
u_201266,2026-05-12,paid_social,India,Android,free,35-44,6.9.2,12
u_201267,2026-05-05,paid_search,United States,Android,free,18-24,7.1.0,15
u_201268,2026-05-13,organic_search,United States,iOS,free,45+,7.1.0,18.0
u_201269,2026-05-03,paid_social,United Arab Emirates,iOS,free,13-17,7.0.1,18.2
u_201270,2026-05-19,referral,United States,Android,free,25-34,7.0.1,14
u_201271,2026-06-21,referral,Turkey,iOS,free,25-34,7.1.0,17.0
u_201272,2026-06-11,organic_search,United Arab Emirates,Android,free,25-34,7.0.1,13
u_201273,2026-04-22,paid_social,Nigeria,iOS,free,18-24,7.0.0,16.5
u_201274,2026-05-13,organic_search,Turkey,Android,free,25-34,7.0.1,12
u_201275,2026-03-25,referral,Pakistan,iOS,free,18-24,6.9.2,17.4
u_201276,2026-04-27,referral,Turkey,iOS,free,25-34,6.8.0,18.0
u_201277,2026-05-21,paid_social,Germany,iOS,free,18-24,6.9.0,17.0
u_201278,2026-06-19,influencer,United States,Android,free,18-24,7.1.0,13
u_201279,2026-03-11,organic_search,Brazil,iOS,free,25-34,7.1.0,16.5
u_201280,2026-04-24,organic_search,Germany,Web,free,35-44,7.1.0,n/a
u_201281,2026-05-27,paid_search,Germany,Web,free,25-34,7.0.0,n/a
u_201282,2026-06-11,organic_search,United Kingdom,Android,free,25-34,7.0.1,13
u_201283,2026-05-17,paid_social,United States,Android,free,45+,6.9.2,12
u_201284,2026-03-18,influencer,United States,Web,free,25-34,6.9.2,n/a
u_201285,2026-03-28,app_store_browse,India,Android,free,45+,6.9.2,13
u_201286,2026-03-27,paid_search,India,Android,pro_annual,25-34,7.1.0,13
u_201287,2026-04-22,paid_search,Turkey,Web,free,18-24,7.1.0,n/a
u_201288,2026-05-02,paid_social,India,iOS,pro_annual,35-44,6.9.0,17.0
u_201289,2026-03-07,organic_search,United States,Web,pro_annual,25-34,7.1.0,n/a
u_201290,2026-04-06,influencer,India,Web,free,18-24,7.0.0,n/a
u_201291,2026-04-14,organic_search,United States,iOS,free,18-24,6.9.2,17.0
u_201292,2026-06-04,app_store_browse,India,iOS,free,18-24,7.0.1,17.4
u_201293,2026-03-03,organic_search,United States,Web,free,35-44,6.9.2,n/a
u_201294,2026-03-19,paid_search,Indonesia,Android,pro_annual,18-24,7.0.1,15
u_201295,2026-04-08,influencer,Saudi Arabia,iOS,pro_monthly,18-24,7.1.0,17.4
u_201296,2026-03-09,paid_social,India,Web,free,25-34,7.1.0,n/a
u_201297,2026-05-03,paid_search,Pakistan,iOS,free,18-24,7.1.0,18.0
u_201298,2026-05-08,organic_search,United States,iOS,free,13-17,6.9.2,17.0
u_201299,2026-03-22,organic_search,Saudi Arabia,Android,free,25-34,7.1.0,15
u_201300,2026-04-08,paid_search,United Arab Emirates,Android,free,18-24,7.0.0,13
u_201301,2026-05-06,referral,India,Android,pro_annual,25-34,7.1.0,15
u_201302,2026-05-07,paid_social,United States,iOS,free,18-24,6.9.2,18.0
u_201303,2026-05-19,organic_search,United States,Android,free,35-44,7.0.1,15
u_201304,2026-06-05,paid_social,Brazil,iOS,free,18-24,7.1.0,18.2
u_201305,2026-05-04,paid_search,India,iOS,free,18-24,7.0.1,18.0
u_201306,2026-06-16,organic_search,United Arab Emirates,iOS,free,18-24,7.0.1,18.2
u_201307,2026-05-31,influencer,Saudi Arabia,iOS,pro_annual,18-24,7.0.1,18.2
u_201308,2026-03-02,paid_search,United States,Web,free,18-24,7.0.1,n/a
u_201309,2026-05-21,organic_search,United States,Android,free,18-24,6.9.2,12
u_201310,2026-06-07,paid_social,Germany,iOS,free,35-44,6.9.0,18.2
u_201311,2026-05-01,organic_search,United Kingdom,Web,free,25-34,6.9.2,n/a
u_201312,2026-03-10,organic_search,Pakistan,Android,free,25-34,7.0.1,15
u_201313,2026-04-25,referral,Saudi Arabia,Android,free,25-34,7.1.0,13
u_201314,2026-03-12,paid_social,United States,Android,free,25-34,7.0.1,12
u_201315,2026-03-04,referral,United Arab Emirates,Web,free,25-34,7.1.0,n/a
u_201316,2026-03-18,organic_search,United States,Android,free,18-24,7.0.1,15
u_201317,2026-05-07,influencer,United States,Android,free,35-44,7.0.0,15
u_201318,2026-04-10,organic_search,Germany,Android,free,18-24,7.0.0,14
u_201319,2026-03-21,organic_search,Nigeria,iOS,pro_annual,18-24,7.0.1,18.0
u_201320,2026-05-06,paid_social,Philippines,Android,free,25-34,7.1.0,12
u_201321,2026-05-02,organic_search,Germany,iOS,free,25-34,7.1.0,17.0
u_201322,2026-04-01,paid_social,India,iOS,pro_annual,35-44,6.9.0,18.2
u_201323,2026-06-12,influencer,Brazil,iOS,free,25-34,7.0.1,16.5
u_201324,2026-03-26,paid_search,United States,Android,pro_monthly,18-24,7.0.1,15
u_201325,2026-04-18,organic_search,Saudi Arabia,Android,free,13-17,7.1.0,14
u_201326,2026-06-13,app_store_browse,India,Android,free,25-34,6.9.2,12
u_201327,2026-05-18,organic_search,Brazil,iOS,pro_monthly,25-34,7.0.0,18.0
u_201328,2026-06-18,organic_search,United Kingdom,Android,pro_monthly,18-24,6.9.2,15
u_201329,2026-03-07,paid_search,Indonesia,iOS,free,25-34,7.1.0,17.0
u_201330,2026-06-02,referral,Saudi Arabia,iOS,free,25-34,7.0.1,16.5
u_201331,2026-04-10,organic_search,United States,Android,free,35-44,6.8.0,13
u_201332,2026-05-03,paid_social,Saudi Arabia,Web,free,25-34,7.1.0,n/a
u_201333,2026-06-03,referral,Pakistan,Android,free,25-34,7.0.1,15
u_201334,2026-03-31,organic_search,Philippines,Web,pro_monthly,25-34,7.0.1,n/a
u_201335,2026-04-06,paid_social,India,iOS,free,18-24,7.1.0,18.0
u_201336,2026-03-11,app_store_browse,United States,Android,pro_monthly,35-44,6.9.2,15
u_201337,2026-04-04,app_store_browse,India,Android,free,45+,7.1.0,12
u_201338,2026-06-10,paid_social,Brazil,Web,free,35-44,6.9.2,n/a
u_201339,2026-05-15,paid_social,Philippines,Android,free,18-24,7.0.1,14
u_201340,2026-06-10,paid_social,India,Web,free,25-34,6.9.0,n/a
u_201341,2026-04-20,referral,Turkey,Android,free,35-44,7.0.0,15
u_201342,2026-03-09,organic_search,United States,Android,free,25-34,6.9.2,13
u_201343,2026-04-10,influencer,Pakistan,Android,pro_monthly,18-24,7.0.1,13
u_201344,2026-03-06,paid_social,India,Web,free,18-24,7.0.1,n/a
u_201345,2026-03-03,paid_social,Pakistan,Android,free,25-34,6.9.0,15
u_201346,2026-03-23,paid_search,Indonesia,Android,pro_annual,25-34,7.0.1,14
u_201347,2026-05-11,paid_social,Brazil,iOS,free,25-34,7.1.0,18.0
u_201348,2026-06-09,paid_social,Indonesia,iOS,free,18-24,7.0.0,17.4
u_201349,2026-04-10,paid_social,Philippines,iOS,free,25-34,6.9.2,18.0
u_201350,2026-04-26,organic_search,Brazil,iOS,free,25-34,6.9.0,18.2
u_201351,2026-03-23,paid_social,United Kingdom,Android,free,18-24,7.0.0,12
u_201352,2026-04-12,organic_search,United States,Web,free,13-17,7.1.0,n/a
u_201353,2026-04-05,paid_social,United States,iOS,free,18-24,6.9.0,16.5
u_201354,2026-03-14,influencer,Pakistan,iOS,pro_annual,25-34,7.0.1,17.0
u_201355,2026-05-09,organic_search,United States,Android,free,25-34,7.0.1,14
u_201356,2026-05-19,referral,Pakistan,iOS,free,45+,7.0.1,17.4
u_201357,2026-03-17,influencer,United Kingdom,Web,free,18-24,7.0.1,n/a
u_201358,2026-06-10,paid_social,United Arab Emirates,Android,free,18-24,7.1.0,13
u_201359,2026-05-17,organic_search,India,Android,free,35-44,6.9.0,12
u_201360,2026-05-26,paid_social,United Kingdom,iOS,pro_monthly,25-34,6.9.2,18.2
u_201361,2026-05-27,referral,Germany,iOS,free,35-44,6.9.0,17.0
u_201362,2026-04-16,paid_search,United Arab Emirates,Android,free,18-24,7.0.1,15
u_201363,2026-06-10,referral,India,Android,free,18-24,7.0.0,12
u_201364,2026-05-04,paid_social,Germany,Android,free,25-34,7.1.0,15
u_201365,2026-05-21,paid_social,Saudi Arabia,Android,enterprise,18-24,7.0.1,15
u_201366,2026-05-09,paid_social,India,iOS,free,13-17,6.9.2,17.4
u_201367,2026-05-02,paid_social,Pakistan,iOS,free,25-34,7.1.0,17.0
u_201368,2026-04-19,organic_search,Philippines,Android,free,35-44,7.0.0,13
u_201369,2026-04-25,influencer,Pakistan,Web,free,35-44,7.1.0,n/a
u_201370,2026-05-18,referral,India,Android,pro_monthly,25-34,7.0.1,13
u_201371,2026-06-01,influencer,Nigeria,Web,pro_annual,25-34,6.9.0,n/a
u_201372,2026-04-04,paid_social,Philippines,iOS,free,25-34,7.1.0,18.2
u_201373,2026-06-10,paid_search,United States,Android,free,35-44,7.1.0,14
u_201374,2026-03-16,paid_social,India,iOS,free,18-24,6.9.0,17.0
u_201375,2026-04-11,organic_search,India,iOS,free,18-24,7.1.0,17.4
u_201376,2026-05-31,paid_social,Pakistan,Web,free,18-24,7.0.0,n/a
u_201377,2026-06-13,paid_social,Turkey,iOS,pro_monthly,45+,6.8.0,17.4
u_201378,2026-03-26,referral,United States,Web,free,25-34,6.9.0,n/a
u_201379,2026-05-15,paid_social,India,Web,free,25-34,7.0.1,n/a
u_201380,2026-05-16,paid_social,Brazil,Android,free,18-24,7.0.1,12
u_201381,2026-05-13,app_store_browse,Brazil,Android,free,13-17,7.0.1,14
u_201382,2026-05-28,paid_social,Pakistan,iOS,pro_annual,45+,7.0.0,17.0
u_201383,2026-04-05,organic_search,United States,Web,free,18-24,7.1.0,n/a
u_201384,2026-05-29,app_store_browse,India,Android,free,18-24,6.8.0,12
u_201385,2026-06-14,paid_social,United States,Web,free,18-24,7.0.1,n/a
u_201386,2026-03-23,app_store_browse,Indonesia,iOS,free,35-44,6.8.0,17.0
u_201387,2026-06-18,paid_search,United States,Web,free,45+,7.1.0,n/a
u_201388,2026-03-04,influencer,United States,iOS,free,18-24,7.1.0,17.0
u_201389,2026-04-04,influencer,Pakistan,Web,free,25-34,7.0.1,n/a
u_201390,2026-05-29,influencer,Pakistan,iOS,free,25-34,7.1.0,17.0
u_201391,2026-03-31,paid_social,United States,Android,free,35-44,7.0.0,15
u_201392,2026-05-28,influencer,United Arab Emirates,Android,free,25-34,6.8.0,14
u_201393,2026-04-20,paid_search,India,Android,free,18-24,6.8.0,12
u_201394,2026-03-06,organic_search,United States,iOS,free,13-17,7.0.1,18.2
u_201395,2026-06-06,paid_search,United Kingdom,iOS,free,35-44,7.1.0,17.0
u_201396,2026-04-23,organic_search,United States,Android,free,35-44,7.0.0,12
u_201397,2026-04-04,organic_search,Philippines,Android,pro_monthly,25-34,7.0.1,13
u_201398,2026-04-13,app_store_browse,United States,Android,pro_monthly,18-24,7.1.0,13
u_201399,2026-05-27,paid_search,Indonesia,iOS,free,35-44,7.1.0,17.4
u_201400,2026-03-03,organic_search,Indonesia,Android,free,18-24,7.1.0,15
u_201401,2026-03-26,app_store_browse,United Arab Emirates,Android,free,18-24,7.0.0,12
u_201402,2026-04-18,referral,United States,Android,free,18-24,7.1.0,14
u_201403,2026-04-18,paid_search,Turkey,Web,free,18-24,7.0.0,n/a
u_201404,2026-03-17,paid_social,Indonesia,iOS,pro_annual,35-44,7.0.0,17.4
u_201405,2026-04-14,referral,Indonesia,iOS,pro_monthly,35-44,6.9.2,18.2
u_201406,2026-04-06,influencer,United Kingdom,iOS,pro_monthly,35-44,7.1.0,16.5
u_201407,2026-04-08,app_store_browse,India,Web,free,45+,7.1.0,n/a
u_201408,2026-03-16,influencer,United States,Web,pro_monthly,25-34,7.0.1,n/a
u_201409,2026-04-12,influencer,United States,iOS,free,18-24,6.8.0,17.4
u_201410,2026-05-10,influencer,United States,iOS,free,13-17,6.9.0,16.5
u_201411,2026-05-31,organic_search,United States,iOS,free,18-24,7.1.0,16.5
u_201412,2026-06-09,influencer,Pakistan,Android,free,35-44,7.0.1,15
u_201413,2026-06-10,paid_social,Philippines,iOS,free,18-24,6.9.2,18.0
u_201414,2026-06-08,app_store_browse,United Arab Emirates,iOS,free,35-44,7.0.1,17.0
u_201415,2026-06-11,organic_search,Pakistan,Android,free,18-24,7.1.0,15
u_201416,2026-03-02,influencer,Pakistan,iOS,free,25-34,6.9.2,17.4
u_201417,2026-03-25,organic_search,Germany,Android,free,45+,7.1.0,15
u_201418,2026-05-23,app_store_browse,United Kingdom,Web,free,18-24,7.1.0,n/a
u_201419,2026-03-18,paid_social,Germany,Android,free,25-34,7.1.0,13
u_201420,2026-03-17,paid_social,Pakistan,Android,pro_monthly,45+,6.8.0,15
u_201421,2026-03-04,paid_search,United Arab Emirates,iOS,pro_annual,18-24,7.0.1,17.4
u_201422,2026-04-28,organic_search,United Arab Emirates,Android,free,25-34,6.9.2,12
u_201423,2026-03-27,influencer,United Kingdom,Web,free,18-24,7.0.1,n/a
u_201424,2026-04-11,organic_search,Pakistan,iOS,free,25-34,7.1.0,16.5
u_201425,2026-06-11,paid_social,Pakistan,Android,free,25-34,7.0.1,15
u_201426,2026-06-05,organic_search,United Kingdom,iOS,free,35-44,7.1.0,18.0
u_201427,2026-06-19,organic_search,United States,Android,free,45+,6.9.2,14
u_201428,2026-05-05,paid_social,United Arab Emirates,Android,free,35-44,7.0.1,13
u_201429,2026-05-23,influencer,Turkey,iOS,free,35-44,7.0.1,18.0
u_201430,2026-06-07,influencer,United States,iOS,free,18-24,6.8.0,18.0
u_201431,2026-06-02,referral,United Arab Emirates,iOS,free,35-44,6.9.2,17.4
u_201432,2026-06-04,organic_search,Turkey,iOS,pro_monthly,35-44,7.1.0,16.5
u_201433,2026-03-21,paid_search,United States,Android,free,18-24,7.0.1,15
u_201434,2026-05-02,paid_social,Indonesia,Web,free,25-34,7.1.0,n/a
u_201435,2026-04-07,referral,Nigeria,Android,pro_monthly,13-17,7.1.0,13
u_201436,2026-03-23,organic_search,Philippines,iOS,free,45+,7.1.0,17.4
u_201437,2026-04-15,influencer,India,Android,free,18-24,7.0.1,13
u_201438,2026-05-31,influencer,United States,Android,free,18-24,7.1.0,15
u_201439,2026-06-15,app_store_browse,Germany,Web,free,18-24,7.0.1,n/a
u_201440,2026-06-13,paid_social,Pakistan,Android,free,25-34,6.9.0,14
u_201441,2026-04-12,referral,Pakistan,Android,pro_monthly,18-24,6.9.0,12
u_201442,2026-04-17,paid_search,India,Android,free,18-24,7.0.0,13
u_201443,2026-05-17,referral,Indonesia,iOS,free,18-24,6.9.0,17.4
u_201444,2026-04-11,influencer,India,iOS,free,18-24,7.1.0,16.5
u_201445,2026-04-26,paid_social,United States,Android,free,18-24,6.9.0,15
u_201446,2026-03-04,paid_search,United States,Android,free,18-24,6.9.2,13
u_201447,2026-03-18,paid_search,United States,Web,free,25-34,7.0.0,n/a
u_201448,2026-04-23,paid_social,Indonesia,Android,free,18-24,7.1.0,15
u_201449,2026-03-11,organic_search,India,Android,free,18-24,7.0.0,13
u_201450,2026-03-21,organic_search,United States,Web,free,25-34,7.1.0,n/a
u_201451,2026-03-27,paid_social,Saudi Arabia,Android,free,18-24,7.0.0,12
u_201452,2026-05-14,referral,United Kingdom,iOS,free,25-34,7.0.1,17.4
u_201453,2026-04-17,paid_social,Brazil,Android,free,18-24,6.9.2,13
u_201454,2026-04-02,organic_search,Germany,iOS,free,18-24,6.9.2,16.5
u_201455,2026-04-03,influencer,Philippines,iOS,pro_monthly,18-24,7.0.0,16.5
u_201456,2026-06-03,paid_search,United Kingdom,iOS,pro_annual,35-44,7.0.1,17.4
u_201457,2026-04-19,referral,United States,Web,pro_monthly,35-44,7.0.1,n/a
u_201458,2026-05-03,influencer,Turkey,iOS,free,45+,7.1.0,18.2
u_201459,2026-03-05,paid_social,India,iOS,free,25-34,6.9.2,18.0
u_201460,2026-06-21,paid_search,Germany,Web,free,25-34,6.9.2,n/a
u_201461,2026-03-31,influencer,Pakistan,iOS,free,18-24,7.0.1,18.0
u_201462,2026-04-13,paid_social,United Kingdom,Android,free,18-24,7.1.0,13
u_201463,2026-03-13,app_store_browse,United Kingdom,Android,free,35-44,7.1.0,13
u_201464,2026-04-02,paid_search,Indonesia,iOS,free,25-34,7.0.0,18.2
u_201465,2026-05-05,influencer,United Arab Emirates,iOS,free,18-24,7.1.0,18.2
u_201466,2026-06-12,referral,Nigeria,iOS,free,18-24,7.1.0,17.0
u_201467,2026-03-07,paid_search,Turkey,Android,free,18-24,7.0.1,12
u_201468,2026-05-18,organic_search,United States,iOS,pro_monthly,25-34,7.1.0,16.5
u_201469,2026-03-17,paid_social,Pakistan,Android,free,25-34,7.1.0,15
u_201470,2026-04-01,paid_social,Pakistan,Web,free,25-34,6.9.0,n/a
u_201471,2026-06-17,paid_search,United Arab Emirates,Android,free,25-34,7.1.0,12
u_201472,2026-05-07,app_store_browse,United States,iOS,free,25-34,6.9.2,18.2
u_201473,2026-03-01,organic_search,Nigeria,iOS,free,35-44,7.1.0,17.0
u_201474,2026-03-14,organic_search,Indonesia,Android,free,18-24,7.1.0,15
u_201475,2026-04-03,paid_social,Germany,Android,free,25-34,6.8.0,12
u_201476,2026-06-14,paid_social,India,Android,free,18-24,7.1.0,13
u_201477,2026-06-16,organic_search,India,Android,free,18-24,6.9.2,15
u_201478,2026-04-24,paid_social,Turkey,iOS,free,35-44,6.9.0,16.5
u_201479,2026-05-14,organic_search,United States,Android,free,25-34,7.1.0,12
u_201480,2026-03-26,app_store_browse,Pakistan,Android,free,45+,7.1.0,14
u_201481,2026-05-12,influencer,India,iOS,free,35-44,7.1.0,17.0
u_201482,2026-03-27,organic_search,United States,iOS,free,18-24,7.1.0,17.0
u_201483,2026-05-09,paid_search,Turkey,iOS,free,18-24,7.1.0,18.0
u_201484,2026-05-07,paid_search,India,Web,free,45+,7.1.0,n/a
u_201485,2026-04-11,paid_social,Turkey,Android,pro_monthly,13-17,7.1.0,13
u_201486,2026-03-30,organic_search,Nigeria,Android,free,18-24,7.1.0,15
u_201487,2026-06-04,paid_social,United States,Android,free,45+,7.1.0,15
u_201488,2026-03-30,organic_search,United States,iOS,free,13-17,7.0.1,18.0
u_201489,2026-04-26,organic_search,United States,Android,free,18-24,7.0.1,12
u_201490,2026-06-15,app_store_browse,United Kingdom,iOS,free,45+,7.1.0,16.5
u_201491,2026-05-08,organic_search,India,Android,pro_monthly,18-24,6.9.0,13
u_201492,2026-06-15,referral,United States,Web,pro_monthly,18-24,7.1.0,n/a
u_201493,2026-04-10,influencer,Pakistan,Web,free,18-24,6.9.2,n/a
u_201494,2026-05-12,influencer,Brazil,iOS,pro_annual,25-34,6.9.2,18.0
u_201495,2026-06-04,organic_search,Pakistan,iOS,free,25-34,7.0.0,16.5
u_201496,2026-06-18,paid_search,Saudi Arabia,iOS,free,45+,6.9.0,18.2
u_201497,2026-05-23,paid_social,Saudi Arabia,Android,free,25-34,6.9.0,15
u_201498,2026-03-12,referral,Pakistan,iOS,free,18-24,7.1.0,17.4
u_201499,2026-03-06,influencer,India,Web,free,18-24,7.0.1,n/a
u_201500,2026-04-09,organic_search,United Arab Emirates,Android,free,18-24,7.1.0,13
u_201501,2026-04-24,paid_social,United States,Android,pro_monthly,18-24,7.0.1,13
u_201502,2026-03-25,paid_social,Germany,Web,free,35-44,6.9.2,n/a
u_201503,2026-04-06,influencer,Brazil,Android,free,18-24,6.9.0,13
u_201504,2026-04-17,paid_social,United States,Android,free,25-34,7.1.0,13
u_201505,2026-04-12,paid_social,Indonesia,iOS,free,25-34,7.1.0,17.0
u_201506,2026-06-09,influencer,Pakistan,iOS,free,13-17,7.1.0,18.0
u_201507,2026-06-05,influencer,Pakistan,Web,free,18-24,7.0.0,n/a
u_201508,2026-03-20,influencer,Turkey,Web,free,18-24,7.0.0,n/a
u_201509,2026-04-19,paid_search,Pakistan,iOS,free,25-34,6.9.2,16.5
u_201510,2026-03-29,referral,Turkey,iOS,pro_monthly,25-34,7.0.1,17.4
u_201511,2026-03-01,paid_social,Pakistan,Web,free,18-24,7.1.0,n/a
u_201512,2026-05-23,referral,Nigeria,Android,free,18-24,7.1.0,15
u_201513,2026-06-18,paid_search,India,iOS,free,35-44,7.0.1,18.0
u_201514,2026-05-14,paid_search,Pakistan,iOS,free,45+,6.9.2,18.0
u_201515,2026-04-01,paid_social,Indonesia,Android,free,25-34,6.9.2,13
u_201516,2026-04-25,referral,United Arab Emirates,Android,pro_monthly,13-17,7.0.1,13
u_201517,2026-04-03,app_store_browse,Pakistan,iOS,free,35-44,7.0.0,17.4
u_201518,2026-03-13,paid_social,United States,Android,pro_monthly,13-17,7.1.0,13
u_201519,2026-06-08,referral,United States,Android,free,35-44,6.8.0,14
u_201520,2026-04-25,organic_search,Pakistan,iOS,free,18-24,7.0.0,18.0
u_201521,2026-05-21,organic_search,Nigeria,Web,free,18-24,7.1.0,n/a
u_201522,2026-04-05,paid_social,Pakistan,iOS,free,35-44,7.1.0,17.0
u_201523,2026-06-08,referral,Turkey,Android,free,18-24,7.0.0,13
u_201524,2026-06-04,app_store_browse,United States,Android,pro_annual,25-34,7.1.0,12
u_201525,2026-05-09,influencer,United States,Android,free,18-24,6.9.2,15
u_201526,2026-05-30,organic_search,Nigeria,iOS,free,45+,7.0.1,16.5
u_201527,2026-05-31,influencer,Indonesia,iOS,free,18-24,7.1.0,18.2
u_201528,2026-06-17,paid_social,Brazil,iOS,free,25-34,6.8.0,18.0
u_201529,2026-06-02,influencer,Philippines,iOS,pro_annual,35-44,7.1.0,16.5
u_201530,2026-03-05,app_store_browse,United States,Web,free,45+,7.0.1,n/a
u_201531,2026-03-31,paid_social,Pakistan,Android,free,35-44,7.0.0,15
u_201532,2026-03-08,referral,Pakistan,iOS,free,18-24,7.1.0,17.4
u_201533,2026-03-24,organic_search,United States,iOS,free,18-24,6.9.2,17.0
u_201534,2026-04-22,organic_search,United States,Android,free,25-34,7.1.0,14
u_201535,2026-05-02,app_store_browse,Turkey,Android,free,25-34,6.9.2,15
u_201536,2026-03-10,app_store_browse,Saudi Arabia,iOS,free,45+,7.0.0,18.0
u_201537,2026-05-24,app_store_browse,United Kingdom,iOS,free,25-34,7.0.0,18.0
u_201538,2026-04-28,paid_social,Nigeria,iOS,free,25-34,7.0.0,17.4
u_201539,2026-04-07,paid_social,United Arab Emirates,iOS,free,25-34,7.0.1,17.4
u_201540,2026-03-18,referral,India,iOS,free,25-34,6.9.2,17.4
u_201541,2026-05-10,organic_search,India,iOS,free,18-24,7.1.0,18.2
u_201542,2026-06-12,paid_social,United Kingdom,Android,free,25-34,7.1.0,13
u_201543,2026-05-31,paid_search,Nigeria,Android,free,25-34,7.0.0,12
u_201544,2026-03-28,paid_social,Germany,iOS,free,18-24,7.1.0,18.0
u_201545,2026-04-12,organic_search,United States,Android,free,45+,7.1.0,15
u_201546,2026-05-04,influencer,Pakistan,Android,free,18-24,7.0.1,15
u_201547,2026-05-09,organic_search,Philippines,Android,pro_annual,18-24,6.9.2,12
u_201548,2026-03-01,paid_social,United States,Android,free,18-24,7.1.0,13
u_201549,2026-04-27,app_store_browse,Indonesia,iOS,free,25-34,7.0.1,18.2
u_201550,2026-03-19,influencer,United Kingdom,Android,free,35-44,7.1.0,12
u_201551,2026-04-13,paid_social,Indonesia,Android,free,25-34,6.8.0,12
u_201552,2026-05-07,organic_search,United Arab Emirates,iOS,free,35-44,7.1.0,17.4
u_201553,2026-04-14,organic_search,Pakistan,Android,free,18-24,7.0.1,14
u_201554,2026-06-21,influencer,United Kingdom,Android,pro_annual,35-44,7.0.1,12
u_201555,2026-04-21,paid_search,United States,iOS,free,18-24,7.1.0,18.2
u_201556,2026-05-16,paid_social,Brazil,Android,free,25-34,7.0.1,12
u_201557,2026-04-29,paid_social,Indonesia,Android,pro_monthly,25-34,7.1.0,15
u_201558,2026-05-26,paid_search,Brazil,Android,free,25-34,7.0.1,15
u_201559,2026-03-08,paid_social,Germany,Android,free,25-34,7.0.1,14
u_201560,2026-06-10,paid_social,United States,Android,free,45+,6.9.2,14
u_201561,2026-03-30,referral,United Arab Emirates,Android,free,35-44,7.1.0,14
u_201562,2026-04-10,paid_social,Saudi Arabia,Android,free,25-34,7.0.1,15
u_201563,2026-03-11,referral,United Arab Emirates,iOS,free,35-44,6.9.2,17.0
u_201564,2026-04-10,influencer,Pakistan,Web,free,25-34,7.1.0,n/a
u_201565,2026-06-01,influencer,United Arab Emirates,iOS,free,18-24,7.1.0,18.0
u_201566,2026-04-27,app_store_browse,United Kingdom,Android,free,18-24,7.0.1,13
u_201567,2026-03-10,paid_search,Pakistan,Android,free,25-34,7.0.0,13
u_201568,2026-03-06,paid_social,India,iOS,free,18-24,7.0.0,16.5
u_201569,2026-05-01,paid_social,United States,Android,free,18-24,7.0.1,14
u_201570,2026-05-03,referral,United States,Android,free,18-24,7.1.0,12
u_201571,2026-06-05,paid_search,Brazil,Web,free,35-44,7.1.0,n/a
u_201572,2026-05-17,paid_search,Germany,Android,free,25-34,7.1.0,15
u_201573,2026-04-20,referral,United Kingdom,Web,pro_monthly,13-17,7.0.1,n/a
u_201574,2026-04-06,app_store_browse,Pakistan,iOS,pro_monthly,18-24,7.1.0,18.2
u_201575,2026-06-15,organic_search,United States,iOS,free,18-24,6.9.0,17.0
u_201576,2026-06-19,influencer,Indonesia,Android,pro_monthly,18-24,7.1.0,13
u_201577,2026-04-19,paid_social,India,iOS,free,25-34,7.1.0,17.0
u_201578,2026-03-30,organic_search,Germany,Android,free,35-44,7.1.0,14
u_201579,2026-05-05,paid_search,Pakistan,Android,free,18-24,6.9.0,14
u_201580,2026-05-31,organic_search,United Arab Emirates,Android,free,25-34,7.0.0,12
u_201581,2026-03-27,influencer,Nigeria,Android,free,18-24,7.0.0,12
u_201582,2026-06-07,influencer,Indonesia,Android,free,25-34,6.9.0,15
u_201583,2026-03-01,organic_search,India,Android,free,25-34,7.1.0,13
u_201584,2026-05-09,referral,Nigeria,Android,free,45+,7.0.0,12
u_201585,2026-03-07,app_store_browse,Saudi Arabia,Android,free,25-34,6.8.0,15
u_201586,2026-04-25,paid_search,Indonesia,Web,free,45+,6.9.2,n/a
u_201587,2026-04-07,organic_search,United Arab Emirates,iOS,free,25-34,7.0.1,18.2
u_201588,2026-06-06,paid_social,United Arab Emirates,Web,free,18-24,7.0.1,n/a
u_201589,2026-03-19,paid_social,Brazil,Android,pro_annual,45+,7.0.0,14
u_201590,2026-05-29,app_store_browse,United States,Android,free,13-17,6.9.0,15
u_201591,2026-06-03,paid_social,United Arab Emirates,Android,free,35-44,6.9.2,13
u_201592,2026-03-25,referral,Pakistan,Android,free,45+,7.0.1,13
u_201593,2026-05-20,paid_search,Pakistan,Android,free,18-24,7.0.1,14
u_201594,2026-03-04,paid_search,United States,iOS,free,25-34,6.9.0,18.0
u_201595,2026-05-13,organic_search,Philippines,Android,free,45+,7.0.0,13
u_201596,2026-05-11,app_store_browse,Germany,iOS,free,25-34,7.0.1,17.4
u_201597,2026-05-07,paid_search,Saudi Arabia,iOS,pro_monthly,13-17,7.1.0,16.5
u_201598,2026-06-12,paid_social,United Arab Emirates,Android,free,35-44,7.0.1,15
u_201599,2026-05-07,paid_search,United Kingdom,Android,free,18-24,7.0.0,13
u_201600,2026-05-15,referral,Saudi Arabia,iOS,free,18-24,7.0.1,18.2
u_201601,2026-06-06,paid_search,United States,Android,free,25-34,7.0.1,15
u_201602,2026-04-27,paid_social,Pakistan,iOS,free,25-34,7.0.1,16.5
u_201603,2026-03-28,paid_social,Turkey,Android,free,25-34,7.0.1,15
u_201604,2026-04-13,paid_search,Turkey,Android,free,25-34,7.1.0,13
u_201605,2026-05-14,influencer,United Arab Emirates,Android,free,18-24,7.1.0,13
u_201606,2026-05-06,app_store_browse,Pakistan,Android,free,25-34,7.1.0,14
u_201607,2026-03-28,paid_social,Brazil,Android,pro_monthly,18-24,7.0.1,13
u_201608,2026-05-03,paid_social,United Arab Emirates,iOS,free,18-24,6.9.2,18.0
u_201609,2026-03-26,paid_search,Nigeria,Android,free,25-34,7.0.0,13
u_201610,2026-04-28,paid_social,United Arab Emirates,iOS,free,25-34,7.1.0,16.5
u_201611,2026-06-19,paid_search,Pakistan,Web,free,13-17,7.0.0,n/a
u_201612,2026-03-14,paid_social,India,iOS,free,18-24,7.1.0,17.0
u_201613,2026-04-28,organic_search,Indonesia,Android,free,25-34,7.1.0,15
u_201614,2026-06-04,organic_search,Nigeria,Android,free,18-24,6.9.2,14
u_201615,2026-06-20,paid_social,India,Android,free,25-34,7.0.1,13
u_201616,2026-03-11,paid_search,Saudi Arabia,iOS,pro_monthly,18-24,7.1.0,17.4
u_201617,2026-06-14,app_store_browse,Nigeria,Android,free,45+,7.1.0,15
u_201618,2026-03-12,referral,Turkey,iOS,free,18-24,7.0.0,16.5
u_201619,2026-05-26,influencer,Philippines,Android,free,35-44,7.1.0,14
u_201620,2026-05-13,paid_social,United Kingdom,Android,free,25-34,7.1.0,15
u_201621,2026-03-06,paid_social,Brazil,iOS,free,18-24,6.9.2,17.0
u_201622,2026-04-23,paid_search,United Arab Emirates,Android,pro_annual,25-34,7.0.0,12
u_201623,2026-03-30,paid_social,United States,Android,free,13-17,6.9.0,12
u_201624,2026-03-11,influencer,Pakistan,Android,free,45+,7.0.1,12
u_201625,2026-05-12,paid_social,Germany,Android,free,35-44,7.0.0,15
u_201626,2026-04-18,paid_social,Pakistan,iOS,free,45+,6.9.2,17.0
u_201627,2026-03-11,referral,United States,iOS,free,25-34,7.1.0,17.4
u_201628,2026-03-16,organic_search,Pakistan,iOS,free,25-34,7.0.1,18.2
u_201629,2026-03-25,organic_search,Nigeria,iOS,free,18-24,7.1.0,17.0
u_201630,2026-05-17,influencer,United States,iOS,free,25-34,7.1.0,17.0
u_201631,2026-04-11,app_store_browse,Pakistan,iOS,pro_annual,25-34,7.0.1,17.4
u_201632,2026-03-14,organic_search,Germany,Android,free,25-34,7.0.1,15
u_201633,2026-06-13,organic_search,Turkey,iOS,free,18-24,7.1.0,16.5
u_201634,2026-04-13,influencer,Nigeria,iOS,free,25-34,6.8.0,16.5
u_201635,2026-04-25,organic_search,United Kingdom,Android,pro_annual,45+,7.1.0,13
u_201636,2026-05-14,influencer,India,iOS,free,13-17,7.0.0,16.5
u_201637,2026-04-03,organic_search,Nigeria,Android,free,13-17,6.9.2,15
u_201638,2026-03-25,paid_social,Pakistan,Android,free,45+,7.1.0,13
u_201639,2026-05-27,organic_search,United States,iOS,pro_monthly,45+,7.0.0,18.2
u_201640,2026-04-14,influencer,Turkey,Android,free,35-44,6.8.0,14
u_201641,2026-03-11,paid_social,United States,Android,free,45+,7.0.0,12
u_201642,2026-06-20,organic_search,Brazil,Android,pro_annual,25-34,7.0.1,13
u_201643,2026-05-01,paid_social,United Arab Emirates,Android,free,18-24,6.9.2,12
u_201644,2026-06-10,organic_search,United Kingdom,Web,free,35-44,7.0.1,n/a
u_201645,2026-05-29,paid_social,Brazil,Android,free,18-24,7.0.1,15
u_201646,2026-03-31,paid_social,Nigeria,iOS,free,35-44,7.1.0,18.2
u_201647,2026-03-31,paid_search,United States,iOS,free,18-24,6.9.0,17.4
u_201648,2026-05-06,organic_search,Pakistan,Android,free,35-44,7.1.0,13
u_201649,2026-04-18,paid_search,Indonesia,Android,free,25-34,7.0.0,13
u_201650,2026-03-22,paid_social,Brazil,Android,pro_monthly,18-24,7.1.0,12
u_201651,2026-03-31,paid_search,United Kingdom,Android,pro_monthly,25-34,7.1.0,15
u_201652,2026-06-17,paid_social,United States,Web,free,13-17,7.0.0,n/a
u_201653,2026-06-12,organic_search,United Kingdom,Android,free,25-34,6.9.2,12
u_201654,2026-03-13,influencer,United States,Android,free,18-24,7.0.0,14
u_201655,2026-05-30,influencer,Pakistan,Android,free,18-24,7.0.1,13
u_201656,2026-04-28,paid_social,United States,iOS,free,25-34,7.0.1,18.2
u_201657,2026-06-01,paid_social,Brazil,iOS,pro_monthly,25-34,6.9.2,18.0
u_201658,2026-04-26,paid_social,United Arab Emirates,Android,free,18-24,6.9.2,14
u_201659,2026-05-09,app_store_browse,Indonesia,iOS,pro_monthly,35-44,7.1.0,18.2
u_201660,2026-05-21,influencer,Pakistan,Android,free,18-24,7.1.0,12
u_201661,2026-06-17,app_store_browse,Germany,iOS,free,35-44,7.0.0,18.2
u_201662,2026-03-16,app_store_browse,Philippines,Android,free,35-44,7.0.1,12
u_201663,2026-04-16,referral,Pakistan,Android,free,35-44,7.0.1,15
u_201664,2026-06-08,referral,Indonesia,Android,pro_annual,35-44,7.0.0,12
u_201665,2026-03-16,paid_search,Nigeria,iOS,free,18-24,7.0.1,17.4
u_201666,2026-05-31,organic_search,India,iOS,free,18-24,7.1.0,18.0
u_201667,2026-03-09,paid_social,Turkey,Android,free,18-24,6.9.2,12
u_201668,2026-06-18,influencer,United States,Android,free,35-44,7.0.0,14
u_201669,2026-05-31,organic_search,United States,Web,free,25-34,7.0.1,n/a
u_201670,2026-04-11,influencer,Philippines,Android,free,18-24,6.9.0,15
u_201671,2026-03-10,influencer,United Kingdom,Web,free,25-34,7.0.1,n/a
u_201672,2026-05-22,organic_search,Philippines,iOS,free,35-44,7.1.0,17.4
u_201673,2026-05-20,referral,India,iOS,free,25-34,7.1.0,16.5
u_201674,2026-03-17,organic_search,Turkey,iOS,pro_monthly,25-34,7.0.0,18.0
u_201675,2026-05-09,paid_search,United Arab Emirates,iOS,free,45+,7.0.1,16.5
u_201676,2026-06-16,organic_search,United States,Android,free,45+,7.1.0,14
u_201677,2026-05-24,influencer,Indonesia,Web,free,25-34,7.1.0,n/a
u_201678,2026-04-18,paid_search,Germany,Android,pro_annual,25-34,7.0.0,15
u_201679,2026-04-26,paid_social,Nigeria,Android,free,18-24,7.0.1,13
u_201680,2026-03-08,influencer,United Arab Emirates,Web,free,35-44,7.1.0,n/a
u_201681,2026-04-05,influencer,Pakistan,iOS,free,18-24,7.0.1,17.0
u_201682,2026-05-04,paid_social,Philippines,iOS,free,25-34,6.9.2,17.4
u_201683,2026-06-20,app_store_browse,Turkey,Android,pro_monthly,35-44,7.1.0,12
u_201684,2026-05-15,referral,United States,iOS,free,25-34,6.9.2,16.5
u_201685,2026-05-01,influencer,United Arab Emirates,Android,free,25-34,7.1.0,12
u_201686,2026-05-19,paid_social,United States,iOS,free,25-34,7.0.0,16.5
u_201687,2026-05-08,paid_social,India,Android,free,25-34,7.0.1,13
u_201688,2026-04-12,paid_social,United States,iOS,free,35-44,7.0.0,18.0
u_201689,2026-05-24,paid_social,India,iOS,enterprise,18-24,7.0.1,18.0
u_201690,2026-04-20,paid_social,Philippines,Android,pro_monthly,13-17,7.0.0,12
u_201691,2026-05-17,paid_social,United Arab Emirates,iOS,free,25-34,6.9.2,18.2
u_201692,2026-04-11,organic_search,Germany,Android,free,13-17,7.1.0,15
u_201693,2026-05-31,paid_social,United Kingdom,Android,pro_monthly,25-34,7.0.0,13
u_201694,2026-04-25,paid_social,Nigeria,Android,pro_monthly,45+,7.0.1,12
u_201695,2026-05-29,paid_search,Indonesia,Web,free,18-24,7.1.0,n/a
u_201696,2026-03-06,paid_social,United Arab Emirates,iOS,free,25-34,7.1.0,18.0
u_201697,2026-06-12,influencer,United Arab Emirates,Android,free,45+,7.0.0,13
u_201698,2026-03-09,paid_search,India,iOS,free,18-24,7.1.0,16.5
u_201699,2026-05-31,organic_search,Pakistan,Web,pro_monthly,35-44,7.0.1,n/a
u_201700,2026-03-06,organic_search,Saudi Arabia,Android,free,25-34,7.1.0,12
u_201701,2026-05-04,paid_search,Germany,Android,free,45+,6.9.0,14
u_201702,2026-03-04,influencer,Pakistan,Android,free,35-44,7.0.1,14
u_201703,2026-03-11,referral,United Kingdom,Web,free,18-24,7.1.0,n/a
u_201704,2026-03-22,paid_search,Pakistan,Android,free,25-34,6.9.0,12
u_201705,2026-04-16,organic_search,Saudi Arabia,Android,pro_monthly,25-34,6.9.0,12
u_201706,2026-03-27,referral,Turkey,Android,free,25-34,7.1.0,15
u_201707,2026-04-25,organic_search,United States,iOS,free,45+,7.1.0,16.5
u_201708,2026-04-02,organic_search,United States,iOS,free,13-17,7.0.0,16.5
u_201709,2026-05-14,paid_search,United Kingdom,iOS,free,18-24,7.0.1,17.0
u_201710,2026-05-17,organic_search,United Arab Emirates,Android,free,18-24,7.1.0,13
u_201711,2026-06-05,influencer,Pakistan,Web,free,35-44,7.1.0,n/a
u_201712,2026-04-22,influencer,United Kingdom,iOS,free,25-34,7.1.0,16.5
u_201713,2026-04-04,organic_search,India,Android,free,25-34,7.1.0,14
u_201714,2026-06-04,organic_search,United Arab Emirates,iOS,free,18-24,7.0.1,18.0
u_201715,2026-03-31,organic_search,United States,iOS,free,18-24,7.0.0,18.0
u_201716,2026-03-06,organic_search,United States,Android,pro_monthly,18-24,7.1.0,13
u_201717,2026-06-07,paid_social,Pakistan,Web,free,18-24,6.9.2,n/a
u_201718,2026-05-22,paid_search,Philippines,iOS,free,18-24,7.0.0,18.2
u_201719,2026-06-21,referral,United States,Web,free,18-24,7.0.1,n/a
u_201720,2026-03-18,paid_search,United Arab Emirates,iOS,free,18-24,6.9.2,16.5
u_201721,2026-04-13,organic_search,Germany,Web,free,18-24,6.9.0,n/a
u_201722,2026-03-29,paid_social,Nigeria,Web,free,25-34,7.1.0,n/a
u_201723,2026-06-06,app_store_browse,United States,iOS,free,13-17,7.0.0,17.4
u_201724,2026-06-18,paid_social,Saudi Arabia,Android,free,13-17,7.1.0,13
u_201725,2026-05-23,paid_search,Turkey,iOS,free,35-44,7.1.0,16.5
u_201726,2026-05-23,influencer,United States,iOS,free,25-34,7.0.1,17.0
u_201727,2026-04-22,influencer,United States,Android,free,35-44,7.1.0,15
u_201728,2026-06-03,paid_search,United States,Android,free,25-34,7.0.0,12
u_201729,2026-04-23,influencer,United Arab Emirates,Android,free,45+,6.9.2,14
u_201730,2026-06-01,influencer,India,Android,pro_annual,18-24,7.0.1,14
u_201731,2026-03-09,organic_search,Saudi Arabia,Android,free,18-24,7.0.1,13
u_201732,2026-05-07,organic_search,United States,Android,pro_monthly,18-24,7.0.0,15
u_201733,2026-06-15,paid_search,Turkey,Android,free,45+,7.1.0,12
u_201734,2026-03-01,referral,India,iOS,free,13-17,6.9.2,16.5
u_201735,2026-03-06,organic_search,Indonesia,Web,free,25-34,6.9.2,n/a
u_201736,2026-05-01,paid_social,United Arab Emirates,iOS,free,13-17,6.9.0,18.0
u_201737,2026-05-27,organic_search,Pakistan,Android,pro_monthly,25-34,7.0.1,13
u_201738,2026-04-08,paid_social,United States,iOS,pro_monthly,18-24,7.0.1,18.2
u_201739,2026-04-17,organic_search,Saudi Arabia,Web,pro_monthly,25-34,7.0.1,n/a
u_201740,2026-03-23,paid_social,Brazil,Android,free,18-24,7.0.1,15
u_201741,2026-03-18,organic_search,Germany,Android,free,18-24,7.0.0,15
u_201742,2026-05-28,paid_social,United States,Android,free,13-17,7.1.0,13
u_201743,2026-03-09,paid_social,United States,iOS,free,13-17,6.9.2,16.5
u_201744,2026-03-05,influencer,Germany,iOS,free,25-34,7.1.0,18.0
u_201745,2026-03-09,paid_social,Pakistan,iOS,free,35-44,7.1.0,18.2
u_201746,2026-03-21,organic_search,United States,Android,free,13-17,6.9.0,12
u_201747,2026-03-11,paid_search,Pakistan,Web,free,18-24,7.0.1,n/a
u_201748,2026-06-19,app_store_browse,India,Android,pro_monthly,18-24,7.0.1,13
u_201749,2026-03-05,influencer,India,Web,free,18-24,7.0.0,n/a
u_201750,2026-03-21,organic_search,United States,iOS,free,35-44,7.1.0,18.0
u_201751,2026-04-28,organic_search,Philippines,iOS,free,45+,7.0.0,17.0
u_201752,2026-04-12,paid_social,United States,Android,pro_monthly,25-34,7.0.1,13
u_201753,2026-03-13,paid_social,Pakistan,iOS,free,25-34,7.1.0,17.4
u_201754,2026-03-21,paid_search,United States,iOS,free,18-24,6.9.2,18.2
u_201755,2026-05-22,influencer,United Arab Emirates,Android,free,25-34,7.0.0,15
u_201756,2026-03-26,organic_search,India,Android,free,18-24,7.0.0,13
u_201757,2026-06-04,influencer,Nigeria,iOS,free,18-24,7.1.0,17.4
u_201758,2026-04-01,paid_social,India,Android,enterprise,25-34,7.0.1,12
u_201759,2026-04-15,app_store_browse,United States,iOS,free,13-17,6.9.2,17.4
u_201760,2026-03-27,influencer,India,iOS,free,35-44,7.0.0,16.5
u_201761,2026-03-04,app_store_browse,Nigeria,iOS,free,35-44,7.0.1,18.0
u_201762,2026-04-23,paid_social,India,Android,free,45+,6.9.0,14
u_201763,2026-04-20,organic_search,Pakistan,iOS,free,25-34,6.8.0,18.0
u_201764,2026-06-18,organic_search,Pakistan,iOS,free,18-24,7.0.1,17.0
u_201765,2026-05-15,paid_social,United Kingdom,iOS,free,18-24,7.1.0,16.5
u_201766,2026-03-03,paid_search,Pakistan,Android,free,35-44,7.1.0,14
u_201767,2026-04-12,organic_search,United Kingdom,Web,free,25-34,7.0.1,n/a
u_201768,2026-03-02,paid_social,Brazil,Android,free,35-44,7.0.0,12
u_201769,2026-06-14,paid_search,Nigeria,iOS,free,25-34,7.0.1,17.0
u_201770,2026-05-24,app_store_browse,Pakistan,Android,free,25-34,7.1.0,12
u_201771,2026-05-15,paid_social,United Kingdom,Android,free,25-34,7.0.0,12
u_201772,2026-04-24,paid_social,Nigeria,Web,free,25-34,7.0.0,n/a
u_201773,2026-05-12,paid_search,United Kingdom,Android,free,18-24,7.1.0,14
u_201774,2026-03-15,paid_social,United States,Web,free,45+,7.0.0,n/a
u_201775,2026-03-28,organic_search,India,Android,free,25-34,6.9.0,12
u_201776,2026-06-09,influencer,Pakistan,Web,free,13-17,7.0.1,n/a
u_201777,2026-06-14,paid_social,Pakistan,Android,free,18-24,7.0.0,15
u_201778,2026-06-18,influencer,United Arab Emirates,iOS,free,18-24,7.0.1,18.2
u_201779,2026-05-17,paid_search,Indonesia,Android,free,18-24,7.0.1,13
u_201780,2026-03-05,referral,Saudi Arabia,Web,pro_annual,35-44,7.0.1,n/a
u_201781,2026-03-02,organic_search,India,iOS,free,18-24,7.1.0,18.0
u_201782,2026-04-10,organic_search,Pakistan,Android,free,25-34,6.8.0,12
u_201783,2026-04-01,paid_social,Turkey,Android,free,18-24,7.1.0,12
u_201784,2026-04-16,paid_social,Germany,iOS,free,18-24,7.0.1,18.2
u_201785,2026-05-11,organic_search,Brazil,iOS,free,18-24,6.8.0,18.2
u_201786,2026-03-12,paid_search,Saudi Arabia,Android,free,18-24,7.0.1,15
u_201787,2026-05-14,organic_search,Pakistan,iOS,free,45+,6.8.0,18.2
u_201788,2026-04-11,paid_search,Philippines,Web,free,25-34,7.0.1,n/a
u_201789,2026-04-16,paid_search,Pakistan,iOS,pro_annual,18-24,7.1.0,16.5
u_201790,2026-06-03,organic_search,Turkey,Android,free,18-24,6.9.2,13
u_201791,2026-03-08,paid_social,Turkey,Android,free,25-34,6.9.2,14
u_201792,2026-06-01,referral,United States,iOS,free,45+,6.9.0,17.0
u_201793,2026-03-01,paid_social,Indonesia,Android,free,18-24,7.1.0,14
u_201794,2026-05-20,organic_search,Indonesia,iOS,pro_annual,35-44,7.1.0,18.2
u_201795,2026-06-21,paid_social,Nigeria,Android,free,25-34,7.1.0,13
u_201796,2026-06-21,organic_search,Saudi Arabia,Android,free,35-44,7.1.0,15
u_201797,2026-05-19,influencer,Brazil,Web,free,25-34,7.0.1,n/a
u_201798,2026-04-21,paid_social,Nigeria,iOS,free,45+,7.1.0,18.0
u_201799,2026-03-25,paid_social,Indonesia,Android,free,35-44,6.9.0,14
u_201800,2026-03-22,paid_social,Nigeria,Web,free,45+,7.0.0,n/a
u_201801,2026-03-27,referral,United Kingdom,Android,free,25-34,6.9.2,15
u_201802,2026-03-29,paid_social,Indonesia,Android,pro_monthly,18-24,6.8.0,13
u_201803,2026-05-22,paid_social,Turkey,Android,pro_annual,25-34,6.9.2,15
u_201804,2026-05-07,influencer,India,iOS,free,35-44,6.9.2,18.0
u_201805,2026-04-15,paid_search,Saudi Arabia,Android,free,25-34,6.8.0,15
u_201806,2026-03-20,paid_social,United States,Android,pro_annual,18-24,7.0.1,15
u_201807,2026-06-18,organic_search,United Arab Emirates,iOS,free,25-34,7.1.0,17.4
u_201808,2026-04-18,app_store_browse,United Arab Emirates,Web,free,25-34,6.8.0,n/a
u_201809,2026-06-09,organic_search,United States,iOS,pro_annual,18-24,6.9.0,17.4
u_201810,2026-05-27,paid_social,Brazil,Android,free,25-34,7.1.0,14
u_201811,2026-04-07,influencer,Indonesia,iOS,free,18-24,7.0.1,18.2
u_201812,2026-03-17,referral,Nigeria,Android,free,25-34,6.9.2,12
u_201813,2026-06-10,organic_search,Brazil,iOS,free,13-17,7.0.1,17.4
u_201814,2026-06-20,paid_social,India,iOS,free,25-34,7.1.0,18.2
u_201815,2026-04-01,organic_search,Nigeria,Android,pro_monthly,35-44,6.8.0,14
u_201816,2026-04-08,organic_search,United States,iOS,free,25-34,7.0.1,18.2
u_201817,2026-05-30,paid_search,India,Web,free,45+,6.9.2,n/a
u_201818,2026-06-12,paid_search,Germany,Web,free,13-17,7.1.0,n/a
u_201819,2026-05-28,paid_search,United Kingdom,iOS,free,25-34,7.1.0,16.5
u_201820,2026-03-06,paid_search,Pakistan,Android,free,45+,7.0.1,14
u_201821,2026-03-09,organic_search,Indonesia,iOS,free,35-44,7.0.1,17.4
u_201822,2026-03-11,organic_search,Germany,Android,free,45+,7.0.0,12
u_201823,2026-06-08,paid_search,Germany,iOS,free,18-24,7.0.1,18.2
u_201824,2026-05-25,paid_social,United States,Android,free,25-34,7.1.0,13
u_201825,2026-06-13,organic_search,India,iOS,free,18-24,7.0.0,17.4
u_201826,2026-03-03,influencer,India,iOS,free,18-24,6.9.0,16.5
u_201827,2026-05-14,paid_social,Pakistan,iOS,free,25-34,7.0.1,18.0
u_201828,2026-06-10,referral,Saudi Arabia,iOS,free,18-24,7.0.1,18.2
u_201829,2026-06-01,paid_search,United States,iOS,pro_annual,35-44,7.1.0,18.2
u_201830,2026-03-06,paid_social,United States,Android,free,45+,6.9.0,14
u_201831,2026-04-16,influencer,United States,Android,free,18-24,7.1.0,13
u_201832,2026-04-07,influencer,Germany,iOS,free,13-17,7.0.1,18.2
u_201833,2026-04-29,app_store_browse,India,Android,pro_annual,35-44,7.0.1,14
u_201834,2026-04-03,app_store_browse,Indonesia,iOS,free,18-24,7.0.0,17.4
u_201835,2026-05-15,paid_social,Pakistan,iOS,pro_annual,18-24,6.8.0,17.0
u_201836,2026-03-15,paid_social,Pakistan,iOS,free,18-24,7.0.1,17.4
u_201837,2026-03-04,app_store_browse,United States,iOS,free,25-34,7.1.0,16.5
u_201838,2026-05-25,app_store_browse,Pakistan,iOS,free,13-17,6.8.0,17.4
u_201839,2026-06-08,organic_search,Pakistan,iOS,free,25-34,6.9.2,18.2
u_201840,2026-03-29,influencer,Indonesia,Web,free,25-34,7.1.0,n/a
u_201841,2026-05-22,referral,Germany,Android,free,25-34,6.9.0,13
u_201842,2026-03-25,influencer,United States,Android,free,18-24,7.0.0,15
u_201843,2026-05-15,app_store_browse,Pakistan,Android,enterprise,25-34,6.9.0,13
u_201844,2026-05-20,paid_search,United States,Android,free,25-34,7.1.0,15
u_201845,2026-06-20,paid_search,Germany,iOS,free,25-34,6.9.2,17.4
u_201846,2026-05-12,app_store_browse,Saudi Arabia,iOS,pro_monthly,35-44,7.0.1,18.2
u_201847,2026-05-04,influencer,United Kingdom,iOS,free,18-24,7.1.0,17.0
u_201848,2026-06-16,paid_search,India,Web,free,18-24,6.9.0,n/a
u_201849,2026-05-20,influencer,Germany,iOS,pro_annual,25-34,7.1.0,17.4
u_201850,2026-05-18,paid_search,United States,Android,free,25-34,7.1.0,14
u_201851,2026-04-15,influencer,Saudi Arabia,iOS,free,35-44,7.1.0,16.5
u_201852,2026-03-20,referral,Turkey,Web,pro_annual,25-34,7.1.0,n/a
u_201853,2026-03-02,paid_social,United Arab Emirates,Android,free,25-34,7.0.1,15
u_201854,2026-04-05,organic_search,Indonesia,iOS,free,18-24,7.0.1,18.0
u_201855,2026-06-04,referral,United States,Android,free,25-34,6.9.2,13
u_201856,2026-04-19,organic_search,United States,iOS,free,18-24,7.0.1,18.2
u_201857,2026-03-10,organic_search,India,Android,free,45+,7.0.1,15
u_201858,2026-03-02,paid_search,United Arab Emirates,iOS,free,25-34,7.0.1,17.4
u_201859,2026-05-25,paid_social,United States,iOS,pro_monthly,35-44,7.0.0,17.0
u_201860,2026-05-17,app_store_browse,United States,iOS,free,18-24,7.1.0,17.0
u_201861,2026-04-02,paid_social,United Arab Emirates,iOS,free,18-24,7.0.1,16.5
u_201862,2026-06-17,influencer,Pakistan,Android,free,25-34,7.1.0,13
u_201863,2026-05-28,paid_search,Brazil,iOS,free,25-34,7.1.0,17.4
u_201864,2026-04-22,influencer,Indonesia,iOS,free,18-24,6.8.0,17.4
u_201865,2026-03-22,paid_social,United States,iOS,pro_monthly,25-34,7.0.0,17.4
u_201866,2026-03-26,paid_social,Pakistan,Android,free,25-34,7.1.0,13
u_201867,2026-06-08,paid_social,Pakistan,Android,free,13-17,6.9.2,15
u_201868,2026-06-10,app_store_browse,Indonesia,Android,free,18-24,7.1.0,12
u_201869,2026-04-08,referral,United Kingdom,Web,free,18-24,7.0.1,n/a
u_201870,2026-04-15,influencer,Pakistan,Android,free,18-24,6.9.0,12
u_201871,2026-04-27,organic_search,United Arab Emirates,Android,free,13-17,7.0.1,13
u_201872,2026-04-07,app_store_browse,Philippines,iOS,pro_monthly,25-34,6.9.2,18.2
u_201873,2026-05-22,influencer,United States,Android,free,25-34,7.1.0,14
u_201874,2026-03-17,paid_search,India,iOS,free,25-34,7.1.0,17.0
u_201875,2026-05-10,influencer,India,Android,free,18-24,7.0.0,15
u_201876,2026-05-07,paid_social,Germany,iOS,free,35-44,6.9.0,18.2
u_201877,2026-04-15,organic_search,Saudi Arabia,Android,free,18-24,7.0.0,15
u_201878,2026-06-13,app_store_browse,United States,Android,free,45+,7.1.0,12
u_201879,2026-03-22,paid_search,Pakistan,Android,pro_monthly,25-34,7.0.1,14
u_201880,2026-04-22,paid_search,Indonesia,Web,free,18-24,7.1.0,n/a
u_201881,2026-04-10,influencer,United States,iOS,free,45+,7.0.0,16.5
u_201882,2026-03-02,referral,Turkey,iOS,free,25-34,6.9.2,16.5
u_201883,2026-03-23,influencer,Saudi Arabia,iOS,free,18-24,7.1.0,16.5
u_201884,2026-04-20,paid_social,Turkey,Android,free,25-34,7.0.1,12
u_201885,2026-06-08,organic_search,India,Android,free,35-44,6.9.2,12
u_201886,2026-04-13,paid_social,United States,Android,free,45+,7.0.1,12
u_201887,2026-06-14,paid_search,Pakistan,Android,free,45+,6.9.2,15
u_201888,2026-05-31,paid_social,United Kingdom,Android,free,45+,7.0.1,13
u_201889,2026-05-08,referral,Indonesia,Android,pro_annual,35-44,7.0.1,13
u_201890,2026-03-10,paid_social,Philippines,Android,pro_monthly,35-44,6.9.2,15
u_201891,2026-06-14,paid_social,Germany,iOS,pro_monthly,18-24,7.1.0,17.4
u_201892,2026-06-02,influencer,Saudi Arabia,Android,pro_annual,18-24,7.0.1,13
u_201893,2026-04-20,paid_social,Brazil,Android,free,18-24,7.1.0,12
u_201894,2026-06-16,app_store_browse,Saudi Arabia,Android,free,18-24,7.1.0,15
u_201895,2026-04-21,influencer,Nigeria,Web,pro_annual,25-34,6.9.0,n/a
u_201896,2026-04-16,paid_social,India,iOS,pro_monthly,25-34,7.1.0,18.2
u_201897,2026-05-06,paid_search,Nigeria,Android,free,35-44,7.0.1,12
u_201898,2026-05-05,app_store_browse,United States,iOS,pro_monthly,18-24,6.9.2,17.0
u_201899,2026-03-20,paid_search,Pakistan,iOS,free,35-44,6.8.0,17.4
u_201900,2026-05-27,referral,United Kingdom,Android,free,35-44,7.1.0,13
u_201901,2026-04-26,influencer,Nigeria,Web,free,18-24,7.0.0,n/a
u_201902,2026-05-11,paid_search,United States,Android,free,45+,7.1.0,13
u_201903,2026-03-20,influencer,India,Android,free,25-34,7.0.1,15
u_201904,2026-05-11,paid_social,United States,Android,free,25-34,7.1.0,12
u_201905,2026-03-22,paid_social,Philippines,Android,free,13-17,6.9.2,12
u_201906,2026-03-15,influencer,United States,Android,free,18-24,7.0.0,15
u_201907,2026-03-16,organic_search,Pakistan,iOS,free,25-34,6.9.0,17.4
u_201908,2026-05-18,organic_search,United Kingdom,iOS,free,35-44,6.9.2,18.2
u_201909,2026-05-11,paid_social,United States,Android,free,25-34,6.9.2,15
u_201910,2026-03-26,referral,Brazil,Android,free,18-24,7.1.0,12
u_201911,2026-04-17,referral,United Kingdom,iOS,pro_monthly,18-24,7.1.0,18.0
u_201912,2026-04-26,paid_social,Indonesia,Android,free,45+,6.9.0,13
u_201913,2026-04-30,referral,Pakistan,iOS,free,18-24,7.0.1,17.0
u_201914,2026-05-01,paid_social,Saudi Arabia,iOS,free,18-24,6.9.0,17.0
u_201915,2026-04-24,organic_search,India,iOS,free,35-44,6.9.0,17.4
u_201916,2026-03-17,influencer,United States,Android,free,45+,7.1.0,13
u_201917,2026-05-17,paid_social,Pakistan,Android,free,18-24,7.0.1,15
u_201918,2026-05-06,paid_social,India,Android,enterprise,25-34,6.8.0,14
u_201919,2026-05-05,influencer,United States,Android,free,25-34,7.1.0,12
u_201920,2026-05-31,paid_social,United Kingdom,iOS,free,35-44,7.0.1,18.0
u_201921,2026-05-01,paid_search,Indonesia,Web,free,35-44,7.0.1,n/a
u_201922,2026-06-20,paid_social,India,iOS,free,25-34,7.0.1,18.0
u_201923,2026-03-28,paid_social,United States,Web,pro_annual,35-44,7.1.0,n/a
u_201924,2026-05-27,referral,Turkey,Android,free,25-34,7.0.0,12
u_201925,2026-03-02,organic_search,United Kingdom,iOS,free,25-34,7.0.1,17.4
u_201926,2026-05-16,paid_social,Indonesia,iOS,free,25-34,7.0.0,17.0
u_201927,2026-03-14,organic_search,Indonesia,Android,free,25-34,7.1.0,12
u_201928,2026-06-20,paid_search,United States,Android,pro_annual,25-34,7.0.1,12
u_201929,2026-06-11,organic_search,India,iOS,enterprise,18-24,7.1.0,18.0
u_201930,2026-06-19,organic_search,Nigeria,iOS,pro_annual,18-24,7.0.0,17.0
u_201931,2026-05-30,app_store_browse,Nigeria,Android,pro_monthly,25-34,7.1.0,13
u_201932,2026-03-28,app_store_browse,Germany,Android,free,25-34,7.0.1,13
u_201933,2026-04-11,influencer,United States,Web,free,25-34,7.0.0,n/a
u_201934,2026-04-21,organic_search,Pakistan,Android,free,18-24,7.1.0,15
u_201935,2026-04-25,paid_social,Turkey,Android,free,18-24,6.9.2,15
u_201936,2026-04-07,paid_search,United Kingdom,Android,pro_monthly,35-44,7.1.0,12
u_201937,2026-04-22,paid_search,Brazil,iOS,pro_annual,18-24,6.9.0,18.2
u_201938,2026-04-28,app_store_browse,India,iOS,free,45+,7.1.0,18.0
u_201939,2026-05-03,paid_social,India,Web,free,25-34,7.1.0,n/a
u_201940,2026-05-25,organic_search,Brazil,Android,free,35-44,6.9.0,12
u_201941,2026-03-18,app_store_browse,Pakistan,Android,free,18-24,6.9.2,12
u_201942,2026-04-04,app_store_browse,Nigeria,Web,free,45+,6.9.0,n/a
u_201943,2026-03-04,paid_social,Pakistan,Android,free,25-34,7.0.1,12
u_201944,2026-06-11,influencer,Nigeria,Android,free,18-24,7.1.0,14
u_201945,2026-03-20,influencer,United States,Android,pro_monthly,25-34,7.0.1,15
u_201946,2026-05-23,paid_search,India,Android,free,18-24,7.0.1,13
u_201947,2026-05-13,organic_search,United Arab Emirates,iOS,free,18-24,7.0.1,17.0
u_201948,2026-03-01,influencer,United Arab Emirates,Android,free,18-24,7.1.0,12
u_201949,2026-03-11,organic_search,Saudi Arabia,Android,free,18-24,7.0.0,13
u_201950,2026-05-13,organic_search,United States,Android,free,25-34,7.1.0,13
u_201951,2026-05-01,referral,India,iOS,pro_annual,18-24,7.0.1,16.5
u_201952,2026-03-14,paid_social,United States,Android,free,25-34,7.0.1,15
u_201953,2026-03-27,paid_social,Nigeria,Android,free,25-34,6.9.2,12
u_201954,2026-05-16,app_store_browse,Turkey,Web,free,25-34,7.0.0,n/a
u_201955,2026-04-11,influencer,Germany,Android,pro_monthly,18-24,7.1.0,12
u_201956,2026-04-24,app_store_browse,India,Android,pro_annual,25-34,7.0.0,12
u_201957,2026-04-01,influencer,Pakistan,Android,free,18-24,7.0.1,13
u_201958,2026-04-07,paid_social,Saudi Arabia,Android,free,25-34,6.9.0,13
u_201959,2026-06-19,paid_search,Pakistan,Android,free,18-24,7.0.0,13
u_201960,2026-06-17,paid_search,Indonesia,iOS,free,25-34,6.9.2,18.0
u_201961,2026-06-21,paid_social,India,iOS,enterprise,25-34,6.9.0,17.4
u_201962,2026-05-25,paid_search,United States,iOS,free,25-34,7.0.0,17.4
u_201963,2026-05-24,influencer,United States,iOS,free,45+,7.0.1,17.0
u_201964,2026-04-06,paid_social,Philippines,Android,free,25-34,6.9.2,13
u_201965,2026-03-18,referral,United States,Android,free,25-34,7.0.0,12
u_201966,2026-03-11,app_store_browse,Pakistan,iOS,free,25-34,7.0.0,16.5
u_201967,2026-04-27,app_store_browse,Nigeria,Android,free,35-44,7.1.0,13
u_201968,2026-06-17,app_store_browse,India,Android,free,45+,7.1.0,13
u_201969,2026-06-08,referral,India,iOS,free,25-34,7.1.0,18.0
u_201970,2026-05-06,paid_social,India,Web,pro_monthly,13-17,7.0.1,n/a
u_201971,2026-04-12,influencer,United Arab Emirates,Android,free,35-44,7.0.0,15
u_201972,2026-03-03,referral,Pakistan,iOS,free,18-24,7.1.0,16.5
u_201973,2026-03-09,paid_social,Pakistan,Web,free,25-34,7.0.1,n/a
u_201974,2026-05-26,organic_search,Pakistan,Android,free,18-24,7.1.0,14
u_201975,2026-04-18,organic_search,Philippines,iOS,free,18-24,6.9.2,18.0
u_201976,2026-03-14,referral,Indonesia,Android,free,13-17,7.1.0,13
u_201977,2026-04-01,influencer,Saudi Arabia,iOS,free,35-44,7.0.1,18.2
u_201978,2026-05-22,paid_social,Germany,Android,pro_monthly,25-34,6.8.0,13
u_201979,2026-05-24,app_store_browse,Nigeria,Android,free,25-34,7.1.0,12
u_201980,2026-05-05,paid_search,Pakistan,iOS,enterprise,25-34,6.9.0,18.0
u_201981,2026-06-08,paid_social,Pakistan,Web,free,25-34,7.0.1,n/a
u_201982,2026-06-10,organic_search,India,iOS,pro_monthly,18-24,7.0.0,18.0
u_201983,2026-06-03,referral,India,Android,free,25-34,7.0.1,15
u_201984,2026-04-25,app_store_browse,Indonesia,Web,free,35-44,6.9.2,n/a
u_201985,2026-06-15,paid_social,Turkey,Android,free,45+,7.1.0,12
u_201986,2026-04-03,paid_social,Philippines,Android,free,25-34,7.0.0,13
u_201987,2026-03-04,influencer,India,Android,free,18-24,7.1.0,12
u_201988,2026-03-04,paid_social,India,Android,free,45+,6.8.0,13
u_201989,2026-03-05,paid_social,United Arab Emirates,Android,free,25-34,6.9.2,15
u_201990,2026-04-14,paid_social,India,Web,pro_monthly,25-34,6.9.2,n/a
u_201991,2026-05-20,organic_search,United Arab Emirates,Android,free,25-34,7.0.1,14
u_201992,2026-05-06,paid_social,Indonesia,iOS,free,35-44,7.1.0,17.4
u_201993,2026-03-23,referral,United States,Web,free,25-34,6.9.2,n/a
u_201994,2026-06-03,influencer,India,iOS,free,18-24,7.0.1,17.4
u_201995,2026-04-23,paid_social,United Kingdom,Android,free,18-24,7.0.1,12
u_201996,2026-05-11,paid_search,Brazil,iOS,free,25-34,6.9.2,18.0
u_201997,2026-03-23,paid_social,United Kingdom,Android,free,18-24,7.1.0,15
u_201998,2026-06-20,app_store_browse,Pakistan,iOS,free,25-34,7.1.0,18.2
u_201999,2026-03-11,influencer,Pakistan,iOS,free,25-34,7.1.0,18.2
u_202000,2026-06-02,app_store_browse,United States,Android,free,18-24,7.0.1,14
u_202001,2026-03-08,organic_search,Philippines,iOS,pro_monthly,35-44,7.0.1,16.5
u_202002,2026-03-13,organic_search,Nigeria,iOS,pro_annual,25-34,7.1.0,18.0
u_202003,2026-05-30,paid_social,Pakistan,iOS,free,18-24,7.1.0,17.4
u_202004,2026-03-11,paid_social,Germany,iOS,free,18-24,7.1.0,17.4
u_202005,2026-05-10,paid_social,United Arab Emirates,Android,free,25-34,7.1.0,15
u_202006,2026-05-15,influencer,United Kingdom,iOS,free,18-24,7.0.0,17.4
u_202007,2026-04-05,paid_social,India,Android,pro_monthly,35-44,6.9.2,15
u_202008,2026-05-26,app_store_browse,Nigeria,iOS,free,35-44,6.9.2,18.2
u_202009,2026-04-10,organic_search,United States,Android,pro_monthly,25-34,7.1.0,15
u_202010,2026-05-01,paid_social,United States,Web,free,18-24,6.8.0,n/a
u_202011,2026-06-01,organic_search,United States,iOS,free,25-34,7.0.0,18.2
u_202012,2026-03-02,paid_social,United Arab Emirates,Android,free,25-34,6.9.2,12
u_202013,2026-03-15,app_store_browse,United States,iOS,free,35-44,7.1.0,18.0
u_202014,2026-06-10,paid_social,Turkey,Web,free,45+,6.9.0,n/a
u_202015,2026-04-16,paid_social,United Kingdom,Android,free,25-34,7.0.1,14
u_202016,2026-05-07,paid_search,Pakistan,Android,free,35-44,7.0.1,13
u_202017,2026-05-24,paid_search,Pakistan,Android,free,25-34,7.0.0,15
u_202018,2026-04-04,paid_social,Saudi Arabia,iOS,free,25-34,6.9.0,17.0
u_202019,2026-06-14,influencer,United Arab Emirates,Android,free,18-24,7.0.1,15
u_202020,2026-06-19,influencer,India,Android,free,25-34,7.0.0,12
u_202021,2026-03-13,influencer,Pakistan,Web,free,18-24,7.1.0,n/a
u_202022,2026-06-19,paid_social,Pakistan,Android,free,18-24,7.1.0,15
u_202023,2026-05-03,organic_search,India,iOS,free,25-34,7.1.0,16.5
u_202024,2026-03-10,paid_social,India,Web,free,35-44,7.0.1,n/a
u_202025,2026-05-16,paid_social,United Arab Emirates,Web,free,25-34,7.0.1,n/a
u_202026,2026-05-17,paid_social,Nigeria,Android,free,25-34,7.1.0,14
u_202027,2026-04-29,organic_search,Pakistan,Android,free,35-44,7.0.1,14
u_202028,2026-05-08,organic_search,Indonesia,Android,free,35-44,7.1.0,12
u_202029,2026-04-17,paid_search,United Kingdom,Android,free,25-34,7.0.1,13
u_202030,2026-04-29,paid_search,Nigeria,Android,free,35-44,6.9.0,14
u_202031,2026-04-17,paid_social,Pakistan,iOS,free,13-17,7.0.0,17.4
u_202032,2026-05-18,influencer,Indonesia,iOS,free,45+,6.8.0,18.2
u_202033,2026-05-09,organic_search,United Kingdom,iOS,free,13-17,7.1.0,16.5
u_202034,2026-05-05,paid_social,India,Android,free,25-34,6.9.0,13
u_202035,2026-06-14,app_store_browse,United States,Android,pro_monthly,35-44,7.0.0,14
u_202036,2026-04-04,app_store_browse,Saudi Arabia,iOS,free,25-34,6.9.2,18.2
u_202037,2026-04-27,paid_search,Indonesia,iOS,free,25-34,7.0.1,17.4
u_202038,2026-05-21,organic_search,Saudi Arabia,iOS,pro_annual,25-34,7.1.0,17.4
u_202039,2026-06-11,influencer,United States,Android,free,35-44,7.1.0,13
u_202040,2026-05-26,paid_social,United Kingdom,iOS,free,35-44,7.0.0,17.4
u_202041,2026-04-23,paid_social,Germany,iOS,free,18-24,7.0.1,17.4
u_202042,2026-04-27,organic_search,Philippines,Web,free,18-24,7.0.1,n/a
u_202043,2026-04-16,paid_social,United States,Web,pro_annual,25-34,7.1.0,n/a
u_202044,2026-05-26,organic_search,Pakistan,Android,free,18-24,7.0.1,14
u_202045,2026-03-27,influencer,Nigeria,Android,free,25-34,7.1.0,12
u_202046,2026-05-05,paid_social,India,Android,free,35-44,6.9.0,15
u_202047,2026-04-26,app_store_browse,United Kingdom,Android,free,18-24,7.1.0,15
u_202048,2026-04-20,influencer,Turkey,iOS,free,25-34,7.0.0,18.2
u_202049,2026-03-03,referral,United States,Android,free,18-24,7.1.0,13
u_202050,2026-04-20,referral,United Arab Emirates,iOS,free,35-44,7.1.0,16.5
u_202051,2026-04-20,influencer,Philippines,Android,free,25-34,7.0.1,12
u_202052,2026-04-17,paid_social,Nigeria,iOS,free,18-24,6.8.0,17.4
u_202053,2026-05-25,organic_search,United States,Android,free,18-24,7.1.0,15
u_202054,2026-04-02,referral,Indonesia,iOS,free,35-44,7.1.0,18.0
u_202055,2026-05-14,influencer,Germany,Android,free,18-24,7.1.0,15
u_202056,2026-03-23,app_store_browse,United States,Android,free,18-24,7.1.0,14
u_202057,2026-04-30,paid_search,Brazil,iOS,free,35-44,7.1.0,18.0
u_202058,2026-05-20,influencer,United States,Android,pro_annual,45+,6.9.0,13
u_202059,2026-03-21,organic_search,India,Android,free,45+,7.1.0,12
u_202060,2026-03-08,influencer,Germany,Android,free,45+,7.0.0,15
u_202061,2026-04-04,paid_search,Germany,Android,free,25-34,7.1.0,14
u_202062,2026-03-31,organic_search,United Kingdom,iOS,free,13-17,7.1.0,18.0
u_202063,2026-06-10,paid_social,Pakistan,Android,free,25-34,7.1.0,15
u_202064,2026-06-06,organic_search,Pakistan,Android,free,45+,6.9.0,13
u_202065,2026-05-03,organic_search,Brazil,iOS,free,25-34,6.9.0,17.0
u_202066,2026-04-28,influencer,Pakistan,iOS,free,35-44,7.1.0,18.2
u_202067,2026-04-27,paid_search,Pakistan,Android,free,35-44,7.0.1,13
u_202068,2026-05-18,influencer,United States,iOS,free,35-44,7.0.1,17.4
u_202069,2026-06-15,organic_search,India,Web,free,35-44,7.0.1,n/a
u_202070,2026-06-15,organic_search,Pakistan,Android,free,25-34,6.9.0,12
u_202071,2026-05-10,paid_social,Nigeria,iOS,free,25-34,7.1.0,17.4
u_202072,2026-06-08,referral,India,iOS,free,25-34,7.1.0,16.5
u_202073,2026-05-30,paid_social,United Kingdom,Android,free,25-34,7.0.0,14
u_202074,2026-06-14,organic_search,Brazil,Android,free,35-44,6.9.0,13
u_202075,2026-05-01,referral,United States,iOS,pro_monthly,18-24,7.0.1,17.4
u_202076,2026-03-06,organic_search,Turkey,iOS,free,13-17,6.9.2,18.0
u_202077,2026-05-20,paid_search,Pakistan,Web,free,35-44,7.1.0,n/a
u_202078,2026-03-08,paid_social,India,iOS,free,25-34,7.0.1,17.4
u_202079,2026-05-31,organic_search,Germany,iOS,free,35-44,7.0.1,16.5
u_202080,2026-06-16,referral,United Kingdom,iOS,free,18-24,6.8.0,17.4
u_202081,2026-06-17,app_store_browse,Germany,Android,free,18-24,7.0.1,13
u_202082,2026-05-24,app_store_browse,Indonesia,Android,free,18-24,6.9.2,13
u_202083,2026-05-28,app_store_browse,Brazil,Android,free,13-17,6.9.0,15
u_202084,2026-05-01,influencer,United States,iOS,free,25-34,7.0.0,18.2
u_202085,2026-05-26,influencer,India,Android,free,25-34,7.0.0,14
u_202086,2026-06-19,referral,Nigeria,Android,free,45+,7.1.0,15
u_202087,2026-03-10,organic_search,Pakistan,Android,pro_monthly,25-34,7.1.0,15
u_202088,2026-06-17,influencer,Saudi Arabia,Android,pro_monthly,45+,6.9.0,14
u_202089,2026-05-11,app_store_browse,Pakistan,Android,free,18-24,7.0.1,15
u_202090,2026-06-19,paid_social,United States,Android,free,25-34,7.0.1,14
u_202091,2026-04-16,app_store_browse,Pakistan,Android,free,18-24,6.8.0,13
u_202092,2026-05-27,influencer,Indonesia,iOS,free,18-24,7.0.1,17.0
u_202093,2026-05-17,influencer,United Kingdom,Web,free,35-44,6.9.2,n/a
u_202094,2026-03-28,organic_search,Pakistan,iOS,free,25-34,7.1.0,18.2
u_202095,2026-05-05,paid_social,United Kingdom,iOS,free,35-44,7.1.0,18.0
u_202096,2026-06-16,paid_search,United Kingdom,Web,free,25-34,7.0.1,n/a
u_202097,2026-04-10,paid_search,Philippines,Web,free,18-24,7.1.0,n/a
u_202098,2026-03-18,referral,United States,iOS,free,25-34,6.9.0,16.5
u_202099,2026-05-27,paid_social,India,Web,free,18-24,7.1.0,n/a
u_202100,2026-04-14,organic_search,Nigeria,iOS,free,25-34,6.9.0,17.4
u_202101,2026-05-27,influencer,Nigeria,Android,free,18-24,7.0.1,15
u_202102,2026-06-05,organic_search,Indonesia,Android,free,25-34,6.9.2,13
u_202103,2026-03-13,referral,Saudi Arabia,Android,free,35-44,7.1.0,13
u_202104,2026-04-05,influencer,Brazil,iOS,free,25-34,7.0.0,16.5
u_202105,2026-04-19,influencer,United States,Android,free,45+,7.0.1,12
u_202106,2026-03-12,paid_social,Pakistan,Android,free,25-34,7.1.0,14
u_202107,2026-05-24,paid_search,United Kingdom,iOS,free,45+,6.9.0,16.5
u_202108,2026-04-04,app_store_browse,United Arab Emirates,iOS,free,25-34,7.0.1,18.2
u_202109,2026-03-30,paid_social,Philippines,Web,free,25-34,6.9.2,n/a
u_202110,2026-06-03,paid_social,United States,Android,free,45+,6.8.0,15
u_202111,2026-05-10,paid_social,India,Android,pro_annual,35-44,7.0.1,15
u_202112,2026-03-09,app_store_browse,United Arab Emirates,iOS,free,13-17,7.0.1,18.0
u_202113,2026-05-30,organic_search,Turkey,Android,free,25-34,6.9.2,15
u_202114,2026-04-19,influencer,United States,iOS,free,35-44,7.1.0,16.5
u_202115,2026-05-22,organic_search,Saudi Arabia,Android,free,25-34,7.0.0,12
u_202116,2026-06-09,paid_social,Turkey,Web,pro_monthly,18-24,7.0.0,n/a
u_202117,2026-05-23,influencer,United States,Android,free,18-24,7.0.0,15
u_202118,2026-03-02,paid_social,Saudi Arabia,Android,pro_monthly,25-34,7.1.0,14
u_202119,2026-05-02,referral,Brazil,iOS,free,35-44,7.0.1,17.4
u_202120,2026-04-01,influencer,Pakistan,iOS,free,25-34,7.1.0,18.0
u_202121,2026-03-22,app_store_browse,India,Web,free,45+,7.0.1,n/a
u_202122,2026-03-29,paid_social,United States,Android,free,25-34,6.9.2,15
u_202123,2026-05-05,paid_social,India,Android,free,18-24,6.9.2,15
u_202124,2026-04-15,organic_search,United States,Web,free,25-34,6.8.0,n/a
u_202125,2026-03-21,referral,Indonesia,iOS,free,18-24,7.1.0,17.4
u_202126,2026-03-08,paid_social,Germany,Android,free,25-34,7.0.0,14
u_202127,2026-04-14,organic_search,Germany,iOS,pro_monthly,18-24,7.1.0,18.2
u_202128,2026-05-17,paid_search,Turkey,iOS,free,18-24,7.0.1,16.5
u_202129,2026-05-06,paid_social,United States,Android,free,45+,7.0.1,14
u_202130,2026-04-08,paid_social,India,Android,free,35-44,7.0.0,14
u_202131,2026-04-09,organic_search,Pakistan,iOS,free,35-44,7.0.1,17.0
u_202132,2026-04-30,paid_search,Pakistan,iOS,free,18-24,7.0.1,16.5
u_202133,2026-03-02,organic_search,United States,iOS,free,35-44,7.0.0,17.4
u_202134,2026-05-01,organic_search,Philippines,iOS,pro_monthly,25-34,6.9.2,18.0
u_202135,2026-04-29,referral,United Kingdom,Android,free,35-44,7.0.1,12
u_202136,2026-05-19,paid_search,Germany,Android,free,18-24,7.1.0,13
u_202137,2026-05-20,paid_social,United States,Android,free,18-24,7.0.0,13
u_202138,2026-04-05,paid_social,United States,iOS,free,18-24,7.1.0,18.0
u_202139,2026-03-05,app_store_browse,Indonesia,iOS,free,18-24,7.0.0,18.0
u_202140,2026-03-19,influencer,United States,Web,free,18-24,7.0.1,n/a
u_202141,2026-03-14,app_store_browse,United States,iOS,free,35-44,6.9.0,16.5
u_202142,2026-03-22,influencer,United Kingdom,Android,free,45+,6.9.2,13
u_202143,2026-05-20,paid_social,Indonesia,Android,free,25-34,7.1.0,14
u_202144,2026-06-11,influencer,United Arab Emirates,Web,free,18-24,6.9.2,n/a
u_202145,2026-05-29,referral,Pakistan,Android,free,35-44,7.0.0,13
u_202146,2026-05-27,influencer,India,iOS,free,18-24,7.0.1,18.0
u_202147,2026-03-10,referral,Nigeria,Android,pro_monthly,35-44,7.0.0,13
u_202148,2026-06-17,organic_search,United States,Web,free,35-44,7.0.0,n/a
u_202149,2026-03-23,influencer,United States,iOS,free,25-34,7.0.0,17.0
u_202150,2026-05-09,influencer,United Kingdom,iOS,free,25-34,7.1.0,17.0
u_202151,2026-04-08,paid_social,Indonesia,Web,free,13-17,7.1.0,n/a
u_202152,2026-03-02,influencer,Pakistan,Android,pro_annual,18-24,7.0.1,13
u_202153,2026-04-24,app_store_browse,Turkey,Web,free,18-24,6.9.2,n/a
u_202154,2026-06-21,referral,United Kingdom,Android,pro_monthly,18-24,7.0.1,12
u_202155,2026-03-01,influencer,Pakistan,Web,free,25-34,7.0.1,n/a
u_202156,2026-05-16,influencer,United Arab Emirates,Android,free,18-24,7.1.0,12
u_202157,2026-04-29,paid_search,Indonesia,iOS,free,25-34,6.9.2,18.2
u_202158,2026-05-03,organic_search,Brazil,Android,free,25-34,7.0.1,15
u_202159,2026-05-15,influencer,India,iOS,free,18-24,7.0.1,16.5
u_202160,2026-06-09,influencer,United States,iOS,free,45+,7.1.0,17.0
u_202161,2026-03-05,referral,Pakistan,iOS,free,25-34,7.0.1,18.2
u_202162,2026-04-15,paid_social,United Arab Emirates,Web,free,13-17,6.8.0,n/a
u_202163,2026-05-06,paid_search,India,Android,free,25-34,7.0.1,15
u_202164,2026-04-05,paid_social,India,iOS,free,18-24,7.1.0,18.0
u_202165,2026-06-12,paid_social,Philippines,iOS,pro_annual,25-34,7.0.0,18.2
u_202166,2026-05-15,paid_search,United Kingdom,iOS,free,35-44,7.1.0,18.2
u_202167,2026-05-27,app_store_browse,Saudi Arabia,iOS,free,18-24,7.0.1,18.2
u_202168,2026-06-11,app_store_browse,United States,iOS,free,18-24,7.1.0,17.4
u_202169,2026-05-30,referral,United States,Android,free,18-24,6.9.2,15
u_202170,2026-05-27,paid_search,Nigeria,iOS,free,18-24,7.1.0,17.0
u_202171,2026-04-13,influencer,United States,Android,free,13-17,6.9.2,12
u_202172,2026-04-18,influencer,United States,Android,free,18-24,7.0.1,12
u_202173,2026-04-15,paid_social,Pakistan,Android,free,13-17,7.1.0,14
u_202174,2026-05-07,paid_social,United States,Android,free,18-24,7.0.0,12
u_202175,2026-06-20,organic_search,India,iOS,free,13-17,7.0.1,18.2
u_202176,2026-04-27,referral,Pakistan,Android,free,25-34,7.0.1,13
u_202177,2026-04-18,paid_social,United States,Android,free,25-34,7.1.0,12
u_202178,2026-03-07,paid_social,United States,Android,free,25-34,7.0.1,15
u_202179,2026-06-16,organic_search,Pakistan,Android,free,18-24,6.8.0,12
u_202180,2026-06-03,app_store_browse,United States,Web,pro_annual,35-44,7.1.0,n/a
u_202181,2026-04-06,paid_search,Indonesia,iOS,pro_monthly,25-34,7.1.0,16.5
u_202182,2026-04-10,organic_search,Pakistan,iOS,free,18-24,6.8.0,17.4
u_202183,2026-06-10,influencer,India,iOS,free,25-34,6.9.0,18.0
u_202184,2026-05-29,paid_social,India,Android,free,35-44,7.1.0,15
u_202185,2026-06-02,influencer,Brazil,Web,pro_monthly,18-24,7.1.0,n/a
u_202186,2026-04-22,organic_search,India,Android,free,25-34,7.0.0,15
u_202187,2026-04-06,influencer,Germany,iOS,free,25-34,6.9.2,18.0
u_202188,2026-06-01,app_store_browse,Brazil,iOS,free,25-34,7.1.0,17.4
u_202189,2026-04-12,influencer,India,iOS,free,35-44,7.0.1,17.0
u_202190,2026-03-30,paid_social,United States,iOS,free,18-24,7.1.0,16.5
u_202191,2026-04-12,paid_social,Nigeria,iOS,free,25-34,6.9.2,16.5
u_202192,2026-06-19,influencer,United States,Android,free,18-24,7.0.1,14
u_202193,2026-05-15,app_store_browse,Germany,iOS,free,13-17,6.9.2,17.4
u_202194,2026-03-21,paid_search,Saudi Arabia,iOS,free,18-24,7.1.0,18.0
u_202195,2026-06-14,organic_search,Pakistan,iOS,free,35-44,7.1.0,17.4
u_202196,2026-05-04,influencer,Indonesia,Android,free,13-17,7.0.0,13
u_202197,2026-04-24,app_store_browse,Indonesia,Web,free,18-24,7.1.0,n/a
u_202198,2026-05-08,organic_search,Philippines,Web,free,35-44,7.1.0,n/a
u_202199,2026-04-18,referral,Pakistan,Android,free,25-34,7.1.0,14
u_202200,2026-06-05,paid_search,United Arab Emirates,iOS,free,35-44,7.0.1,18.2
u_202201,2026-06-21,paid_social,United States,iOS,free,35-44,6.9.2,17.4
u_202202,2026-03-31,organic_search,India,iOS,free,25-34,7.0.1,18.2
u_202203,2026-03-22,paid_social,United States,Android,free,13-17,6.9.2,14
u_202204,2026-06-02,paid_search,Turkey,Android,free,18-24,7.0.1,14
u_202205,2026-04-04,organic_search,Pakistan,Web,free,18-24,6.9.0,n/a
u_202206,2026-05-11,organic_search,Pakistan,Web,free,35-44,6.9.0,n/a
u_202207,2026-03-05,paid_search,Pakistan,Android,free,18-24,7.1.0,13
u_202208,2026-04-28,influencer,United Arab Emirates,Web,free,18-24,7.0.1,n/a
u_202209,2026-04-19,paid_social,United States,Android,free,45+,7.0.1,13
u_202210,2026-05-14,influencer,Brazil,iOS,free,18-24,7.1.0,17.4
u_202211,2026-05-20,app_store_browse,United States,iOS,free,18-24,7.0.1,17.0
u_202212,2026-05-13,paid_social,United States,iOS,free,18-24,7.0.0,17.4
u_202213,2026-05-06,organic_search,Saudi Arabia,iOS,free,18-24,6.8.0,16.5
u_202214,2026-04-20,referral,United States,Android,free,25-34,6.9.2,12
u_202215,2026-03-04,paid_social,United States,Android,free,18-24,7.0.1,13
u_202216,2026-05-12,organic_search,India,iOS,free,35-44,7.0.1,17.0
u_202217,2026-03-15,influencer,United States,Android,free,45+,7.0.1,15
u_202218,2026-05-14,app_store_browse,United States,iOS,free,18-24,7.1.0,18.0
u_202219,2026-04-14,paid_social,Turkey,Android,pro_monthly,25-34,7.0.1,15
u_202220,2026-05-04,organic_search,India,iOS,enterprise,18-24,7.0.1,18.0
u_202221,2026-05-14,organic_search,Indonesia,iOS,pro_annual,25-34,7.0.1,17.4
u_202222,2026-05-14,organic_search,India,iOS,pro_monthly,25-34,7.1.0,18.0
u_202223,2026-06-14,referral,United States,iOS,free,18-24,7.0.1,17.0
u_202224,2026-03-27,paid_search,Pakistan,iOS,pro_monthly,13-17,6.9.0,17.0
u_202225,2026-06-16,paid_search,United Kingdom,iOS,free,35-44,7.1.0,17.0
u_202226,2026-03-05,paid_social,Pakistan,Web,free,25-34,7.0.0,n/a
u_202227,2026-06-09,organic_search,Turkey,iOS,free,25-34,7.0.0,17.0
u_202228,2026-03-10,influencer,United States,iOS,free,35-44,6.9.2,16.5
u_202229,2026-05-24,organic_search,United Arab Emirates,Android,enterprise,25-34,7.1.0,12
u_202230,2026-04-04,paid_social,United Arab Emirates,Android,pro_monthly,18-24,7.1.0,15
u_202231,2026-04-01,paid_social,United States,iOS,free,18-24,7.1.0,16.5
u_202232,2026-06-07,paid_social,Germany,Android,free,35-44,7.1.0,12
u_202233,2026-05-21,paid_social,United States,Web,pro_monthly,18-24,7.1.0,n/a
u_202234,2026-03-12,organic_search,Nigeria,Web,free,45+,6.9.0,n/a
u_202235,2026-03-22,app_store_browse,Germany,iOS,free,13-17,7.0.1,18.0
u_202236,2026-06-06,influencer,Indonesia,Android,free,18-24,7.0.0,14
u_202237,2026-04-18,paid_search,India,Android,free,45+,7.1.0,15
u_202238,2026-05-09,influencer,United Kingdom,iOS,pro_monthly,25-34,7.1.0,18.2
u_202239,2026-03-21,paid_social,Turkey,iOS,pro_monthly,45+,6.9.2,17.0
u_202240,2026-05-19,app_store_browse,Turkey,iOS,free,35-44,7.0.1,17.0
u_202241,2026-05-07,referral,United States,Android,free,13-17,7.0.1,13
u_202242,2026-03-11,app_store_browse,Brazil,iOS,free,18-24,6.9.2,18.2
u_202243,2026-06-18,referral,Nigeria,iOS,free,45+,7.0.1,18.2
u_202244,2026-04-14,paid_social,Pakistan,iOS,free,25-34,7.0.1,17.4
u_202245,2026-04-02,paid_search,Saudi Arabia,Android,free,25-34,7.1.0,15
u_202246,2026-04-18,paid_social,India,Android,free,18-24,7.1.0,15
u_202247,2026-05-31,app_store_browse,Saudi Arabia,iOS,free,13-17,7.0.1,18.0
u_202248,2026-03-13,organic_search,India,Android,free,18-24,7.1.0,13
u_202249,2026-03-18,app_store_browse,Pakistan,iOS,free,25-34,7.1.0,17.4
u_202250,2026-05-22,paid_search,Nigeria,Android,pro_annual,25-34,7.0.0,12
u_202251,2026-04-21,organic_search,United Arab Emirates,Android,free,18-24,7.0.1,12
u_202252,2026-05-10,app_store_browse,Nigeria,Android,free,25-34,7.0.1,12
u_202253,2026-03-30,paid_search,United States,Android,free,13-17,7.1.0,12
u_202254,2026-05-01,influencer,Pakistan,iOS,free,35-44,7.0.1,18.0
u_202255,2026-03-09,paid_social,Philippines,Android,free,18-24,7.0.1,12
u_202256,2026-04-17,paid_search,Saudi Arabia,Android,free,25-34,7.0.1,15
u_202257,2026-03-22,organic_search,United Kingdom,iOS,free,25-34,7.0.1,17.4
u_202258,2026-03-15,influencer,Germany,iOS,free,18-24,7.0.1,17.0
u_202259,2026-04-16,paid_social,Turkey,Android,free,35-44,6.8.0,12
u_202260,2026-03-28,paid_social,India,iOS,free,45+,6.9.0,16.5
u_202261,2026-06-14,app_store_browse,United States,Android,free,18-24,6.9.2,15
u_202262,2026-04-27,organic_search,Turkey,iOS,free,18-24,7.0.1,18.2
u_202263,2026-05-23,referral,United Arab Emirates,iOS,free,25-34,7.1.0,18.0
u_202264,2026-04-28,paid_social,Pakistan,Android,free,25-34,7.1.0,12
u_202265,2026-04-17,organic_search,Saudi Arabia,Web,pro_monthly,18-24,7.0.1,n/a
u_202266,2026-04-07,organic_search,India,Android,free,18-24,6.9.2,13
u_202267,2026-04-26,app_store_browse,United Kingdom,iOS,pro_monthly,13-17,6.9.2,16.5
u_202268,2026-05-27,organic_search,United States,iOS,free,18-24,7.0.1,18.2
u_202269,2026-04-03,influencer,United States,iOS,free,25-34,7.0.0,18.2
u_202270,2026-03-23,app_store_browse,Germany,iOS,free,25-34,6.9.2,18.2
u_202271,2026-06-07,organic_search,Germany,iOS,free,35-44,6.9.2,18.0
u_202272,2026-06-07,app_store_browse,United Arab Emirates,Android,free,25-34,6.9.2,15
u_202273,2026-03-25,influencer,Germany,iOS,enterprise,18-24,7.0.1,17.0
u_202274,2026-05-10,organic_search,India,iOS,free,25-34,7.1.0,17.0
u_202275,2026-04-15,paid_social,United Kingdom,iOS,pro_annual,25-34,7.0.0,16.5
u_202276,2026-05-10,referral,India,Android,free,25-34,6.9.2,15
u_202277,2026-05-08,organic_search,Pakistan,iOS,free,45+,7.1.0,18.0
u_202278,2026-03-06,organic_search,Philippines,iOS,free,25-34,7.0.0,17.4
u_202279,2026-03-17,referral,Indonesia,Android,free,35-44,7.1.0,14
u_202280,2026-06-20,organic_search,Germany,Android,free,45+,7.1.0,13
u_202281,2026-03-13,paid_search,Turkey,Android,pro_monthly,18-24,7.0.1,14
u_202282,2026-06-03,paid_social,Pakistan,Android,free,25-34,7.0.1,15
u_202283,2026-04-14,paid_search,United States,Web,free,45+,7.1.0,n/a
u_202284,2026-06-02,paid_social,United Arab Emirates,iOS,free,18-24,6.9.2,17.4
u_202285,2026-04-28,organic_search,Pakistan,Web,free,25-34,7.1.0,n/a
u_202286,2026-06-10,paid_social,United States,iOS,free,25-34,6.9.2,18.0
u_202287,2026-05-10,influencer,Saudi Arabia,iOS,pro_monthly,18-24,7.1.0,17.0
u_202288,2026-03-31,paid_social,India,Android,free,13-17,7.1.0,14
u_202289,2026-04-30,paid_social,Pakistan,iOS,free,18-24,7.0.1,17.4
u_202290,2026-05-17,paid_social,Nigeria,iOS,pro_monthly,25-34,7.1.0,18.0
u_202291,2026-05-30,influencer,Nigeria,Android,free,18-24,7.0.1,12
u_202292,2026-03-10,paid_search,United States,Android,free,25-34,7.1.0,13
u_202293,2026-05-01,paid_social,Germany,Android,free,25-34,7.0.1,15
u_202294,2026-05-04,paid_search,India,iOS,free,18-24,7.1.0,17.4
u_202295,2026-05-25,organic_search,Turkey,iOS,free,25-34,7.1.0,17.4
u_202296,2026-04-13,organic_search,India,Android,free,18-24,6.9.2,13
u_202297,2026-03-24,paid_search,Saudi Arabia,Android,free,35-44,7.1.0,12
u_202298,2026-06-07,organic_search,United Kingdom,Web,free,18-24,6.9.0,n/a
u_202299,2026-03-06,paid_search,Germany,Android,free,25-34,7.0.1,13
u_202300,2026-03-04,organic_search,United Kingdom,Android,pro_annual,25-34,7.1.0,14
u_202301,2026-05-19,paid_social,United Kingdom,Android,free,18-24,7.1.0,14
u_202302,2026-04-19,influencer,Philippines,Android,free,25-34,7.1.0,15
u_202303,2026-05-05,organic_search,United States,Android,free,25-34,7.0.1,12
u_202304,2026-04-08,organic_search,Pakistan,Android,free,25-34,7.0.0,15
u_202305,2026-06-03,referral,United States,Android,free,25-34,7.0.1,13
u_202306,2026-03-13,influencer,United States,iOS,free,25-34,6.9.0,17.4
u_202307,2026-05-13,paid_social,Germany,iOS,free,25-34,7.0.1,17.4
u_202308,2026-04-30,referral,Turkey,Android,free,25-34,6.9.2,14
u_202309,2026-04-12,paid_social,Turkey,iOS,free,25-34,7.1.0,16.5
u_202310,2026-06-05,influencer,Saudi Arabia,Android,free,13-17,7.0.1,12
u_202311,2026-03-03,influencer,Brazil,Web,free,35-44,7.1.0,n/a
u_202312,2026-06-03,influencer,Pakistan,Android,free,18-24,7.0.0,12
u_202313,2026-04-16,paid_social,United States,Web,free,18-24,6.9.0,n/a
u_202314,2026-04-21,paid_social,Pakistan,iOS,free,45+,7.1.0,16.5
u_202315,2026-03-13,organic_search,Philippines,iOS,free,18-24,7.1.0,18.2
u_202316,2026-03-07,paid_social,Indonesia,Android,free,35-44,7.0.0,15
u_202317,2026-03-14,organic_search,Philippines,Web,pro_annual,35-44,7.0.1,n/a
u_202318,2026-04-07,referral,United States,iOS,pro_monthly,18-24,7.0.0,18.0
u_202319,2026-06-17,organic_search,Philippines,Android,free,25-34,7.1.0,13
u_202320,2026-03-02,paid_social,United Arab Emirates,iOS,free,45+,7.0.1,18.2
u_202321,2026-05-21,referral,United States,Android,pro_monthly,45+,7.1.0,12
u_202322,2026-03-04,organic_search,United States,iOS,free,25-34,7.1.0,17.0
u_202323,2026-06-03,paid_search,United Kingdom,Android,pro_monthly,25-34,7.0.0,12
u_202324,2026-04-16,paid_search,India,Android,free,45+,6.9.0,15
u_202325,2026-05-24,organic_search,United Kingdom,iOS,pro_monthly,18-24,6.9.2,17.0
u_202326,2026-03-24,influencer,Germany,Android,free,18-24,7.1.0,13
u_202327,2026-04-28,organic_search,United States,iOS,free,25-34,7.0.1,17.0
u_202328,2026-05-22,paid_search,India,Android,free,18-24,7.0.1,15
u_202329,2026-05-05,paid_social,United States,Android,free,35-44,7.0.0,15
u_202330,2026-06-05,paid_social,United States,Web,free,18-24,7.0.1,n/a
u_202331,2026-03-01,influencer,India,iOS,free,45+,6.9.0,17.4
u_202332,2026-05-25,influencer,United States,Web,free,25-34,7.1.0,n/a
u_202333,2026-03-17,organic_search,United States,iOS,free,25-34,6.9.2,17.0
u_202334,2026-05-07,influencer,United Arab Emirates,iOS,free,18-24,7.1.0,18.0
u_202335,2026-03-25,influencer,India,iOS,free,45+,7.0.0,18.2
u_202336,2026-03-21,paid_social,United States,iOS,free,18-24,7.0.1,17.4
u_202337,2026-05-09,organic_search,Indonesia,Android,free,18-24,7.0.1,13
u_202338,2026-03-29,app_store_browse,Saudi Arabia,iOS,pro_annual,25-34,7.1.0,17.0
u_202339,2026-03-22,influencer,India,Android,free,18-24,7.1.0,12
u_202340,2026-05-26,organic_search,United Arab Emirates,Web,free,25-34,7.1.0,n/a
u_202341,2026-06-15,organic_search,Pakistan,Web,free,45+,7.1.0,n/a
u_202342,2026-03-31,influencer,United Arab Emirates,iOS,free,25-34,7.0.1,18.0
u_202343,2026-05-17,organic_search,Brazil,iOS,free,13-17,7.1.0,16.5
u_202344,2026-03-25,organic_search,Brazil,Android,free,25-34,6.9.0,14
u_202345,2026-06-04,referral,India,iOS,free,35-44,7.0.1,17.4
u_202346,2026-03-30,influencer,Pakistan,Android,pro_annual,18-24,6.9.2,14
u_202347,2026-05-21,organic_search,Nigeria,Web,free,25-34,7.1.0,n/a
u_202348,2026-03-20,influencer,India,Android,free,25-34,7.1.0,14
u_202349,2026-04-12,influencer,United Kingdom,iOS,free,25-34,7.0.0,16.5
u_202350,2026-06-09,organic_search,India,iOS,free,25-34,7.1.0,18.0
u_202351,2026-06-11,influencer,India,iOS,free,18-24,7.0.1,18.0
u_202352,2026-05-10,paid_social,Germany,Android,free,18-24,7.0.1,12
u_202353,2026-05-09,paid_search,United Kingdom,Android,free,18-24,6.8.0,13
u_202354,2026-03-23,organic_search,United Kingdom,Android,free,25-34,7.1.0,14
u_202355,2026-04-07,paid_social,Indonesia,Web,free,25-34,7.1.0,n/a
u_202356,2026-03-15,paid_social,United Arab Emirates,Android,free,18-24,7.1.0,14
u_202357,2026-05-31,referral,Turkey,iOS,free,35-44,7.1.0,17.0
u_202358,2026-05-16,organic_search,India,iOS,free,18-24,6.9.0,18.2
u_202359,2026-03-10,referral,India,iOS,pro_monthly,18-24,7.1.0,16.5
u_202360,2026-03-20,paid_search,United States,Android,free,18-24,7.1.0,13
u_202361,2026-05-11,paid_social,United States,Web,free,35-44,7.0.0,n/a
u_202362,2026-03-28,paid_social,United States,Android,free,35-44,6.9.0,12
u_202363,2026-03-20,paid_social,Pakistan,Android,free,25-34,7.1.0,12
u_202364,2026-05-28,paid_social,United Kingdom,Web,free,18-24,7.0.1,n/a
u_202365,2026-03-14,influencer,Pakistan,iOS,free,45+,7.1.0,17.0
u_202366,2026-06-14,paid_search,India,Android,free,18-24,7.1.0,14
u_202367,2026-05-13,organic_search,United States,Android,free,25-34,7.1.0,15
u_202368,2026-05-20,organic_search,India,Android,pro_monthly,18-24,6.9.2,13
u_202369,2026-06-14,organic_search,United States,Android,free,25-34,7.1.0,12
u_202370,2026-03-12,paid_search,United Kingdom,iOS,free,45+,7.0.0,17.4
u_202371,2026-03-10,app_store_browse,India,Android,free,18-24,7.0.1,15
u_202372,2026-03-15,paid_search,India,iOS,free,18-24,7.1.0,17.4
u_202373,2026-05-13,referral,United Arab Emirates,Android,free,35-44,7.1.0,14
u_202374,2026-03-05,app_store_browse,Germany,Android,free,18-24,7.0.0,13
u_202375,2026-03-18,paid_social,India,iOS,free,18-24,7.1.0,16.5
u_202376,2026-05-29,influencer,United Kingdom,iOS,free,13-17,6.9.2,17.0
u_202377,2026-06-08,influencer,Nigeria,iOS,pro_monthly,18-24,7.1.0,18.2
u_202378,2026-03-10,paid_search,United States,iOS,free,25-34,7.1.0,18.2
u_202379,2026-03-30,organic_search,United Kingdom,iOS,free,13-17,7.1.0,17.4
u_202380,2026-05-23,paid_social,United States,iOS,free,18-24,7.1.0,18.0
u_202381,2026-06-20,organic_search,India,iOS,free,35-44,7.0.1,16.5
u_202382,2026-03-02,organic_search,United Kingdom,Android,free,25-34,7.0.0,13
u_202383,2026-04-20,organic_search,Pakistan,iOS,free,25-34,6.8.0,18.2
u_202384,2026-03-09,paid_social,Brazil,iOS,free,18-24,7.1.0,18.2
u_202385,2026-05-04,influencer,United Arab Emirates,iOS,free,25-34,7.1.0,18.0
u_202386,2026-05-15,organic_search,India,Android,free,35-44,7.0.1,13
u_202387,2026-04-07,influencer,Indonesia,Android,free,25-34,7.0.1,13
u_202388,2026-04-17,organic_search,Germany,Android,pro_monthly,18-24,7.1.0,12
u_202389,2026-06-03,organic_search,United States,Android,free,13-17,7.0.1,13
u_202390,2026-04-27,paid_social,Nigeria,Android,free,18-24,6.9.2,15
u_202391,2026-04-12,paid_search,United Arab Emirates,iOS,free,45+,7.0.0,17.4
u_202392,2026-05-01,paid_social,United States,Web,free,25-34,7.1.0,n/a
u_202393,2026-06-12,organic_search,Philippines,iOS,pro_monthly,25-34,7.0.1,18.0
u_202394,2026-03-21,app_store_browse,Germany,iOS,free,18-24,7.1.0,17.0
u_202395,2026-06-12,paid_social,Germany,Android,free,25-34,6.9.0,13
u_202396,2026-05-01,paid_search,India,Web,free,35-44,7.1.0,n/a
u_202397,2026-06-20,app_store_browse,Philippines,iOS,free,25-34,7.0.1,16.5
u_202398,2026-06-21,paid_search,Turkey,Web,free,18-24,7.0.1,n/a
u_202399,2026-06-18,paid_social,Indonesia,Web,free,25-34,7.0.0,n/a
u_202400,2026-05-10,paid_search,India,Android,pro_annual,45+,7.0.1,14
u_202401,2026-05-16,paid_social,Philippines,Android,free,25-34,7.1.0,13
u_202402,2026-03-01,app_store_browse,United Arab Emirates,iOS,free,25-34,7.1.0,18.0
u_202403,2026-05-21,app_store_browse,United States,iOS,free,25-34,7.1.0,17.4
u_202404,2026-04-21,organic_search,United States,iOS,free,18-24,7.1.0,16.5
u_202405,2026-03-16,app_store_browse,India,iOS,free,35-44,7.0.1,16.5
u_202406,2026-03-18,paid_search,United Kingdom,Android,free,25-34,7.1.0,14
u_202407,2026-05-27,referral,Brazil,Android,free,25-34,7.0.1,12
u_202408,2026-03-20,influencer,United States,iOS,free,25-34,7.1.0,18.2
u_202409,2026-04-29,paid_social,India,iOS,free,35-44,6.9.2,16.5
u_202410,2026-03-10,influencer,United States,Web,pro_monthly,18-24,6.9.2,n/a
u_202411,2026-03-20,app_store_browse,United States,Android,free,25-34,7.1.0,13
u_202412,2026-03-29,paid_social,United Kingdom,Web,free,25-34,7.1.0,n/a
u_202413,2026-06-05,paid_social,United Kingdom,iOS,free,18-24,6.9.2,16.5
u_202414,2026-05-23,organic_search,Brazil,iOS,pro_annual,25-34,6.9.2,18.2
u_202415,2026-03-03,organic_search,Saudi Arabia,Web,free,35-44,6.9.2,n/a
u_202416,2026-03-21,influencer,United Arab Emirates,Android,pro_monthly,45+,6.9.2,15
u_202417,2026-05-02,influencer,Brazil,iOS,free,18-24,7.0.0,17.4
u_202418,2026-03-30,paid_social,Saudi Arabia,Android,free,25-34,7.1.0,12
u_202419,2026-03-19,paid_social,Saudi Arabia,iOS,free,45+,7.0.1,17.0
u_202420,2026-05-28,organic_search,Germany,iOS,free,18-24,7.1.0,16.5
u_202421,2026-06-03,organic_search,United States,Android,free,18-24,7.0.1,12
u_202422,2026-05-08,influencer,Nigeria,Android,free,13-17,7.0.1,15
u_202423,2026-04-10,app_store_browse,India,Web,free,45+,6.9.2,n/a
u_202424,2026-03-25,app_store_browse,Indonesia,Web,free,35-44,7.0.1,n/a
u_202425,2026-05-13,paid_search,United States,Android,free,25-34,7.1.0,14
u_202426,2026-03-04,paid_social,Pakistan,Android,free,45+,6.9.2,13
u_202427,2026-05-26,organic_search,United States,iOS,free,35-44,7.1.0,16.5
u_202428,2026-03-01,referral,India,iOS,free,18-24,6.9.0,18.0
u_202429,2026-03-11,influencer,United States,iOS,free,35-44,7.1.0,18.0
u_202430,2026-06-13,paid_social,Turkey,iOS,pro_monthly,18-24,7.0.1,16.5
u_202431,2026-05-21,paid_search,Pakistan,iOS,pro_monthly,45+,7.0.1,17.4
u_202432,2026-04-18,paid_search,Germany,Android,free,35-44,7.0.1,14
u_202433,2026-05-31,organic_search,Pakistan,iOS,pro_monthly,18-24,7.1.0,17.0
u_202434,2026-04-19,influencer,United States,Android,pro_monthly,25-34,6.9.0,13
u_202435,2026-04-23,organic_search,United Arab Emirates,Android,free,18-24,7.0.1,12
u_202436,2026-03-04,organic_search,United Arab Emirates,Android,free,18-24,7.1.0,14
u_202437,2026-04-01,paid_search,Nigeria,iOS,free,35-44,7.0.1,16.5
u_202438,2026-05-22,paid_social,United States,iOS,pro_monthly,25-34,7.1.0,16.5
u_202439,2026-04-14,referral,Turkey,Android,free,25-34,7.0.0,12
u_202440,2026-04-07,organic_search,Brazil,Android,free,18-24,7.1.0,14
u_202441,2026-03-08,paid_search,United Kingdom,Web,pro_monthly,18-24,7.1.0,n/a
u_202442,2026-04-29,paid_social,Pakistan,iOS,free,18-24,7.1.0,17.0
u_202443,2026-05-25,paid_social,Pakistan,Web,pro_monthly,25-34,7.0.1,n/a
u_202444,2026-05-02,organic_search,Brazil,Web,free,35-44,7.0.0,n/a
u_202445,2026-05-25,organic_search,Indonesia,Android,free,18-24,6.9.2,13
u_202446,2026-04-16,app_store_browse,Turkey,Android,free,25-34,7.1.0,14
u_202447,2026-03-02,paid_search,United Kingdom,Android,free,25-34,6.9.0,14
u_202448,2026-05-16,influencer,Germany,Web,free,35-44,7.1.0,n/a
u_202449,2026-04-18,paid_search,Saudi Arabia,Android,pro_monthly,45+,7.0.1,13
u_202450,2026-03-23,paid_social,United States,iOS,pro_annual,18-24,7.0.1,16.5
u_202451,2026-03-03,paid_search,United Kingdom,iOS,free,18-24,7.1.0,17.4
u_202452,2026-05-01,influencer,India,Android,free,25-34,7.1.0,13
u_202453,2026-03-19,app_store_browse,Germany,iOS,free,18-24,6.9.2,16.5
u_202454,2026-03-17,referral,India,Android,free,25-34,6.9.0,13
u_202455,2026-04-02,influencer,Pakistan,Web,free,25-34,7.1.0,n/a
u_202456,2026-06-12,influencer,Pakistan,iOS,free,25-34,7.0.1,17.4
u_202457,2026-03-27,paid_search,Pakistan,Android,pro_monthly,18-24,7.1.0,15
u_202458,2026-05-30,referral,Pakistan,Web,free,25-34,6.9.0,n/a
u_202459,2026-03-30,referral,Saudi Arabia,Android,free,25-34,6.9.2,13
u_202460,2026-03-01,organic_search,India,Android,free,18-24,7.1.0,15
u_202461,2026-04-29,paid_search,United Kingdom,Android,free,18-24,7.1.0,14
u_202462,2026-05-25,organic_search,Brazil,Android,pro_monthly,18-24,7.1.0,14
u_202463,2026-06-16,paid_search,United Kingdom,iOS,free,18-24,7.0.1,17.4
u_202464,2026-04-29,organic_search,Pakistan,Android,free,25-34,6.9.0,12
u_202465,2026-05-05,paid_search,Saudi Arabia,Android,pro_monthly,18-24,6.9.2,15
u_202466,2026-04-08,influencer,United States,Web,free,18-24,6.9.2,n/a
u_202467,2026-06-20,app_store_browse,Nigeria,Android,free,25-34,6.9.2,12
u_202468,2026-04-16,referral,Indonesia,iOS,free,25-34,7.0.1,18.0
u_202469,2026-03-19,paid_social,Indonesia,Android,pro_monthly,18-24,6.9.0,15
u_202470,2026-06-04,influencer,Nigeria,Android,free,25-34,7.0.1,14
u_202471,2026-04-09,paid_social,Nigeria,iOS,free,18-24,7.0.1,18.2
u_202472,2026-04-17,paid_search,United States,Android,free,18-24,6.9.2,15
u_202473,2026-06-11,organic_search,Saudi Arabia,Android,free,45+,6.8.0,15
u_202474,2026-04-22,influencer,Nigeria,Android,free,25-34,7.1.0,12
u_202475,2026-04-18,referral,India,iOS,free,18-24,6.9.0,17.0
u_202476,2026-05-07,app_store_browse,India,iOS,free,35-44,7.0.1,17.4
u_202477,2026-04-21,paid_social,Pakistan,Android,free,25-34,7.1.0,13
u_202478,2026-05-27,paid_search,United Arab Emirates,Android,free,45+,7.0.1,12
u_202479,2026-03-25,organic_search,United Arab Emirates,iOS,free,45+,7.0.1,18.2
u_202480,2026-04-11,organic_search,Nigeria,Android,pro_monthly,25-34,6.9.0,12
u_202481,2026-06-17,paid_social,United Kingdom,Web,enterprise,13-17,7.0.1,n/a
u_202482,2026-06-15,app_store_browse,Turkey,Android,free,18-24,7.0.1,15
u_202483,2026-04-01,paid_social,United States,iOS,free,13-17,7.0.1,18.2
u_202484,2026-06-16,paid_search,United States,Android,free,35-44,7.0.1,13
u_202485,2026-05-06,referral,United States,Android,free,25-34,7.0.1,13
u_202486,2026-06-02,paid_social,Brazil,iOS,free,18-24,7.1.0,16.5
u_202487,2026-03-21,paid_search,Philippines,iOS,free,45+,6.9.0,18.2
u_202488,2026-06-18,influencer,Indonesia,Android,free,18-24,7.1.0,12
u_202489,2026-04-24,influencer,India,Android,free,25-34,7.0.1,13
u_202490,2026-03-14,paid_search,India,Android,free,18-24,6.9.2,13
u_202491,2026-03-14,organic_search,United States,iOS,free,25-34,7.1.0,18.0
u_202492,2026-04-16,app_store_browse,Turkey,Android,free,45+,7.0.1,12
u_202493,2026-03-08,app_store_browse,United States,Android,free,45+,7.1.0,14
u_202494,2026-03-01,paid_social,Pakistan,Web,free,18-24,7.1.0,n/a
u_202495,2026-06-14,paid_social,Turkey,Android,pro_monthly,25-34,7.1.0,13
u_202496,2026-05-20,paid_social,Germany,Web,free,45+,7.0.1,n/a
u_202497,2026-04-04,app_store_browse,Nigeria,Web,enterprise,35-44,7.0.1,n/a
u_202498,2026-06-04,paid_social,Indonesia,Android,free,35-44,7.0.1,15
u_202499,2026-03-04,organic_search,Indonesia,Android,free,18-24,7.0.1,12
u_202500,2026-05-10,paid_social,Turkey,Android,free,18-24,7.1.0,14
u_202501,2026-06-03,paid_search,United Arab Emirates,Web,enterprise,13-17,7.1.0,n/a
u_202502,2026-06-17,organic_search,United States,Android,free,45+,7.1.0,13
u_202503,2026-04-16,paid_social,Turkey,Web,free,35-44,7.0.1,n/a
u_202504,2026-03-13,paid_social,Brazil,Android,free,18-24,7.1.0,13
u_202505,2026-03-25,paid_social,United States,Android,free,25-34,7.0.1,13
u_202506,2026-05-08,organic_search,Saudi Arabia,Android,free,18-24,6.9.2,13
u_202507,2026-04-05,influencer,United States,Web,free,18-24,7.1.0,n/a
u_202508,2026-06-18,influencer,India,Android,free,45+,6.9.0,14
u_202509,2026-05-10,influencer,Nigeria,Android,free,18-24,7.1.0,12
u_202510,2026-06-20,organic_search,United Arab Emirates,Android,free,18-24,6.9.2,15
u_202511,2026-05-10,referral,United Kingdom,Android,pro_monthly,18-24,6.9.0,14
u_202512,2026-04-19,app_store_browse,Nigeria,iOS,free,25-34,6.9.2,18.0
u_202513,2026-04-19,influencer,India,Android,free,35-44,7.0.1,14
u_202514,2026-05-22,organic_search,United Arab Emirates,Android,free,25-34,6.9.2,15
u_202515,2026-03-26,app_store_browse,Saudi Arabia,Android,free,25-34,6.9.0,15
u_202516,2026-06-19,paid_social,United Arab Emirates,iOS,free,18-24,6.9.0,17.4
u_202517,2026-04-27,app_store_browse,United Arab Emirates,Web,free,25-34,7.0.0,n/a
u_202518,2026-04-01,app_store_browse,United Kingdom,Android,free,18-24,6.9.0,13
u_202519,2026-05-09,organic_search,United States,Web,free,18-24,7.0.0,n/a
u_202520,2026-04-10,organic_search,India,Android,free,25-34,6.9.2,13
u_202521,2026-05-08,paid_social,Brazil,iOS,free,45+,6.9.2,18.0
u_202522,2026-05-22,paid_search,India,Android,free,35-44,7.1.0,14
u_202523,2026-03-08,app_store_browse,Saudi Arabia,Android,free,18-24,7.0.1,15
u_202524,2026-05-02,paid_social,United States,Android,free,25-34,7.0.0,15
u_202525,2026-03-09,paid_social,Indonesia,Android,free,18-24,7.0.0,15
u_202526,2026-05-19,organic_search,Germany,Android,pro_monthly,45+,7.1.0,15
u_202527,2026-03-28,paid_social,United Arab Emirates,Android,free,45+,6.9.2,15
u_202528,2026-03-16,paid_social,Pakistan,iOS,free,18-24,6.9.0,16.5
u_202529,2026-05-27,paid_social,Turkey,Android,free,13-17,7.0.1,13
u_202530,2026-03-14,paid_social,Nigeria,Web,free,45+,7.0.1,n/a
u_202531,2026-06-20,paid_social,Saudi Arabia,iOS,pro_annual,25-34,7.1.0,17.4
u_202532,2026-04-04,influencer,Pakistan,iOS,free,25-34,6.9.2,17.0
u_202533,2026-04-22,referral,India,Web,free,25-34,7.0.1,n/a
u_202534,2026-06-07,referral,Germany,iOS,free,25-34,7.0.0,17.0
u_202535,2026-06-09,organic_search,United States,iOS,free,25-34,7.1.0,17.0
u_202536,2026-03-07,paid_search,India,Web,free,18-24,7.0.0,n/a
u_202537,2026-04-22,influencer,United States,Android,pro_monthly,18-24,6.9.2,13
u_202538,2026-05-05,paid_search,Turkey,iOS,free,25-34,6.8.0,18.2
u_202539,2026-06-10,organic_search,United Arab Emirates,iOS,free,45+,7.1.0,17.4
u_202540,2026-03-19,organic_search,United States,Web,free,25-34,6.9.2,n/a
u_202541,2026-06-03,organic_search,United Kingdom,iOS,free,18-24,7.0.1,18.2
u_202542,2026-03-07,app_store_browse,India,iOS,free,25-34,7.1.0,16.5
u_202543,2026-03-26,influencer,Turkey,Android,free,18-24,7.0.1,12
u_202544,2026-04-21,paid_social,Saudi Arabia,Web,free,18-24,7.1.0,n/a
u_202545,2026-03-23,referral,United States,iOS,free,35-44,7.0.1,16.5
u_202546,2026-05-27,paid_search,Indonesia,Android,free,25-34,7.1.0,15
u_202547,2026-04-21,referral,Brazil,Android,free,18-24,7.0.1,12
u_202548,2026-05-15,organic_search,Pakistan,iOS,free,18-24,6.9.2,18.0
u_202549,2026-05-06,app_store_browse,India,iOS,free,25-34,7.1.0,18.0
u_202550,2026-04-10,paid_search,Brazil,iOS,free,18-24,7.0.0,17.0
u_202551,2026-05-31,influencer,Pakistan,Android,free,18-24,7.1.0,12
u_202552,2026-06-12,app_store_browse,India,iOS,free,25-34,7.0.0,17.0
u_202553,2026-05-30,app_store_browse,Turkey,iOS,free,25-34,6.9.0,17.0
u_202554,2026-03-22,paid_social,United States,iOS,enterprise,25-34,7.0.0,16.5
u_202555,2026-04-26,organic_search,United States,Android,free,45+,6.9.2,14
u_202556,2026-03-15,paid_social,United Kingdom,Android,free,18-24,6.9.2,13
u_202557,2026-04-04,referral,India,Web,pro_monthly,45+,7.1.0,n/a
u_202558,2026-04-13,paid_social,United States,Web,free,35-44,7.1.0,n/a
u_202559,2026-05-08,app_store_browse,Turkey,Android,free,18-24,6.9.2,14
u_202560,2026-06-16,organic_search,Pakistan,Android,pro_monthly,25-34,7.1.0,12
u_202561,2026-06-16,organic_search,United States,iOS,free,25-34,6.9.2,16.5
u_202562,2026-04-15,organic_search,Pakistan,Web,free,45+,6.9.2,n/a
u_202563,2026-03-25,organic_search,Pakistan,iOS,free,45+,6.9.0,18.0
u_202564,2026-06-10,paid_social,Turkey,Android,free,18-24,6.9.0,12
u_202565,2026-03-03,influencer,United Arab Emirates,iOS,pro_annual,18-24,6.9.0,16.5
u_202566,2026-05-27,organic_search,United States,Android,free,18-24,6.9.2,14
u_202567,2026-03-03,app_store_browse,Pakistan,Android,free,25-34,7.0.1,12
u_202568,2026-04-30,app_store_browse,Turkey,Android,free,35-44,7.1.0,13
u_202569,2026-03-02,paid_search,Turkey,Web,pro_annual,18-24,7.0.1,n/a
u_202570,2026-03-17,referral,Saudi Arabia,Android,free,18-24,7.1.0,13
u_202571,2026-05-16,influencer,Philippines,Android,free,18-24,7.1.0,13
u_202572,2026-05-24,organic_search,United States,Android,free,25-34,7.0.1,12
u_202573,2026-06-16,app_store_browse,India,iOS,pro_monthly,25-34,7.1.0,18.0
u_202574,2026-05-25,influencer,United Kingdom,Android,pro_monthly,45+,7.0.1,12
u_202575,2026-03-02,paid_social,United States,iOS,pro_monthly,25-34,7.0.1,17.4
u_202576,2026-03-03,influencer,Brazil,iOS,pro_monthly,25-34,7.0.0,17.0
u_202577,2026-05-02,paid_search,United States,iOS,free,18-24,7.1.0,16.5
u_202578,2026-05-31,paid_social,Pakistan,iOS,free,25-34,7.0.1,16.5
u_202579,2026-04-23,referral,India,iOS,free,18-24,6.9.0,16.5
u_202580,2026-04-11,organic_search,United States,iOS,pro_annual,18-24,7.0.1,18.0
u_202581,2026-04-28,referral,United States,iOS,free,25-34,7.0.1,16.5
u_202582,2026-04-21,organic_search,Indonesia,iOS,pro_monthly,18-24,7.0.1,18.2
u_202583,2026-04-13,paid_social,United Arab Emirates,Android,pro_monthly,25-34,6.9.2,12
u_202584,2026-05-03,organic_search,United Kingdom,iOS,pro_monthly,35-44,7.0.1,17.4
u_202585,2026-05-01,paid_social,Indonesia,iOS,free,45+,7.0.0,16.5
u_202586,2026-06-11,app_store_browse,Pakistan,Android,pro_annual,35-44,6.9.0,12
u_202587,2026-04-26,paid_social,United States,Android,pro_monthly,35-44,7.0.0,15
u_202588,2026-05-23,paid_search,Pakistan,Web,free,18-24,6.9.2,n/a
u_202589,2026-06-21,organic_search,India,Web,free,18-24,7.1.0,n/a
u_202590,2026-04-12,app_store_browse,Indonesia,Web,pro_monthly,13-17,6.9.2,n/a
u_202591,2026-06-15,paid_social,United Kingdom,Android,free,18-24,7.0.1,14
u_202592,2026-06-01,organic_search,Pakistan,iOS,free,25-34,6.9.0,16.5
u_202593,2026-05-25,organic_search,Pakistan,iOS,pro_annual,25-34,7.0.1,18.0
u_202594,2026-04-09,app_store_browse,Pakistan,Android,free,18-24,6.9.0,13
u_202595,2026-05-31,paid_search,United States,Android,free,25-34,6.9.2,14
u_202596,2026-03-27,organic_search,Germany,iOS,free,25-34,7.1.0,17.4
u_202597,2026-04-15,paid_social,India,iOS,pro_annual,25-34,7.1.0,16.5
u_202598,2026-05-16,influencer,United States,iOS,free,18-24,7.1.0,17.0
u_202599,2026-06-19,paid_search,United States,Web,free,25-34,7.0.1,n/a
u_202600,2026-05-27,organic_search,Indonesia,iOS,free,25-34,7.1.0,16.5
u_202601,2026-05-16,organic_search,United States,Web,free,18-24,7.0.1,n/a
u_202602,2026-04-09,organic_search,Pakistan,Android,free,18-24,7.0.1,15
u_202603,2026-06-07,paid_social,Brazil,Android,free,35-44,7.1.0,15
u_202604,2026-06-20,influencer,United Kingdom,Web,free,25-34,7.0.1,n/a
u_202605,2026-05-01,organic_search,United States,Web,free,18-24,7.0.1,n/a
u_202606,2026-06-10,paid_social,Pakistan,Android,free,18-24,7.1.0,12
u_202607,2026-05-31,organic_search,Nigeria,iOS,free,13-17,7.1.0,18.0
u_202608,2026-03-08,paid_social,Nigeria,iOS,pro_annual,25-34,7.0.1,17.0
u_202609,2026-04-24,paid_search,India,Android,free,35-44,7.0.1,15
u_202610,2026-06-21,referral,United Kingdom,iOS,free,18-24,7.0.1,17.4
u_202611,2026-03-21,paid_social,United Arab Emirates,Web,free,18-24,6.9.2,n/a
u_202612,2026-05-09,paid_social,United Kingdom,Android,free,18-24,6.9.0,14
u_202613,2026-03-22,paid_social,Brazil,iOS,free,25-34,7.0.1,18.0
u_202614,2026-06-13,paid_social,Pakistan,iOS,free,35-44,7.1.0,17.0
u_202615,2026-03-20,influencer,United Kingdom,Android,free,18-24,7.1.0,13
u_202616,2026-04-15,paid_search,United States,Android,free,25-34,7.1.0,14
u_202617,2026-05-07,app_store_browse,United States,Android,free,25-34,7.0.1,13
u_202618,2026-05-27,paid_social,United States,Android,free,25-34,7.0.0,15
u_202619,2026-05-09,referral,Pakistan,Android,enterprise,18-24,7.0.0,13
u_202620,2026-05-11,referral,United States,Android,pro_annual,13-17,7.1.0,13
u_202621,2026-06-11,referral,Indonesia,iOS,free,35-44,7.1.0,18.0
u_202622,2026-06-01,paid_social,Turkey,Android,free,25-34,7.0.1,14
u_202623,2026-04-24,paid_search,Pakistan,Web,free,18-24,7.1.0,n/a
u_202624,2026-03-18,paid_social,Turkey,Android,free,25-34,7.1.0,14
u_202625,2026-03-27,organic_search,Saudi Arabia,Android,free,35-44,7.0.0,15
u_202626,2026-05-25,influencer,India,Web,free,25-34,7.0.0,n/a
u_202627,2026-05-09,organic_search,Pakistan,iOS,free,45+,7.1.0,18.0
u_202628,2026-03-17,referral,United Arab Emirates,iOS,pro_monthly,35-44,7.0.1,18.0
u_202629,2026-05-21,referral,United States,Android,free,18-24,7.1.0,13
u_202630,2026-06-07,influencer,Brazil,iOS,free,35-44,7.1.0,16.5
u_202631,2026-04-16,paid_search,Germany,Android,free,25-34,6.9.0,13
u_202632,2026-04-29,referral,Turkey,iOS,free,35-44,7.1.0,18.2
u_202633,2026-03-07,paid_social,Brazil,Android,free,25-34,7.1.0,13
u_202634,2026-04-16,organic_search,Philippines,Android,free,18-24,7.1.0,14
u_202635,2026-05-01,paid_search,United States,Android,free,25-34,7.1.0,14
u_202636,2026-03-08,referral,United Kingdom,Web,free,18-24,7.1.0,n/a
u_202637,2026-05-17,organic_search,United States,iOS,free,18-24,6.9.2,16.5
u_202638,2026-03-26,paid_search,United Arab Emirates,iOS,free,18-24,7.0.1,18.2
u_202639,2026-05-28,paid_search,Pakistan,Android,free,35-44,6.9.2,14
u_202640,2026-05-12,paid_search,Pakistan,Web,free,25-34,7.1.0,n/a
u_202641,2026-04-05,organic_search,United States,iOS,free,18-24,7.1.0,16.5
u_202642,2026-05-26,paid_social,Brazil,Android,free,18-24,6.8.0,13
u_202643,2026-05-25,paid_search,Philippines,Android,pro_monthly,25-34,7.0.1,13
u_202644,2026-06-13,paid_search,United Arab Emirates,Android,free,35-44,7.1.0,13
u_202645,2026-03-14,organic_search,United States,Android,free,18-24,7.1.0,12
u_202646,2026-03-30,influencer,United States,Android,free,13-17,7.0.0,12
u_202647,2026-05-29,app_store_browse,Pakistan,iOS,free,25-34,7.1.0,17.0
u_202648,2026-04-17,organic_search,Nigeria,Android,free,35-44,6.9.0,13
u_202649,2026-06-18,paid_search,Pakistan,Android,free,18-24,7.1.0,13
u_202650,2026-03-08,influencer,United States,iOS,free,25-34,7.0.0,18.2
u_202651,2026-03-10,paid_social,Turkey,Android,free,25-34,7.1.0,12
u_202652,2026-04-15,app_store_browse,United Kingdom,Android,free,18-24,7.0.1,14
u_202653,2026-05-06,paid_search,United Arab Emirates,Web,free,35-44,7.1.0,n/a
u_202654,2026-05-25,organic_search,United Kingdom,iOS,free,18-24,7.0.0,17.4
u_202655,2026-03-31,paid_search,United States,iOS,free,25-34,7.0.1,17.4
u_202656,2026-05-16,organic_search,Brazil,Android,free,35-44,7.1.0,15
u_202657,2026-04-25,referral,United Kingdom,iOS,pro_annual,35-44,7.0.1,17.0
u_202658,2026-05-29,organic_search,India,iOS,free,18-24,7.1.0,17.0
u_202659,2026-03-27,paid_search,Indonesia,iOS,free,35-44,7.1.0,16.5
u_202660,2026-05-27,paid_search,India,Web,free,25-34,7.0.1,n/a
u_202661,2026-03-25,paid_social,United States,Android,free,13-17,7.0.1,15
u_202662,2026-05-28,organic_search,United States,Android,free,25-34,7.1.0,15
u_202663,2026-05-08,influencer,United Kingdom,Android,free,18-24,7.1.0,15
u_202664,2026-03-28,paid_social,Turkey,Android,free,25-34,6.9.0,12
u_202665,2026-05-09,app_store_browse,Indonesia,Web,free,45+,7.0.0,n/a
u_202666,2026-05-26,paid_search,India,Android,free,35-44,7.0.1,12
u_202667,2026-05-16,paid_search,United Kingdom,Web,free,13-17,7.0.1,n/a
u_202668,2026-03-28,paid_social,Germany,iOS,free,25-34,6.9.2,17.4
u_202669,2026-03-20,referral,India,Web,pro_monthly,25-34,7.0.0,n/a
u_202670,2026-03-31,influencer,United States,iOS,free,25-34,6.9.0,17.4
u_202671,2026-05-24,paid_social,Nigeria,iOS,free,18-24,6.9.2,18.2
u_202672,2026-03-24,paid_social,Turkey,iOS,pro_monthly,25-34,7.0.0,17.4
u_202673,2026-05-26,paid_search,Pakistan,Android,pro_monthly,35-44,7.0.1,15
u_202674,2026-04-23,organic_search,India,iOS,free,35-44,7.1.0,18.2
u_202675,2026-06-11,app_store_browse,Pakistan,Android,free,25-34,7.1.0,15
u_202676,2026-03-12,app_store_browse,United Arab Emirates,Android,pro_annual,25-34,7.1.0,12
u_202677,2026-05-27,influencer,United Kingdom,Android,free,18-24,7.1.0,13
u_202678,2026-04-08,paid_search,Indonesia,iOS,free,13-17,7.0.0,16.5
u_202679,2026-03-23,paid_social,Saudi Arabia,Android,free,25-34,7.1.0,15
u_202680,2026-06-07,influencer,Saudi Arabia,Android,pro_monthly,18-24,7.0.0,15
u_202681,2026-06-13,organic_search,Brazil,iOS,free,35-44,7.1.0,18.2
u_202682,2026-03-25,app_store_browse,India,iOS,pro_annual,18-24,7.0.1,17.4
u_202683,2026-06-17,organic_search,India,Android,free,25-34,7.1.0,13
u_202684,2026-05-30,app_store_browse,United Kingdom,Android,free,35-44,6.9.2,13
u_202685,2026-06-11,paid_social,Pakistan,Android,free,35-44,7.1.0,12
u_202686,2026-06-08,app_store_browse,United Arab Emirates,iOS,free,25-34,7.0.1,17.0
u_202687,2026-06-20,influencer,India,Android,pro_monthly,35-44,7.0.1,12
u_202688,2026-04-17,influencer,United Arab Emirates,Android,free,25-34,7.0.1,15
u_202689,2026-04-10,app_store_browse,Brazil,iOS,free,45+,7.1.0,18.2
u_202690,2026-06-16,organic_search,India,Android,free,25-34,7.0.0,13
u_202691,2026-03-13,organic_search,United Kingdom,Android,free,25-34,7.0.1,14
u_202692,2026-05-18,organic_search,United States,Web,free,18-24,7.0.0,n/a
u_202693,2026-06-11,organic_search,Philippines,Android,free,35-44,7.0.1,13
u_202694,2026-04-30,app_store_browse,United States,iOS,pro_monthly,25-34,6.9.2,18.2
u_202695,2026-04-09,paid_social,Turkey,Android,free,35-44,6.9.2,13
u_202696,2026-05-25,paid_search,United Arab Emirates,iOS,free,45+,6.9.2,17.4
u_202697,2026-05-16,paid_search,Pakistan,iOS,pro_monthly,25-34,7.1.0,17.4
u_202698,2026-05-26,app_store_browse,Pakistan,iOS,free,18-24,7.0.1,17.0
u_202699,2026-05-05,paid_social,United Arab Emirates,iOS,free,35-44,6.9.2,17.0
u_202700,2026-05-03,app_store_browse,United States,Android,free,25-34,6.8.0,13
u_202701,2026-06-08,paid_search,United Arab Emirates,Android,free,25-34,7.1.0,12
u_202702,2026-05-03,paid_social,Turkey,iOS,pro_monthly,35-44,7.1.0,18.2
u_202703,2026-06-19,referral,India,iOS,free,35-44,7.1.0,18.2
u_202704,2026-06-15,organic_search,Philippines,Android,free,45+,6.9.0,14
u_202705,2026-06-18,organic_search,Pakistan,Android,free,25-34,7.0.1,14
u_202706,2026-05-17,paid_search,Philippines,iOS,free,18-24,6.8.0,18.0
u_202707,2026-06-07,influencer,Indonesia,Android,free,18-24,7.1.0,14
u_202708,2026-03-25,organic_search,Turkey,Android,free,25-34,7.0.0,15
u_202709,2026-04-01,paid_social,Turkey,Web,free,35-44,7.1.0,n/a
u_202710,2026-04-20,referral,Saudi Arabia,Web,pro_annual,35-44,7.0.1,n/a
u_202711,2026-05-07,organic_search,India,iOS,free,35-44,7.1.0,18.2
u_202712,2026-06-11,referral,Pakistan,iOS,free,25-34,7.0.1,17.0
u_202713,2026-04-17,paid_search,Pakistan,iOS,free,25-34,7.0.1,18.2
u_202714,2026-03-13,paid_search,United States,Web,free,18-24,7.1.0,n/a
u_202715,2026-03-25,organic_search,Brazil,iOS,free,18-24,7.1.0,17.0
u_202716,2026-03-07,paid_search,Indonesia,Android,pro_annual,18-24,7.1.0,13
u_202717,2026-05-01,paid_search,United Arab Emirates,Android,free,25-34,6.9.2,14
u_202718,2026-06-14,organic_search,Pakistan,Android,free,35-44,7.1.0,14
u_202719,2026-06-15,referral,Nigeria,Android,free,25-34,7.0.1,13
u_202720,2026-04-03,paid_social,United States,Android,pro_annual,25-34,7.1.0,13
u_202721,2026-06-06,referral,Pakistan,Android,free,45+,7.0.1,13
u_202722,2026-05-23,referral,Turkey,iOS,free,13-17,7.0.1,16.5
u_202723,2026-03-18,paid_social,United States,iOS,free,35-44,7.0.0,18.2
u_202724,2026-04-26,paid_social,Germany,Android,enterprise,25-34,7.1.0,12
u_202725,2026-06-10,organic_search,United Kingdom,Android,free,18-24,7.0.1,12
u_202726,2026-05-17,paid_social,Brazil,Android,free,25-34,7.0.0,14
u_202727,2026-06-18,app_store_browse,India,Android,free,25-34,7.0.0,15
u_202728,2026-03-19,influencer,Turkey,Web,free,35-44,6.9.2,n/a
u_202729,2026-03-17,influencer,Indonesia,iOS,free,18-24,7.1.0,16.5
u_202730,2026-05-01,app_store_browse,Indonesia,Android,free,25-34,7.1.0,15
u_202731,2026-04-29,influencer,United States,Android,free,25-34,7.1.0,14
u_202732,2026-03-03,influencer,Nigeria,Android,pro_annual,45+,7.0.1,13
u_202733,2026-04-22,paid_social,Pakistan,iOS,pro_annual,35-44,7.0.0,18.2
u_202734,2026-04-20,organic_search,United States,Android,free,25-34,7.0.1,12
u_202735,2026-06-03,influencer,Indonesia,Android,free,45+,6.8.0,12
u_202736,2026-03-05,influencer,Philippines,Android,pro_annual,18-24,6.9.2,14
u_202737,2026-03-12,paid_social,Brazil,iOS,free,18-24,7.0.1,17.4
u_202738,2026-05-31,influencer,Pakistan,iOS,pro_monthly,18-24,7.0.1,17.4
u_202739,2026-05-20,influencer,United Arab Emirates,Android,pro_annual,25-34,7.0.0,13
u_202740,2026-04-04,referral,United States,Web,free,13-17,7.0.0,n/a
u_202741,2026-06-09,influencer,Indonesia,Android,free,45+,7.1.0,13
u_202742,2026-03-18,paid_search,Indonesia,iOS,pro_annual,18-24,6.9.2,17.0
u_202743,2026-03-25,influencer,Indonesia,iOS,free,18-24,7.0.0,17.4
u_202744,2026-03-02,paid_social,Brazil,Android,free,25-34,7.0.1,13
u_202745,2026-05-31,paid_social,India,Android,free,18-24,7.0.1,14
u_202746,2026-04-13,influencer,India,iOS,free,25-34,7.1.0,16.5
u_202747,2026-05-08,paid_social,Nigeria,Android,enterprise,25-34,7.0.0,13
u_202748,2026-04-08,paid_search,United States,iOS,free,35-44,6.9.0,18.0
u_202749,2026-03-28,referral,Turkey,Android,free,25-34,7.1.0,12
u_202750,2026-06-19,paid_social,Philippines,Web,pro_monthly,18-24,7.0.0,n/a
u_202751,2026-04-16,paid_social,United States,iOS,pro_monthly,18-24,7.0.0,17.4
u_202752,2026-03-09,organic_search,Indonesia,iOS,pro_monthly,35-44,7.0.1,17.0
u_202753,2026-03-14,organic_search,United States,iOS,free,13-17,7.0.0,18.2
u_202754,2026-04-06,paid_social,United Kingdom,Android,free,18-24,7.0.1,14
u_202755,2026-03-24,paid_search,Indonesia,Web,free,25-34,7.1.0,n/a
u_202756,2026-03-25,paid_search,India,iOS,free,25-34,7.0.1,16.5
u_202757,2026-04-26,referral,Nigeria,iOS,free,25-34,7.0.1,18.2
u_202758,2026-04-20,organic_search,United Kingdom,Android,pro_monthly,25-34,7.1.0,15
u_202759,2026-03-19,paid_social,Nigeria,Android,free,18-24,6.9.2,12
u_202760,2026-03-03,organic_search,Nigeria,Android,free,25-34,7.0.1,14
u_202761,2026-06-15,referral,United States,Android,free,25-34,6.9.2,15
u_202762,2026-03-12,influencer,United States,Web,free,45+,7.0.1,n/a
u_202763,2026-06-03,app_store_browse,Pakistan,iOS,free,25-34,7.0.1,17.4
u_202764,2026-03-28,influencer,Saudi Arabia,iOS,free,18-24,7.1.0,17.4
u_202765,2026-06-10,paid_social,Pakistan,Android,free,13-17,6.9.2,14
u_202766,2026-04-12,paid_social,Saudi Arabia,iOS,free,25-34,7.1.0,17.4
u_202767,2026-03-29,organic_search,Indonesia,iOS,free,35-44,7.1.0,18.0
u_202768,2026-05-27,organic_search,Indonesia,iOS,free,18-24,6.9.2,18.0
u_202769,2026-06-07,paid_social,United Arab Emirates,Android,free,35-44,7.0.0,14
u_202770,2026-05-28,organic_search,United States,Web,free,25-34,7.1.0,n/a
u_202771,2026-03-17,paid_social,United Arab Emirates,Android,free,18-24,7.0.1,15
u_202772,2026-04-11,influencer,Pakistan,Android,pro_annual,25-34,7.0.1,14
u_202773,2026-04-04,paid_search,United Arab Emirates,Android,free,18-24,7.1.0,15
u_202774,2026-06-11,influencer,United States,iOS,pro_annual,35-44,7.0.0,17.0
u_202775,2026-04-21,referral,Pakistan,Android,free,45+,6.8.0,13
u_202776,2026-05-11,paid_social,Germany,Android,pro_monthly,18-24,7.0.1,12
u_202777,2026-04-20,app_store_browse,Pakistan,Android,free,25-34,7.1.0,13
u_202778,2026-06-07,referral,United Kingdom,iOS,free,35-44,7.0.0,17.0
u_202779,2026-05-26,paid_search,Nigeria,Android,free,18-24,7.0.0,15
u_202780,2026-03-16,paid_social,United States,Android,free,45+,7.0.1,13
u_202781,2026-05-11,paid_social,United Arab Emirates,Android,pro_monthly,18-24,6.9.2,13
u_202782,2026-05-31,app_store_browse,United Arab Emirates,Android,free,25-34,7.1.0,12
u_202783,2026-05-27,organic_search,Brazil,iOS,free,18-24,7.1.0,16.5
u_202784,2026-04-14,paid_social,Brazil,Android,free,45+,6.9.2,13
u_202785,2026-05-25,paid_social,Turkey,Android,free,18-24,6.8.0,13
u_202786,2026-05-02,organic_search,India,Android,free,25-34,6.8.0,15
u_202787,2026-03-30,organic_search,United States,Web,free,25-34,7.1.0,n/a
u_202788,2026-04-01,organic_search,Pakistan,Android,free,25-34,7.1.0,14
u_202789,2026-04-08,organic_search,United Kingdom,Web,free,18-24,7.1.0,n/a
u_202790,2026-03-04,organic_search,Nigeria,iOS,free,25-34,7.0.0,16.5
u_202791,2026-06-21,organic_search,Nigeria,iOS,free,25-34,6.9.2,17.4
u_202792,2026-04-19,paid_social,Germany,Web,free,45+,7.1.0,n/a
u_202793,2026-04-02,influencer,Philippines,Android,free,45+,7.1.0,13
u_202794,2026-04-06,paid_social,Philippines,iOS,free,25-34,7.0.1,18.0
u_202795,2026-03-15,organic_search,India,iOS,pro_annual,18-24,7.1.0,18.2
u_202796,2026-04-14,organic_search,Germany,Android,free,25-34,6.8.0,15
u_202797,2026-05-28,influencer,Germany,Android,free,25-34,7.1.0,13
u_202798,2026-03-21,influencer,United States,Android,free,18-24,7.0.1,14
u_202799,2026-04-20,paid_social,India,iOS,free,35-44,6.8.0,17.4
u_202800,2026-06-16,paid_social,United Kingdom,iOS,free,25-34,7.0.0,18.2
u_202801,2026-05-01,app_store_browse,Germany,Web,free,18-24,6.9.0,n/a
u_202802,2026-04-18,influencer,Saudi Arabia,iOS,free,45+,7.0.1,18.2
u_202803,2026-05-19,app_store_browse,India,iOS,free,18-24,6.9.2,18.2
u_202804,2026-05-06,influencer,Turkey,Web,free,25-34,6.9.2,n/a
u_202805,2026-03-09,influencer,India,Android,pro_monthly,18-24,7.0.1,14
u_202806,2026-03-29,paid_social,Indonesia,Android,free,35-44,7.1.0,14
u_202807,2026-04-01,app_store_browse,India,Android,free,25-34,6.9.2,14
u_202808,2026-03-08,organic_search,Indonesia,Android,enterprise,25-34,7.1.0,12
u_202809,2026-05-01,app_store_browse,Saudi Arabia,Android,free,25-34,7.1.0,13
u_202810,2026-03-12,paid_social,United States,iOS,pro_monthly,45+,7.1.0,16.5
u_202811,2026-04-27,organic_search,India,iOS,enterprise,18-24,6.9.0,18.2
u_202812,2026-04-27,influencer,Indonesia,Android,free,18-24,7.0.0,14
u_202813,2026-04-18,influencer,Turkey,iOS,free,25-34,7.1.0,17.0
u_202814,2026-03-29,paid_social,Brazil,iOS,free,18-24,7.1.0,17.0
u_202815,2026-04-26,app_store_browse,Indonesia,Android,pro_monthly,45+,7.1.0,12
u_202816,2026-03-25,app_store_browse,Germany,Android,free,45+,7.0.0,12
u_202817,2026-03-04,paid_social,India,iOS,free,18-24,6.9.0,18.0
u_202818,2026-03-26,organic_search,India,Web,free,18-24,6.9.2,n/a
u_202819,2026-04-09,influencer,Pakistan,Android,free,35-44,6.9.0,14
u_202820,2026-03-06,paid_search,Indonesia,iOS,free,35-44,6.9.0,18.2
u_202821,2026-04-18,influencer,Saudi Arabia,Android,free,35-44,6.8.0,13
u_202822,2026-03-23,referral,Brazil,iOS,free,25-34,7.1.0,18.0
u_202823,2026-06-20,paid_social,Turkey,Web,pro_annual,13-17,7.1.0,n/a
u_202824,2026-03-20,app_store_browse,Germany,iOS,free,25-34,7.0.1,16.5
u_202825,2026-04-18,organic_search,United Kingdom,Android,pro_annual,18-24,6.9.2,12
u_202826,2026-06-09,paid_social,United Kingdom,Android,free,18-24,7.0.1,12
u_202827,2026-04-30,organic_search,Turkey,iOS,free,18-24,7.0.1,17.0
u_202828,2026-04-25,app_store_browse,Brazil,Android,free,35-44,7.1.0,13
u_202829,2026-04-01,influencer,Germany,Android,free,25-34,7.1.0,12
u_202830,2026-04-12,paid_social,United States,iOS,free,35-44,6.9.0,18.0
u_202831,2026-06-09,app_store_browse,India,Android,free,18-24,7.0.1,13
u_202832,2026-05-23,organic_search,Germany,iOS,free,25-34,7.0.1,17.4
u_202833,2026-04-10,app_store_browse,United Kingdom,Android,free,13-17,7.0.1,12
u_202834,2026-04-21,influencer,United Arab Emirates,iOS,pro_monthly,35-44,6.9.0,18.0
u_202835,2026-05-22,paid_social,United Arab Emirates,iOS,free,13-17,6.8.0,17.4
u_202836,2026-06-02,app_store_browse,Indonesia,Android,free,18-24,7.1.0,12
u_202837,2026-06-05,paid_social,Pakistan,iOS,free,18-24,7.0.1,18.0
u_202838,2026-05-13,organic_search,Indonesia,Android,free,18-24,7.1.0,12
u_202839,2026-04-15,organic_search,Saudi Arabia,Web,free,25-34,6.9.0,n/a
u_202840,2026-04-27,app_store_browse,Nigeria,Android,free,18-24,6.9.2,12
u_202841,2026-04-02,paid_social,United States,iOS,free,45+,7.1.0,18.0
u_202842,2026-03-07,paid_search,India,Android,free,18-24,7.0.1,14
u_202843,2026-05-16,paid_social,Germany,Android,free,35-44,7.0.1,14
u_202844,2026-05-11,influencer,Philippines,Web,free,25-34,7.0.0,n/a
u_202845,2026-03-27,paid_social,United Arab Emirates,Android,free,13-17,6.9.2,15
u_202846,2026-03-08,influencer,Pakistan,Android,free,18-24,6.9.2,15
u_202847,2026-05-18,organic_search,United States,Android,free,13-17,7.1.0,12
u_202848,2026-06-21,influencer,Brazil,iOS,free,45+,7.0.1,18.2
u_202849,2026-04-07,influencer,Brazil,Web,pro_monthly,25-34,6.9.2,n/a
u_202850,2026-05-18,paid_social,United States,iOS,free,25-34,6.8.0,16.5
u_202851,2026-05-29,organic_search,Pakistan,iOS,free,25-34,6.8.0,16.5
u_202852,2026-03-12,paid_social,Brazil,iOS,free,13-17,6.9.2,18.2
u_202853,2026-03-02,paid_social,United States,Android,pro_monthly,18-24,6.9.2,15
u_202854,2026-05-09,app_store_browse,United Arab Emirates,iOS,free,45+,6.9.0,17.0
u_202855,2026-05-18,referral,Brazil,iOS,free,45+,7.0.0,16.5
u_202856,2026-03-26,app_store_browse,United Kingdom,iOS,free,25-34,7.1.0,18.2
u_202857,2026-05-28,paid_search,United States,iOS,free,35-44,7.0.1,17.4
u_202858,2026-03-30,paid_social,Philippines,iOS,free,25-34,6.9.0,17.4
u_202859,2026-05-09,paid_social,United States,Android,free,18-24,6.9.0,14
u_202860,2026-04-18,app_store_browse,India,Android,free,25-34,7.0.0,12
u_202861,2026-06-12,paid_search,India,iOS,free,25-34,7.1.0,17.4
u_202862,2026-05-26,organic_search,United States,Android,pro_monthly,25-34,7.0.1,12
u_202863,2026-06-09,app_store_browse,Nigeria,Android,free,35-44,7.1.0,14
u_202864,2026-03-29,paid_social,Philippines,Android,free,35-44,7.0.1,13
u_202865,2026-05-05,paid_social,Philippines,Android,free,25-34,7.0.1,12
u_202866,2026-05-29,organic_search,United States,iOS,free,35-44,7.0.0,18.0
u_202867,2026-06-15,organic_search,Saudi Arabia,Android,free,25-34,7.0.1,13
u_202868,2026-04-09,paid_social,Nigeria,Web,free,18-24,7.0.1,n/a
u_202869,2026-04-29,influencer,Pakistan,iOS,free,25-34,6.9.0,17.0
u_202870,2026-04-15,organic_search,Pakistan,Android,pro_monthly,35-44,7.1.0,13
u_202871,2026-06-19,organic_search,United States,Web,free,18-24,7.0.1,n/a
u_202872,2026-05-05,referral,Nigeria,iOS,free,25-34,6.9.0,18.0
u_202873,2026-03-28,influencer,United Kingdom,iOS,free,18-24,7.0.0,16.5
u_202874,2026-05-27,paid_social,India,iOS,pro_annual,18-24,7.0.1,18.2
u_202875,2026-03-01,influencer,Saudi Arabia,iOS,free,45+,7.0.1,17.0
u_202876,2026-05-09,referral,Indonesia,Android,free,13-17,7.1.0,15
u_202877,2026-04-08,paid_social,Indonesia,Android,free,13-17,6.9.2,15
u_202878,2026-05-10,referral,United Kingdom,Android,free,25-34,7.1.0,14
u_202879,2026-04-03,paid_social,United States,Android,free,35-44,7.1.0,14
u_202880,2026-03-02,influencer,Indonesia,iOS,free,18-24,6.9.2,17.0
u_202881,2026-06-20,referral,United Arab Emirates,Web,free,25-34,6.9.0,n/a
u_202882,2026-03-06,referral,United Arab Emirates,iOS,free,25-34,7.0.1,18.0
u_202883,2026-05-20,organic_search,Nigeria,Android,free,25-34,6.9.2,14
u_202884,2026-06-05,organic_search,India,Android,free,18-24,6.9.0,13
u_202885,2026-05-19,paid_search,United Kingdom,Web,free,18-24,7.0.1,n/a
u_202886,2026-03-14,referral,United States,Android,pro_monthly,18-24,7.0.0,13
u_202887,2026-04-16,paid_social,Brazil,Android,free,25-34,7.0.1,14
u_202888,2026-04-14,referral,Indonesia,Android,free,45+,6.9.2,12
u_202889,2026-06-09,influencer,United Kingdom,Web,free,35-44,7.0.1,n/a
u_202890,2026-05-23,paid_social,India,iOS,free,25-34,6.9.2,18.0
u_202891,2026-04-04,organic_search,United States,Android,free,18-24,7.1.0,12
u_202892,2026-05-28,paid_social,India,Android,free,25-34,6.8.0,12
u_202893,2026-06-17,organic_search,Indonesia,iOS,pro_annual,45+,7.1.0,16.5
u_202894,2026-04-06,organic_search,United Kingdom,Web,free,18-24,6.9.2,n/a
u_202895,2026-03-05,paid_social,India,Android,free,25-34,7.0.1,13
u_202896,2026-06-20,app_store_browse,Indonesia,iOS,free,35-44,7.1.0,18.2
u_202897,2026-03-09,paid_social,India,Web,free,25-34,7.1.0,n/a
u_202898,2026-03-27,app_store_browse,United States,iOS,free,35-44,7.1.0,18.2
u_202899,2026-05-12,organic_search,Philippines,iOS,free,25-34,7.0.0,18.0
u_202900,2026-05-03,influencer,Nigeria,Android,free,35-44,7.0.1,12
u_202901,2026-05-13,paid_social,United Kingdom,Android,pro_annual,25-34,7.1.0,14
u_202902,2026-05-24,influencer,United Kingdom,iOS,free,25-34,7.1.0,18.2
u_202903,2026-03-02,paid_social,India,iOS,free,18-24,7.0.1,17.4
u_202904,2026-04-21,organic_search,United Arab Emirates,iOS,free,45+,6.9.2,17.0
u_202905,2026-04-07,paid_search,United States,Android,free,25-34,7.1.0,13
u_202906,2026-06-07,paid_social,Turkey,Web,free,25-34,7.1.0,n/a
u_202907,2026-05-30,paid_social,United Arab Emirates,iOS,pro_monthly,13-17,7.1.0,16.5
u_202908,2026-04-25,app_store_browse,United States,Android,free,18-24,7.1.0,14
u_202909,2026-04-27,influencer,United Kingdom,iOS,free,25-34,6.9.2,17.0
u_202910,2026-05-11,paid_social,Pakistan,Web,free,35-44,7.0.1,n/a
u_202911,2026-03-09,organic_search,United States,Android,free,13-17,7.1.0,13
u_202912,2026-04-15,organic_search,United Kingdom,iOS,free,45+,7.0.0,17.4
u_202913,2026-05-07,app_store_browse,Nigeria,Android,free,45+,7.1.0,13
u_202914,2026-04-13,influencer,United Kingdom,iOS,free,45+,7.0.0,17.0
u_202915,2026-03-04,paid_search,Philippines,Android,free,25-34,7.0.1,12
u_202916,2026-03-15,paid_social,United States,Android,free,25-34,7.1.0,12
u_202917,2026-04-03,influencer,Indonesia,Web,pro_monthly,18-24,7.0.0,n/a
u_202918,2026-04-16,paid_social,India,Web,free,18-24,7.0.1,n/a
u_202919,2026-04-12,app_store_browse,Pakistan,iOS,free,18-24,7.0.1,18.2
u_202920,2026-04-05,referral,Philippines,Web,pro_monthly,25-34,6.9.2,n/a
u_202921,2026-05-04,paid_social,India,Android,pro_annual,25-34,7.1.0,14
u_202922,2026-04-23,organic_search,Pakistan,Web,free,35-44,7.1.0,n/a
u_202923,2026-03-25,app_store_browse,United States,Android,pro_monthly,18-24,7.0.0,12
u_202924,2026-03-31,paid_social,Pakistan,iOS,free,35-44,7.0.1,16.5
u_202925,2026-06-21,paid_social,Brazil,Android,free,18-24,6.9.2,14
u_202926,2026-06-16,organic_search,Turkey,iOS,free,25-34,7.1.0,18.0
u_202927,2026-03-01,organic_search,India,iOS,free,35-44,7.0.0,16.5
u_202928,2026-05-17,influencer,Nigeria,Android,free,25-34,7.0.0,15
u_202929,2026-05-28,paid_search,United States,Android,free,35-44,6.8.0,12
u_202930,2026-05-24,influencer,United Arab Emirates,iOS,pro_monthly,25-34,7.1.0,18.0
u_202931,2026-04-29,paid_search,Pakistan,Android,free,25-34,7.0.1,13
u_202932,2026-04-02,paid_social,United States,Web,free,25-34,7.0.0,n/a
u_202933,2026-05-02,organic_search,Pakistan,iOS,free,18-24,6.9.2,18.2
u_202934,2026-04-14,paid_social,United Kingdom,iOS,free,13-17,6.8.0,16.5
u_202935,2026-04-16,paid_social,United Kingdom,Android,free,18-24,7.1.0,12
u_202936,2026-05-30,paid_search,Indonesia,Android,free,45+,7.1.0,14
u_202937,2026-03-17,referral,United Arab Emirates,iOS,free,45+,7.1.0,17.0
u_202938,2026-06-05,paid_social,Germany,iOS,free,18-24,7.0.0,18.2
u_202939,2026-05-31,referral,United States,iOS,free,18-24,7.0.1,18.0
u_202940,2026-06-12,paid_social,United States,iOS,pro_annual,45+,7.1.0,16.5
u_202941,2026-04-16,influencer,Indonesia,Android,free,18-24,6.9.2,13
u_202942,2026-03-29,paid_social,Turkey,Android,free,25-34,7.1.0,12
u_202943,2026-04-05,influencer,Pakistan,Web,free,35-44,7.0.0,n/a
u_202944,2026-04-14,organic_search,United States,iOS,free,25-34,7.1.0,16.5
u_202945,2026-05-04,influencer,United Kingdom,Android,free,35-44,7.1.0,12
u_202946,2026-04-19,paid_social,India,Web,free,25-34,7.0.1,n/a
u_202947,2026-06-04,organic_search,United States,iOS,free,35-44,6.9.2,18.0
u_202948,2026-06-20,organic_search,India,Web,free,25-34,7.0.1,n/a
u_202949,2026-04-23,organic_search,Saudi Arabia,Android,free,13-17,7.1.0,14
u_202950,2026-04-09,paid_search,United States,Android,free,25-34,7.1.0,12
u_202951,2026-03-31,paid_social,Germany,Android,free,35-44,7.0.1,15
u_202952,2026-05-15,app_store_browse,United Arab Emirates,Android,free,35-44,7.1.0,14
u_202953,2026-04-22,app_store_browse,Pakistan,Android,free,45+,7.0.1,13
u_202954,2026-03-27,app_store_browse,United States,Web,free,35-44,6.9.0,n/a
u_202955,2026-06-08,paid_social,Germany,iOS,free,25-34,7.0.1,18.2
u_202956,2026-04-27,influencer,United States,iOS,free,18-24,7.1.0,18.2
u_202957,2026-06-16,paid_social,United States,iOS,free,25-34,7.1.0,17.0
u_202958,2026-03-25,paid_social,United Kingdom,iOS,free,25-34,7.1.0,16.5
u_202959,2026-04-07,influencer,Germany,iOS,free,25-34,7.1.0,17.4
u_202960,2026-05-15,organic_search,India,iOS,free,25-34,7.0.0,17.0
u_202961,2026-05-09,paid_search,Nigeria,iOS,free,35-44,7.1.0,17.4
u_202962,2026-04-13,organic_search,Germany,Android,free,25-34,6.9.2,14
u_202963,2026-04-14,paid_social,Brazil,iOS,free,18-24,7.0.0,17.0
u_202964,2026-04-26,paid_search,Brazil,Android,free,18-24,7.1.0,14
u_202965,2026-04-19,paid_search,India,Android,pro_monthly,25-34,7.0.1,15
u_202966,2026-06-01,organic_search,Nigeria,Android,pro_monthly,25-34,7.1.0,12
u_202967,2026-05-07,paid_search,Indonesia,Web,pro_monthly,18-24,7.0.1,n/a
u_202968,2026-06-12,paid_social,Nigeria,Android,free,25-34,6.9.0,13
u_202969,2026-05-19,referral,Pakistan,Android,free,35-44,6.9.0,13
u_202970,2026-05-03,app_store_browse,Germany,Android,free,45+,7.0.1,14
u_202971,2026-03-26,paid_search,United Arab Emirates,iOS,free,35-44,7.0.1,17.0
u_202972,2026-06-13,referral,India,iOS,pro_annual,18-24,7.0.1,16.5
u_202973,2026-04-23,app_store_browse,United States,iOS,free,25-34,7.0.0,18.0
u_202974,2026-04-07,influencer,Turkey,Android,free,25-34,7.0.0,15
u_202975,2026-05-13,paid_social,India,iOS,free,13-17,7.1.0,16.5
u_202976,2026-04-23,paid_search,Brazil,iOS,pro_annual,25-34,6.8.0,17.4
u_202977,2026-04-24,paid_social,Brazil,Android,pro_annual,45+,7.1.0,12
u_202978,2026-03-26,paid_social,Brazil,Web,pro_monthly,25-34,7.1.0,n/a
u_202979,2026-05-16,paid_social,United States,iOS,free,35-44,6.9.2,17.4
u_202980,2026-04-09,influencer,Pakistan,Web,free,25-34,7.0.1,n/a
u_202981,2026-03-22,referral,Brazil,iOS,free,25-34,7.0.0,18.2
u_202982,2026-03-12,paid_social,United States,iOS,free,18-24,6.9.2,18.2
u_202983,2026-06-19,paid_social,Nigeria,iOS,pro_monthly,18-24,6.9.0,16.5
u_202984,2026-04-07,organic_search,United States,Android,free,35-44,6.9.2,13
u_202985,2026-06-18,paid_social,United Arab Emirates,Web,pro_monthly,18-24,7.1.0,n/a
u_202986,2026-04-11,paid_search,Philippines,iOS,free,25-34,7.1.0,17.0
u_202987,2026-03-30,paid_social,Pakistan,iOS,free,25-34,7.0.1,17.4
u_202988,2026-03-29,paid_social,Pakistan,iOS,free,18-24,7.1.0,18.0
u_202989,2026-06-15,app_store_browse,United States,Web,free,18-24,7.1.0,n/a
u_202990,2026-05-16,referral,India,Android,free,13-17,7.0.0,15
u_202991,2026-05-31,referral,Germany,Android,free,35-44,7.1.0,13
u_202992,2026-03-25,paid_social,Pakistan,Web,free,35-44,6.9.2,n/a
u_202993,2026-04-09,paid_social,Nigeria,iOS,free,45+,7.1.0,18.2
u_202994,2026-03-16,paid_social,Philippines,Android,free,18-24,7.0.1,13
u_202995,2026-03-19,influencer,United States,Android,enterprise,18-24,6.9.2,15
u_202996,2026-06-19,organic_search,United States,Android,free,35-44,6.9.2,13
u_202997,2026-04-10,paid_search,Germany,Android,free,35-44,6.9.2,14
u_202998,2026-05-24,paid_social,Pakistan,iOS,free,25-34,7.0.1,18.0
u_202999,2026-05-17,app_store_browse,United Arab Emirates,iOS,free,13-17,7.0.1,17.0
u_203000,2026-03-14,organic_search,United States,Web,free,25-34,7.1.0,n/a
u_203001,2026-06-02,paid_social,Germany,Android,free,45+,7.1.0,12
u_203002,2026-03-24,organic_search,Pakistan,iOS,free,18-24,7.0.0,17.4
u_203003,2026-06-11,paid_social,Brazil,iOS,free,35-44,7.0.0,17.4
u_203004,2026-05-05,organic_search,United Arab Emirates,iOS,free,45+,7.1.0,17.0
u_203005,2026-05-30,paid_search,Brazil,Android,free,18-24,6.9.2,14
u_203006,2026-05-31,paid_social,Indonesia,Web,pro_monthly,13-17,6.9.2,n/a
u_203007,2026-05-08,influencer,United States,Android,free,25-34,6.9.2,15
u_203008,2026-04-20,influencer,United Arab Emirates,Android,pro_annual,18-24,6.8.0,12
u_203009,2026-04-12,paid_social,Pakistan,iOS,pro_monthly,18-24,7.1.0,16.5
u_203010,2026-06-19,paid_search,India,Web,free,35-44,6.8.0,n/a
u_203011,2026-04-30,influencer,United States,Android,free,18-24,7.0.1,14
u_203012,2026-05-25,paid_social,Pakistan,iOS,pro_monthly,25-34,6.9.2,16.5
u_203013,2026-04-28,app_store_browse,India,iOS,free,25-34,7.1.0,17.4
u_203014,2026-04-28,referral,United States,iOS,pro_monthly,25-34,7.0.0,18.2
u_203015,2026-06-09,paid_social,United States,Android,free,35-44,7.0.1,14
u_203016,2026-03-15,paid_social,Indonesia,iOS,free,25-34,7.0.1,18.2
u_203017,2026-05-15,paid_social,Pakistan,Web,pro_annual,13-17,7.1.0,n/a
u_203018,2026-05-31,organic_search,Turkey,iOS,free,18-24,7.0.0,18.2
u_203019,2026-04-17,app_store_browse,Turkey,Android,free,18-24,7.1.0,14
u_203020,2026-06-10,organic_search,Philippines,iOS,free,18-24,7.0.0,18.2
u_203021,2026-04-13,influencer,United States,Android,free,25-34,6.9.2,12
u_203022,2026-06-19,paid_social,Germany,Android,free,18-24,7.1.0,15
u_203023,2026-06-20,influencer,Indonesia,iOS,free,25-34,7.0.0,18.2
u_203024,2026-04-27,organic_search,India,iOS,free,25-34,7.1.0,17.4
u_203025,2026-04-25,paid_social,United States,iOS,free,18-24,7.1.0,17.0
u_203026,2026-05-03,organic_search,Pakistan,iOS,pro_annual,13-17,7.1.0,16.5
u_203027,2026-04-12,influencer,Nigeria,Android,free,25-34,6.9.2,13
u_203028,2026-04-18,paid_search,Turkey,iOS,free,18-24,7.1.0,16.5
u_203029,2026-05-22,app_store_browse,Pakistan,iOS,free,18-24,7.0.0,17.0
u_203030,2026-04-12,referral,United States,iOS,free,25-34,6.9.0,16.5
u_203031,2026-06-04,paid_social,Pakistan,iOS,free,45+,6.9.2,16.5
u_203032,2026-05-31,paid_social,Pakistan,Android,free,25-34,7.1.0,12
u_203033,2026-03-29,paid_social,India,Android,free,35-44,6.9.2,13
u_203034,2026-06-20,organic_search,United States,Android,pro_monthly,35-44,6.9.2,15
u_203035,2026-04-01,paid_social,Turkey,Web,free,25-34,7.0.0,n/a
u_203036,2026-03-03,app_store_browse,Brazil,Android,enterprise,25-34,6.9.2,12
u_203037,2026-05-14,influencer,Turkey,Android,free,45+,6.9.2,12
u_203038,2026-05-09,paid_search,Germany,Android,free,18-24,6.9.2,14
u_203039,2026-05-19,influencer,Nigeria,Web,free,35-44,7.0.1,n/a
u_203040,2026-03-08,organic_search,United Arab Emirates,iOS,free,45+,7.0.1,18.0
u_203041,2026-03-08,organic_search,Indonesia,iOS,free,13-17,6.8.0,17.0
u_203042,2026-04-17,influencer,Brazil,Android,free,45+,7.1.0,14
u_203043,2026-04-10,influencer,India,Android,free,18-24,6.8.0,15
u_203044,2026-03-09,influencer,Saudi Arabia,Android,free,25-34,7.0.0,13
u_203045,2026-05-26,paid_social,Turkey,iOS,pro_monthly,25-34,7.0.1,17.0
u_203046,2026-04-22,paid_search,United States,iOS,free,18-24,7.0.0,18.0
u_203047,2026-05-21,paid_social,United States,Web,free,25-34,7.0.1,n/a
u_203048,2026-05-08,paid_social,Saudi Arabia,iOS,pro_monthly,25-34,6.9.0,16.5
u_203049,2026-04-17,paid_social,United Kingdom,iOS,free,18-24,7.1.0,16.5
u_203050,2026-03-23,influencer,Brazil,iOS,free,18-24,7.1.0,16.5
u_203051,2026-03-27,organic_search,Nigeria,iOS,free,18-24,7.0.1,17.4
u_203052,2026-03-12,app_store_browse,Saudi Arabia,Android,pro_monthly,18-24,7.1.0,13
u_203053,2026-05-31,paid_search,United States,iOS,free,35-44,7.1.0,16.5
u_203054,2026-04-22,paid_search,India,Android,free,13-17,7.1.0,15
u_203055,2026-03-25,paid_social,India,Web,free,35-44,6.8.0,n/a
u_203056,2026-03-22,paid_social,United States,Android,free,25-34,6.9.2,13
u_203057,2026-05-22,paid_social,Indonesia,Android,free,25-34,7.1.0,12
u_203058,2026-05-27,influencer,United Arab Emirates,iOS,free,18-24,6.8.0,18.0
u_203059,2026-05-10,app_store_browse,Brazil,Web,pro_monthly,25-34,7.1.0,n/a
u_203060,2026-03-23,paid_search,United Arab Emirates,Android,pro_monthly,35-44,7.0.0,12
u_203061,2026-03-27,influencer,United Arab Emirates,Android,free,35-44,7.0.0,13
u_203062,2026-06-20,paid_search,Turkey,iOS,free,35-44,7.1.0,18.0
u_203063,2026-06-18,paid_social,Saudi Arabia,iOS,free,25-34,7.0.0,16.5
u_203064,2026-06-10,paid_social,United Kingdom,Android,free,18-24,6.9.0,12
u_203065,2026-05-02,paid_search,Indonesia,iOS,free,25-34,7.0.1,16.5
u_203066,2026-03-06,organic_search,Turkey,Android,pro_monthly,35-44,7.1.0,13
u_203067,2026-06-08,organic_search,Nigeria,Web,free,35-44,6.9.2,n/a
u_203068,2026-04-12,influencer,United States,Android,free,35-44,6.9.2,15
u_203069,2026-05-20,organic_search,Turkey,iOS,free,18-24,7.1.0,16.5
u_203070,2026-03-13,referral,Nigeria,Web,free,35-44,7.0.0,n/a
u_203071,2026-04-06,referral,Philippines,iOS,free,25-34,6.8.0,17.4
u_203072,2026-04-24,influencer,Pakistan,iOS,free,25-34,6.9.0,18.0
u_203073,2026-04-11,organic_search,United Kingdom,Android,free,18-24,7.0.1,14
u_203074,2026-03-06,organic_search,Nigeria,iOS,free,25-34,7.0.0,17.4
u_203075,2026-03-22,app_store_browse,India,iOS,free,35-44,7.0.1,16.5
u_203076,2026-05-09,paid_social,Indonesia,iOS,free,13-17,7.1.0,16.5
u_203077,2026-03-23,organic_search,United Arab Emirates,Android,free,25-34,6.9.2,13
u_203078,2026-04-29,organic_search,Indonesia,Web,free,25-34,7.1.0,n/a
u_203079,2026-06-03,organic_search,United Arab Emirates,Android,free,18-24,7.1.0,15
u_203080,2026-05-03,paid_search,United States,iOS,free,25-34,7.0.1,17.4
u_203081,2026-06-18,referral,Nigeria,Android,free,25-34,7.1.0,13
u_203082,2026-06-07,organic_search,United Kingdom,iOS,free,18-24,7.0.1,18.0
u_203083,2026-03-12,influencer,United Arab Emirates,Android,free,25-34,6.8.0,13
u_203084,2026-04-24,organic_search,United Arab Emirates,Android,free,35-44,7.0.0,15
u_203085,2026-03-14,organic_search,Saudi Arabia,iOS,pro_annual,13-17,7.1.0,18.0
u_203086,2026-06-02,paid_social,Pakistan,iOS,pro_monthly,25-34,7.1.0,18.0
u_203087,2026-04-09,organic_search,United States,iOS,pro_monthly,18-24,6.9.2,18.0
u_203088,2026-06-11,organic_search,Turkey,iOS,free,25-34,7.1.0,16.5
u_203089,2026-04-23,organic_search,Germany,Android,pro_annual,25-34,7.1.0,14
u_203090,2026-05-15,paid_social,United States,iOS,free,18-24,7.0.0,18.0
u_203091,2026-04-13,paid_social,Brazil,iOS,free,18-24,7.1.0,16.5
u_203092,2026-05-26,paid_social,United States,Android,free,35-44,6.8.0,15
u_203093,2026-03-15,organic_search,United States,iOS,free,35-44,7.1.0,18.2
u_203094,2026-05-16,paid_search,United States,iOS,free,25-34,7.1.0,18.0
u_203095,2026-06-19,paid_search,Pakistan,iOS,free,18-24,7.0.1,16.5
u_203096,2026-05-30,paid_social,India,iOS,free,45+,7.1.0,16.5
u_203097,2026-04-26,referral,United Kingdom,Android,pro_monthly,18-24,7.1.0,15
u_203098,2026-05-31,paid_social,Indonesia,Android,free,18-24,7.0.0,13
u_203099,2026-05-14,organic_search,United States,Android,free,25-34,7.0.0,14
u_203100,2026-05-03,referral,United Kingdom,iOS,free,35-44,7.1.0,18.0
u_203101,2026-06-17,paid_social,United States,Android,pro_annual,35-44,7.0.1,14
u_203102,2026-06-06,influencer,Saudi Arabia,Android,free,18-24,7.0.1,15
u_203103,2026-03-02,paid_social,Nigeria,Android,free,25-34,6.8.0,14
u_203104,2026-03-02,paid_search,Brazil,Web,free,25-34,7.1.0,n/a
u_203105,2026-03-31,paid_social,Pakistan,iOS,free,13-17,7.0.1,18.2
u_203106,2026-06-05,app_store_browse,United Arab Emirates,Android,free,35-44,7.0.1,15
u_203107,2026-04-27,referral,Pakistan,iOS,free,18-24,7.1.0,17.0
u_203108,2026-05-22,paid_search,Brazil,iOS,pro_annual,18-24,6.9.0,17.4
u_203109,2026-05-12,influencer,Germany,iOS,free,25-34,6.9.0,18.0
u_203110,2026-03-22,influencer,United States,Web,free,35-44,7.1.0,n/a
u_203111,2026-05-25,influencer,United Arab Emirates,iOS,free,25-34,6.9.0,16.5
u_203112,2026-06-20,organic_search,India,Android,pro_monthly,13-17,7.1.0,12
u_203113,2026-05-03,influencer,Nigeria,Web,free,25-34,7.1.0,n/a
u_203114,2026-03-06,paid_search,Germany,Android,free,35-44,7.0.1,13
u_203115,2026-06-18,paid_search,Pakistan,iOS,free,18-24,7.0.0,18.2
u_203116,2026-03-29,paid_social,Brazil,iOS,free,25-34,7.0.0,17.4
u_203117,2026-03-05,app_store_browse,India,Web,free,18-24,7.1.0,n/a
u_203118,2026-05-30,organic_search,Pakistan,Android,free,18-24,7.0.1,13
u_203119,2026-04-06,influencer,Indonesia,Android,free,18-24,6.8.0,15
u_203120,2026-03-10,influencer,Indonesia,Web,free,25-34,7.0.0,n/a
u_203121,2026-03-30,paid_social,India,Android,free,25-34,7.0.0,12
u_203122,2026-04-19,organic_search,United States,Android,free,25-34,7.0.1,14
u_203123,2026-05-24,referral,United States,Android,free,35-44,7.0.0,12
u_203124,2026-03-22,influencer,United States,Android,free,35-44,7.1.0,14
u_203125,2026-05-05,referral,Nigeria,iOS,free,18-24,7.0.1,18.2
u_203126,2026-04-02,influencer,United States,iOS,free,35-44,7.0.0,16.5
u_203127,2026-03-15,organic_search,United Kingdom,iOS,free,18-24,7.1.0,17.0
u_203128,2026-04-06,app_store_browse,Pakistan,Android,free,25-34,7.1.0,12
u_203129,2026-04-16,organic_search,Pakistan,Android,free,18-24,6.9.2,15
u_203130,2026-04-01,paid_search,Philippines,Android,free,25-34,7.0.0,15
u_203131,2026-05-14,app_store_browse,Pakistan,iOS,free,25-34,7.1.0,17.0
u_203132,2026-05-29,paid_social,Pakistan,iOS,free,25-34,7.0.1,16.5
u_203133,2026-06-10,referral,Turkey,Android,free,13-17,7.0.1,12
u_203134,2026-05-02,app_store_browse,Pakistan,Web,free,18-24,7.1.0,n/a
u_203135,2026-06-07,organic_search,Pakistan,iOS,pro_monthly,18-24,7.1.0,18.0
u_203136,2026-03-11,paid_social,United Kingdom,Android,free,25-34,7.0.1,13
u_203137,2026-06-05,paid_social,United States,Android,free,18-24,7.1.0,12
u_203138,2026-05-29,organic_search,Saudi Arabia,Android,free,25-34,7.0.0,14
u_203139,2026-03-12,paid_social,Indonesia,Web,free,18-24,7.1.0,n/a
u_203140,2026-05-15,paid_search,Brazil,Android,free,35-44,6.9.2,15
u_203141,2026-03-23,paid_social,Indonesia,Web,free,35-44,7.0.1,n/a
u_203142,2026-04-22,organic_search,Nigeria,iOS,free,18-24,7.0.1,18.0
u_203143,2026-03-26,influencer,United States,Android,pro_monthly,18-24,7.1.0,12
u_203144,2026-03-19,influencer,United States,Android,pro_monthly,18-24,7.1.0,14
u_203145,2026-05-23,influencer,Germany,Android,free,25-34,7.1.0,12
u_203146,2026-04-27,referral,United States,iOS,free,25-34,7.0.1,18.2
u_203147,2026-05-17,referral,Germany,iOS,pro_monthly,18-24,7.1.0,17.4
u_203148,2026-03-08,app_store_browse,United States,iOS,free,18-24,6.8.0,17.0
u_203149,2026-03-30,app_store_browse,Germany,iOS,free,25-34,7.1.0,17.0
u_203150,2026-05-18,organic_search,India,iOS,free,35-44,7.0.1,17.4
u_203151,2026-06-21,paid_social,India,Android,free,18-24,6.9.2,12
u_203152,2026-04-22,influencer,Pakistan,Android,free,35-44,7.0.0,12
u_203153,2026-03-19,paid_social,Brazil,Android,free,25-34,7.0.1,14
u_203154,2026-03-08,referral,Pakistan,Android,free,18-24,6.8.0,13
u_203155,2026-04-06,influencer,United States,Android,free,45+,6.9.2,15
u_203156,2026-04-13,referral,Pakistan,iOS,free,13-17,7.1.0,18.0
u_203157,2026-03-19,influencer,Indonesia,iOS,free,25-34,7.1.0,16.5
u_203158,2026-06-10,paid_social,United Arab Emirates,Android,free,18-24,7.1.0,14
u_203159,2026-05-17,influencer,United Arab Emirates,Android,pro_annual,45+,7.1.0,15
u_203160,2026-04-07,paid_social,India,iOS,free,18-24,7.1.0,17.0
u_203161,2026-05-21,paid_social,Pakistan,iOS,free,35-44,7.1.0,18.0
u_203162,2026-06-20,influencer,Saudi Arabia,Android,free,18-24,7.1.0,13
u_203163,2026-03-30,paid_social,Indonesia,Android,pro_annual,18-24,7.1.0,14
u_203164,2026-06-20,referral,United States,Web,free,18-24,6.8.0,n/a
u_203165,2026-06-12,influencer,India,Android,free,18-24,7.1.0,15
u_203166,2026-06-03,organic_search,Philippines,Android,free,35-44,7.0.1,13
u_203167,2026-05-13,paid_search,United States,Android,free,45+,7.1.0,12
u_203168,2026-03-01,paid_search,United Kingdom,Android,free,18-24,7.1.0,12
u_203169,2026-05-02,paid_social,Indonesia,Android,free,18-24,6.9.2,14
u_203170,2026-03-13,paid_social,Nigeria,iOS,free,25-34,7.1.0,17.0
u_203171,2026-04-10,organic_search,Turkey,iOS,pro_annual,35-44,7.0.1,17.4
u_203172,2026-06-14,influencer,Brazil,Android,free,18-24,7.1.0,13
u_203173,2026-06-19,influencer,Pakistan,Android,enterprise,18-24,6.9.0,14
u_203174,2026-06-14,organic_search,Pakistan,iOS,free,25-34,6.8.0,17.0
u_203175,2026-03-07,paid_search,India,Android,pro_annual,35-44,7.0.0,15
u_203176,2026-04-27,influencer,Pakistan,iOS,free,25-34,6.9.2,17.0
u_203177,2026-05-13,organic_search,India,iOS,free,25-34,7.0.0,18.0
u_203178,2026-05-16,paid_social,United States,Android,free,25-34,7.0.1,15
u_203179,2026-05-04,paid_search,United States,iOS,free,13-17,7.1.0,17.0
u_203180,2026-05-31,paid_social,Pakistan,Android,free,25-34,7.0.1,12
u_203181,2026-04-08,influencer,Pakistan,iOS,free,18-24,7.0.0,17.4
u_203182,2026-05-11,influencer,United States,Android,free,35-44,7.0.0,13
u_203183,2026-05-08,paid_social,United Arab Emirates,iOS,free,25-34,6.9.2,16.5
u_203184,2026-04-24,paid_search,United States,Android,pro_annual,35-44,7.0.1,15
u_203185,2026-06-13,influencer,India,iOS,free,18-24,7.1.0,17.0
u_203186,2026-03-18,organic_search,Pakistan,Web,free,25-34,7.0.1,n/a
u_203187,2026-04-03,paid_social,India,iOS,free,18-24,7.1.0,18.2
u_203188,2026-05-20,organic_search,Pakistan,Android,free,25-34,7.0.1,13
u_203189,2026-03-08,paid_social,Brazil,Android,free,25-34,6.9.2,12
u_203190,2026-04-16,paid_social,Pakistan,Android,pro_annual,25-34,7.0.1,15
u_203191,2026-06-06,organic_search,India,Android,free,25-34,6.9.2,12
u_203192,2026-06-12,organic_search,Turkey,Android,pro_annual,13-17,7.1.0,14
u_203193,2026-06-06,referral,United States,iOS,free,45+,7.0.0,18.2
u_203194,2026-03-03,influencer,India,Web,pro_annual,18-24,7.1.0,n/a
u_203195,2026-04-10,organic_search,United States,iOS,free,18-24,7.0.0,16.5
u_203196,2026-04-19,referral,Turkey,iOS,pro_annual,25-34,7.1.0,17.4
u_203197,2026-04-07,paid_social,Turkey,Android,pro_annual,18-24,7.1.0,14
u_203198,2026-04-20,paid_social,United States,Android,free,25-34,7.0.0,14
u_203199,2026-04-03,influencer,Indonesia,Android,pro_monthly,35-44,7.0.1,12
u_203200,2026-03-29,paid_social,Brazil,iOS,pro_annual,13-17,7.1.0,16.5
u_203201,2026-04-20,organic_search,India,Android,free,25-34,7.0.0,13
u_203202,2026-06-15,referral,United Kingdom,Android,free,35-44,6.8.0,15
u_203203,2026-05-30,influencer,United States,iOS,free,25-34,7.0.1,17.4
u_203204,2026-05-12,organic_search,United States,Android,pro_annual,13-17,7.0.1,12
u_203205,2026-04-15,paid_social,Nigeria,iOS,free,18-24,7.0.0,18.2
u_203206,2026-03-27,organic_search,Indonesia,iOS,free,18-24,7.1.0,18.2
u_203207,2026-06-20,paid_social,Germany,iOS,free,25-34,7.0.1,18.0
u_203208,2026-05-22,paid_social,Pakistan,iOS,pro_monthly,25-34,7.1.0,17.4
u_203209,2026-06-03,organic_search,Indonesia,Android,free,35-44,7.1.0,12
u_203210,2026-03-07,organic_search,Germany,iOS,free,25-34,7.0.1,17.4
u_203211,2026-04-15,influencer,Indonesia,iOS,free,25-34,7.0.1,18.2
u_203212,2026-05-30,paid_search,United Arab Emirates,iOS,free,25-34,7.1.0,16.5
u_203213,2026-03-08,app_store_browse,Pakistan,Android,free,25-34,6.9.2,15
u_203214,2026-03-11,influencer,Philippines,Web,free,35-44,7.1.0,n/a
u_203215,2026-05-07,paid_social,Pakistan,iOS,free,25-34,7.1.0,17.0
u_203216,2026-05-29,paid_social,United States,iOS,free,18-24,7.0.0,16.5
u_203217,2026-06-10,paid_social,Pakistan,Android,free,18-24,7.0.1,13
u_203218,2026-05-17,influencer,Pakistan,Android,pro_monthly,18-24,7.1.0,12
u_203219,2026-05-18,paid_search,United States,iOS,free,25-34,7.1.0,17.0
u_203220,2026-05-31,organic_search,Nigeria,Android,free,18-24,6.9.0,15
u_203221,2026-03-15,organic_search,Pakistan,Android,free,18-24,7.0.1,15
u_203222,2026-04-15,organic_search,United Arab Emirates,iOS,free,18-24,7.1.0,17.0
u_203223,2026-04-29,influencer,United States,Android,free,18-24,7.0.1,14
u_203224,2026-04-12,organic_search,Brazil,iOS,free,35-44,7.1.0,18.0
u_203225,2026-06-01,organic_search,Indonesia,Android,free,25-34,7.1.0,14
u_203226,2026-05-09,influencer,United States,Android,free,25-34,7.0.1,12
u_203227,2026-05-02,paid_search,United Arab Emirates,Android,free,45+,7.1.0,15
u_203228,2026-05-09,organic_search,Pakistan,iOS,free,45+,7.1.0,17.4
u_203229,2026-05-07,influencer,Turkey,iOS,free,35-44,7.0.0,18.2
u_203230,2026-03-27,paid_social,Saudi Arabia,Android,enterprise,25-34,6.9.2,15
u_203231,2026-04-17,paid_social,United Arab Emirates,Android,free,25-34,7.0.0,13
u_203232,2026-06-21,paid_social,Indonesia,iOS,pro_monthly,45+,7.1.0,17.0
u_203233,2026-03-03,organic_search,India,Android,free,25-34,7.0.1,13
u_203234,2026-06-11,paid_social,Indonesia,iOS,pro_monthly,18-24,7.0.0,17.4
u_203235,2026-06-06,paid_social,Pakistan,Android,pro_monthly,25-34,7.1.0,15
u_203236,2026-06-15,paid_search,United States,Web,pro_monthly,25-34,7.1.0,n/a
u_203237,2026-05-20,paid_search,Indonesia,Web,free,25-34,7.1.0,n/a
u_203238,2026-03-29,influencer,Indonesia,iOS,free,18-24,7.1.0,17.4
u_203239,2026-05-27,influencer,Saudi Arabia,Android,free,18-24,7.1.0,15
u_203240,2026-05-18,influencer,Germany,iOS,free,25-34,7.0.1,17.4
u_203241,2026-05-28,app_store_browse,Pakistan,Android,free,18-24,7.0.0,12
u_203242,2026-03-28,app_store_browse,Pakistan,Android,free,25-34,6.9.0,14
u_203243,2026-04-14,paid_social,Pakistan,Android,pro_monthly,18-24,6.9.2,15
u_203244,2026-05-03,influencer,Pakistan,iOS,free,18-24,7.1.0,18.2
u_203245,2026-04-12,organic_search,United States,iOS,free,45+,7.1.0,17.0
u_203246,2026-04-07,paid_social,Philippines,Web,free,18-24,7.1.0,n/a
u_203247,2026-04-30,paid_search,Indonesia,Android,free,18-24,7.0.1,13
u_203248,2026-05-02,organic_search,India,iOS,free,18-24,6.8.0,17.0
u_203249,2026-03-25,app_store_browse,United States,iOS,free,35-44,7.1.0,17.4
u_203250,2026-05-13,paid_social,Pakistan,Android,pro_monthly,18-24,7.0.1,12
u_203251,2026-05-17,paid_search,Brazil,Web,free,25-34,7.0.1,n/a
u_203252,2026-05-17,paid_social,United States,Android,free,13-17,7.1.0,13
u_203253,2026-05-27,paid_search,Nigeria,Android,free,25-34,7.0.0,15
u_203254,2026-03-02,referral,United Arab Emirates,iOS,free,25-34,7.1.0,17.4
u_203255,2026-04-28,influencer,Pakistan,Web,free,25-34,7.1.0,n/a
u_203256,2026-04-10,app_store_browse,United States,Android,free,25-34,7.1.0,12
u_203257,2026-03-15,organic_search,Germany,Android,free,25-34,6.9.2,13
u_203258,2026-04-13,paid_social,Pakistan,iOS,free,18-24,6.8.0,17.4
u_203259,2026-05-09,paid_social,Philippines,Android,free,35-44,7.1.0,13
u_203260,2026-04-17,paid_social,Turkey,Android,pro_annual,25-34,6.9.0,12
u_203261,2026-06-16,referral,United States,Web,free,13-17,7.1.0,n/a
u_203262,2026-05-24,paid_social,Pakistan,Android,free,35-44,7.1.0,13
u_203263,2026-04-15,paid_social,United States,Web,free,25-34,6.8.0,n/a
u_203264,2026-05-09,organic_search,United States,iOS,free,25-34,7.0.0,17.0
u_203265,2026-03-05,organic_search,United Arab Emirates,iOS,free,18-24,7.0.0,17.4
u_203266,2026-03-26,paid_search,Pakistan,iOS,free,18-24,7.0.1,18.0
u_203267,2026-04-20,organic_search,United States,iOS,pro_monthly,25-34,7.0.0,18.0
u_203268,2026-05-28,paid_social,Philippines,Web,free,25-34,7.0.1,n/a
u_203269,2026-04-09,paid_social,India,Android,free,18-24,7.1.0,12
u_203270,2026-06-09,paid_search,Saudi Arabia,iOS,pro_monthly,25-34,7.1.0,16.5
u_203271,2026-05-15,organic_search,United Arab Emirates,iOS,free,25-34,6.9.2,16.5
u_203272,2026-03-08,influencer,Pakistan,Android,free,35-44,7.0.0,15
u_203273,2026-04-18,referral,Saudi Arabia,iOS,free,18-24,7.1.0,18.2
u_203274,2026-03-29,paid_social,Nigeria,Web,free,25-34,7.1.0,n/a
u_203275,2026-03-03,organic_search,India,Android,pro_monthly,18-24,7.1.0,14
u_203276,2026-05-01,influencer,India,Web,free,18-24,7.1.0,n/a
u_203277,2026-04-19,app_store_browse,United States,iOS,free,35-44,6.9.2,17.4
u_203278,2026-03-30,organic_search,Pakistan,Android,free,45+,7.1.0,13
u_203279,2026-03-24,paid_search,Pakistan,iOS,free,18-24,7.1.0,17.0
u_203280,2026-05-05,paid_social,Indonesia,Android,free,25-34,6.8.0,13
u_203281,2026-05-09,app_store_browse,United States,Android,pro_annual,35-44,7.0.0,15
u_203282,2026-05-14,referral,India,Android,pro_monthly,25-34,7.0.1,14
u_203283,2026-05-07,paid_social,United Arab Emirates,Web,free,13-17,7.0.1,n/a
u_203284,2026-04-19,app_store_browse,United States,iOS,pro_annual,25-34,6.9.2,18.0
u_203285,2026-06-17,referral,United States,iOS,free,45+,7.1.0,16.5
u_203286,2026-04-05,paid_social,Germany,iOS,free,25-34,6.9.2,18.2
u_203287,2026-06-18,paid_social,United States,Android,free,25-34,7.0.1,14
u_203288,2026-03-26,referral,Indonesia,Android,free,18-24,6.8.0,13
u_203289,2026-05-04,paid_social,Pakistan,Android,free,25-34,7.0.0,15
u_203290,2026-05-23,paid_search,United Arab Emirates,Web,free,18-24,7.0.0,n/a
u_203291,2026-03-03,influencer,India,iOS,free,18-24,7.0.0,18.0
u_203292,2026-05-07,paid_social,Pakistan,iOS,free,18-24,7.1.0,16.5
u_203293,2026-06-13,organic_search,United States,iOS,free,35-44,6.9.0,16.5
u_203294,2026-04-02,paid_social,Pakistan,iOS,pro_annual,25-34,6.9.2,18.0
u_203295,2026-04-26,paid_search,Germany,iOS,free,45+,6.9.0,18.2
u_203296,2026-04-10,paid_social,United States,Android,pro_annual,45+,6.9.0,14
u_203297,2026-05-21,influencer,United Arab Emirates,iOS,free,45+,7.1.0,18.2
u_203298,2026-03-01,organic_search,Indonesia,Android,free,25-34,7.0.1,12
u_203299,2026-03-05,app_store_browse,United States,Android,free,18-24,7.0.1,12
u_203300,2026-04-20,paid_social,United Arab Emirates,iOS,free,18-24,6.9.2,17.0
u_203301,2026-06-16,paid_search,United Arab Emirates,Android,pro_monthly,18-24,7.1.0,15
u_203302,2026-06-15,organic_search,Pakistan,Android,free,35-44,7.0.1,14
u_203303,2026-05-10,organic_search,United Arab Emirates,Web,pro_monthly,18-24,6.9.0,n/a
u_203304,2026-03-10,paid_search,Pakistan,Web,free,25-34,7.1.0,n/a
u_203305,2026-06-09,paid_social,United Kingdom,Android,free,13-17,7.0.1,14
u_203306,2026-06-03,organic_search,Brazil,iOS,free,25-34,6.9.0,18.2
u_203307,2026-04-22,paid_social,United Arab Emirates,Android,pro_monthly,25-34,7.1.0,12
u_203308,2026-03-15,organic_search,India,Android,free,18-24,6.8.0,12
u_203309,2026-06-18,organic_search,Brazil,Android,pro_annual,13-17,7.0.1,13
u_203310,2026-04-09,referral,Indonesia,iOS,free,18-24,7.0.1,16.5
u_203311,2026-03-27,influencer,Pakistan,iOS,free,18-24,7.0.0,17.4
u_203312,2026-05-14,influencer,United States,Web,free,18-24,7.1.0,n/a
u_203313,2026-04-10,paid_social,Brazil,Android,free,18-24,6.9.2,12
u_203314,2026-04-22,influencer,Saudi Arabia,Web,free,18-24,7.0.1,n/a
u_203315,2026-04-18,referral,United Arab Emirates,iOS,free,35-44,7.0.1,18.2
u_203316,2026-03-20,referral,Pakistan,Web,free,25-34,6.9.0,n/a
u_203317,2026-05-13,referral,Indonesia,iOS,free,35-44,7.0.1,18.2
u_203318,2026-05-17,organic_search,Philippines,Android,free,45+,7.0.0,12
u_203319,2026-05-26,referral,Indonesia,iOS,pro_annual,45+,7.0.1,18.2
u_203320,2026-05-08,influencer,Philippines,Android,free,45+,7.1.0,14
u_203321,2026-03-24,organic_search,Nigeria,Web,pro_annual,18-24,6.9.2,n/a
u_203322,2026-05-18,organic_search,United Kingdom,Android,free,18-24,6.9.2,15
u_203323,2026-05-30,influencer,India,Web,free,25-34,7.0.1,n/a
u_203324,2026-04-29,paid_search,Nigeria,Android,free,18-24,7.1.0,14
u_203325,2026-03-06,paid_social,Brazil,iOS,free,18-24,7.1.0,16.5
u_203326,2026-05-23,referral,Turkey,iOS,free,35-44,6.9.0,18.0
u_203327,2026-06-16,influencer,India,Android,free,25-34,7.0.0,12
u_203328,2026-05-09,referral,Indonesia,iOS,pro_annual,25-34,7.0.1,18.0
u_203329,2026-05-23,paid_search,United Kingdom,Web,free,25-34,7.0.0,n/a
u_203330,2026-04-24,paid_search,India,Android,free,35-44,6.9.2,13
u_203331,2026-03-18,organic_search,India,Web,free,18-24,7.0.0,n/a
u_203332,2026-06-07,paid_social,Pakistan,Android,free,25-34,7.0.1,12
u_203333,2026-03-26,influencer,Turkey,iOS,free,18-24,7.0.0,16.5
u_203334,2026-03-26,influencer,Brazil,iOS,free,18-24,7.0.0,17.4
u_203335,2026-06-12,paid_social,Germany,iOS,free,25-34,7.1.0,16.5
u_203336,2026-03-10,organic_search,India,iOS,free,35-44,7.1.0,18.2
u_203337,2026-03-03,influencer,United States,iOS,free,18-24,7.0.0,18.2
u_203338,2026-05-28,organic_search,Brazil,Android,free,18-24,7.0.1,13
u_203339,2026-05-24,app_store_browse,Saudi Arabia,Web,free,18-24,6.9.0,n/a
u_203340,2026-06-16,app_store_browse,Germany,iOS,pro_annual,45+,7.0.0,17.0
u_203341,2026-05-24,paid_search,United States,Web,free,35-44,7.0.0,n/a
u_203342,2026-04-05,organic_search,United States,iOS,free,18-24,6.8.0,18.0
u_203343,2026-03-31,paid_social,United States,iOS,free,35-44,7.0.0,17.4
u_203344,2026-05-08,paid_social,United States,Android,free,18-24,7.1.0,14
u_203345,2026-04-27,app_store_browse,Turkey,iOS,free,25-34,7.0.1,17.0
u_203346,2026-04-26,influencer,India,Android,pro_monthly,18-24,7.1.0,13
u_203347,2026-03-17,paid_search,Brazil,Android,pro_annual,25-34,6.8.0,12
u_203348,2026-03-03,paid_search,Pakistan,iOS,free,25-34,7.0.1,17.0
u_203349,2026-05-27,paid_social,United States,Android,free,25-34,6.9.2,13
u_203350,2026-04-26,app_store_browse,India,Android,pro_monthly,18-24,6.8.0,14
u_203351,2026-06-17,organic_search,United States,Android,pro_monthly,25-34,6.8.0,12
u_203352,2026-03-28,app_store_browse,United States,Web,pro_monthly,25-34,7.1.0,n/a
u_203353,2026-05-13,organic_search,Indonesia,iOS,free,25-34,7.0.1,17.0
u_203354,2026-04-06,paid_search,Indonesia,Android,free,25-34,6.8.0,13
u_203355,2026-06-17,paid_search,United Arab Emirates,Web,free,45+,6.8.0,n/a
u_203356,2026-05-03,paid_social,United Kingdom,Android,free,25-34,6.9.2,13
u_203357,2026-05-16,paid_search,United Arab Emirates,iOS,free,25-34,6.9.2,18.0
u_203358,2026-05-24,influencer,Brazil,Android,free,13-17,7.0.0,12
u_203359,2026-06-03,referral,United Arab Emirates,iOS,free,35-44,7.0.1,18.2
u_203360,2026-05-16,organic_search,Turkey,iOS,free,25-34,6.9.0,18.2
u_203361,2026-06-04,app_store_browse,United States,iOS,free,35-44,7.1.0,16.5
u_203362,2026-04-02,organic_search,Nigeria,Android,free,25-34,6.9.2,14
u_203363,2026-03-08,organic_search,United Arab Emirates,iOS,free,35-44,7.1.0,18.0
u_203364,2026-05-05,influencer,Turkey,iOS,free,25-34,7.1.0,16.5
u_203365,2026-04-24,paid_social,Pakistan,Android,free,45+,7.0.0,12
u_203366,2026-04-03,paid_social,Indonesia,Android,free,13-17,6.8.0,14
u_203367,2026-05-20,organic_search,India,Web,free,45+,7.0.1,n/a
u_203368,2026-03-15,paid_search,Indonesia,Android,free,25-34,7.1.0,12
u_203369,2026-04-14,app_store_browse,Pakistan,iOS,free,45+,7.0.1,18.2
u_203370,2026-05-03,paid_social,Pakistan,Android,free,18-24,7.1.0,13
u_203371,2026-04-10,influencer,Pakistan,iOS,pro_annual,25-34,7.1.0,18.2
u_203372,2026-03-14,organic_search,Philippines,Android,free,35-44,7.1.0,14
u_203373,2026-04-22,organic_search,Turkey,iOS,pro_monthly,13-17,6.8.0,16.5
u_203374,2026-06-05,paid_social,Saudi Arabia,iOS,pro_monthly,45+,7.1.0,17.4
u_203375,2026-05-17,paid_social,Pakistan,Android,free,18-24,7.0.1,15
u_203376,2026-06-08,paid_social,United States,Web,free,25-34,7.1.0,n/a
u_203377,2026-05-11,app_store_browse,Pakistan,iOS,pro_monthly,35-44,6.8.0,16.5
u_203378,2026-05-03,influencer,Nigeria,Android,free,18-24,7.0.0,13
u_203379,2026-04-08,organic_search,United Kingdom,iOS,free,18-24,7.1.0,17.0
u_203380,2026-05-26,paid_social,Brazil,iOS,free,25-34,6.9.0,18.0
u_203381,2026-03-28,paid_social,United States,Android,free,18-24,7.0.0,14
u_203382,2026-05-25,organic_search,Pakistan,Android,free,18-24,7.0.0,13
u_203383,2026-03-24,influencer,Nigeria,iOS,free,25-34,7.0.1,18.2
u_203384,2026-04-21,organic_search,Germany,Web,free,13-17,7.0.0,n/a
u_203385,2026-04-04,organic_search,United States,Android,pro_annual,25-34,7.0.0,14
u_203386,2026-05-20,organic_search,Germany,Web,free,18-24,7.1.0,n/a
u_203387,2026-06-09,influencer,United Kingdom,Android,free,25-34,7.1.0,14
u_203388,2026-06-07,organic_search,Turkey,Android,free,18-24,7.0.1,14
u_203389,2026-04-25,influencer,Brazil,Android,free,45+,7.0.0,13
u_203390,2026-06-17,organic_search,India,iOS,free,18-24,6.8.0,17.4
u_203391,2026-04-01,organic_search,India,iOS,free,18-24,7.1.0,17.4
u_203392,2026-04-17,influencer,United States,Android,free,18-24,7.1.0,14
u_203393,2026-06-04,paid_social,United States,Android,free,13-17,6.8.0,15
u_203394,2026-05-08,influencer,Brazil,iOS,pro_monthly,45+,6.9.0,17.4
u_203395,2026-04-03,paid_social,Indonesia,Web,free,45+,6.9.2,n/a
u_203396,2026-06-08,influencer,United Arab Emirates,iOS,free,18-24,7.0.1,17.0
u_203397,2026-04-21,influencer,Brazil,iOS,free,18-24,7.0.1,16.5
u_203398,2026-06-03,paid_social,Saudi Arabia,Android,free,25-34,7.1.0,12
u_203399,2026-06-09,influencer,Nigeria,Web,enterprise,13-17,7.1.0,n/a
u_203400,2026-05-01,paid_social,United States,iOS,free,25-34,7.0.0,16.5
u_203401,2026-04-01,paid_search,Pakistan,Android,free,25-34,7.0.1,14
u_203402,2026-03-04,organic_search,United Arab Emirates,iOS,pro_monthly,18-24,6.9.0,18.0
u_203403,2026-03-23,organic_search,Turkey,iOS,free,25-34,7.1.0,17.4
u_203404,2026-03-07,paid_search,Germany,Android,pro_annual,35-44,7.0.1,14
u_203405,2026-03-27,paid_social,United States,iOS,free,18-24,7.0.1,18.2
u_203406,2026-03-17,paid_search,Indonesia,iOS,free,18-24,7.1.0,16.5
u_203407,2026-06-06,influencer,India,Android,pro_monthly,18-24,7.0.1,14
u_203408,2026-03-02,organic_search,United Kingdom,Android,free,25-34,7.1.0,13
u_203409,2026-04-15,paid_social,India,Android,free,45+,7.0.0,15
u_203410,2026-06-02,organic_search,India,Android,free,25-34,7.1.0,15
u_203411,2026-03-04,organic_search,United Kingdom,Web,free,13-17,7.0.0,n/a
u_203412,2026-06-20,paid_search,United Kingdom,Web,free,25-34,7.0.1,n/a
u_203413,2026-03-22,organic_search,Pakistan,iOS,free,35-44,6.9.0,17.0
u_203414,2026-04-16,referral,India,Web,free,18-24,7.0.1,n/a
u_203415,2026-06-07,paid_social,Turkey,iOS,pro_monthly,25-34,6.9.0,17.4
u_203416,2026-04-19,paid_social,Turkey,Android,free,18-24,7.1.0,15
u_203417,2026-03-07,influencer,India,Android,free,18-24,7.0.1,14
u_203418,2026-05-08,paid_search,Nigeria,iOS,free,45+,6.9.2,18.0
u_203419,2026-03-14,paid_social,United Arab Emirates,Android,free,18-24,7.0.1,14
u_203420,2026-03-28,paid_social,United Arab Emirates,iOS,free,45+,7.0.0,17.4
u_203421,2026-03-06,organic_search,Saudi Arabia,Android,free,25-34,7.0.1,14
u_203422,2026-04-09,app_store_browse,Pakistan,iOS,free,35-44,7.1.0,18.0
u_203423,2026-05-16,referral,India,iOS,free,35-44,7.1.0,18.0
u_203424,2026-03-01,paid_social,Indonesia,iOS,pro_monthly,18-24,7.1.0,17.0
u_203425,2026-03-15,paid_social,United Kingdom,Web,free,13-17,7.1.0,n/a
u_203426,2026-05-09,paid_social,Indonesia,Web,pro_annual,25-34,7.0.0,n/a
u_203427,2026-05-07,organic_search,United States,Android,free,25-34,7.0.0,15
u_203428,2026-03-05,paid_social,United Kingdom,iOS,free,45+,7.1.0,18.2
u_203429,2026-06-03,influencer,United States,Android,free,25-34,7.0.1,14
u_203430,2026-04-16,referral,United States,Android,free,18-24,7.0.0,12
u_203431,2026-03-12,influencer,Indonesia,Android,free,18-24,7.1.0,14
u_203432,2026-06-14,app_store_browse,Saudi Arabia,Android,free,18-24,7.1.0,13
u_203433,2026-06-14,app_store_browse,Indonesia,Android,pro_monthly,18-24,7.0.1,14
u_203434,2026-06-14,paid_social,United States,Android,free,35-44,7.0.1,12
u_203435,2026-05-18,paid_search,Pakistan,Android,free,25-34,7.1.0,12
u_203436,2026-03-06,influencer,Pakistan,Web,free,25-34,7.1.0,n/a
u_203437,2026-04-28,organic_search,India,Android,free,35-44,7.0.0,14
u_203438,2026-03-21,influencer,United Kingdom,Android,pro_monthly,18-24,7.1.0,15
u_203439,2026-06-07,organic_search,Pakistan,Web,free,18-24,7.0.1,n/a
u_203440,2026-03-07,app_store_browse,United States,Android,free,18-24,7.0.0,13
u_203441,2026-05-06,organic_search,United Kingdom,iOS,free,45+,7.0.0,17.4
u_203442,2026-04-13,paid_search,United Arab Emirates,Android,free,25-34,7.1.0,13
u_203443,2026-05-09,paid_social,Philippines,Android,free,45+,7.1.0,14
u_203444,2026-06-06,paid_social,Brazil,iOS,free,25-34,7.0.0,17.4
u_203445,2026-05-27,paid_search,India,Android,pro_monthly,18-24,7.1.0,14
u_203446,2026-06-12,influencer,United States,Android,pro_annual,18-24,7.1.0,12
u_203447,2026-04-21,organic_search,United States,Web,free,18-24,6.9.0,n/a
u_203448,2026-03-11,paid_social,United Kingdom,iOS,free,18-24,7.1.0,17.4
u_203449,2026-04-17,organic_search,India,Android,free,35-44,7.0.1,12
u_203450,2026-04-18,paid_social,Saudi Arabia,Android,free,25-34,7.0.1,13
u_203451,2026-04-12,organic_search,Pakistan,Android,pro_monthly,25-34,7.0.0,13
u_203452,2026-04-11,organic_search,Saudi Arabia,iOS,free,25-34,7.0.1,18.2
u_203453,2026-06-05,paid_search,Philippines,Android,free,35-44,6.9.2,14
u_203454,2026-04-01,organic_search,United Kingdom,Android,free,35-44,6.8.0,15
u_203455,2026-03-01,organic_search,Saudi Arabia,iOS,free,25-34,6.9.0,17.0
u_203456,2026-03-01,paid_search,Indonesia,iOS,free,25-34,7.0.1,16.5
u_203457,2026-05-17,app_store_browse,India,Android,free,18-24,7.0.0,15
u_203458,2026-05-11,paid_social,Indonesia,iOS,pro_monthly,18-24,7.0.0,17.4
u_203459,2026-05-23,paid_search,India,Android,free,18-24,7.0.1,14
u_203460,2026-06-06,organic_search,United Arab Emirates,Web,free,25-34,7.0.1,n/a
u_203461,2026-05-19,paid_social,Indonesia,Android,pro_monthly,35-44,7.1.0,15
u_203462,2026-03-21,organic_search,Pakistan,iOS,free,35-44,7.0.0,18.2
u_203463,2026-03-23,paid_social,Germany,Android,free,25-34,6.8.0,14
u_203464,2026-04-12,referral,India,iOS,free,35-44,6.9.2,16.5
u_203465,2026-04-09,referral,United Kingdom,iOS,free,45+,7.1.0,17.0
u_203466,2026-04-12,paid_search,United Kingdom,Android,free,45+,7.0.1,15
u_203467,2026-04-26,referral,Pakistan,iOS,free,13-17,7.1.0,17.4
u_203468,2026-05-17,paid_search,Philippines,Android,pro_monthly,35-44,7.0.1,14
u_203469,2026-03-08,organic_search,Saudi Arabia,iOS,free,18-24,6.8.0,18.2
u_203470,2026-03-12,paid_social,Indonesia,Android,free,18-24,7.1.0,15
u_203471,2026-05-22,influencer,India,Web,free,18-24,7.1.0,n/a
u_203472,2026-06-18,organic_search,Nigeria,Android,pro_monthly,18-24,7.1.0,15
u_203473,2026-05-16,organic_search,India,Web,free,18-24,7.1.0,n/a
u_203474,2026-03-23,influencer,United Arab Emirates,iOS,free,18-24,6.9.2,18.2
u_203475,2026-03-05,paid_social,Turkey,Web,free,25-34,7.0.1,n/a
u_203476,2026-03-12,app_store_browse,India,Web,free,25-34,7.1.0,n/a
u_203477,2026-06-06,paid_social,United States,iOS,pro_monthly,18-24,7.1.0,17.4
u_203478,2026-03-05,paid_search,United States,Web,free,25-34,7.1.0,n/a
u_203479,2026-03-21,paid_social,United Arab Emirates,iOS,free,18-24,7.1.0,17.0
u_203480,2026-06-03,influencer,Turkey,Android,free,18-24,6.8.0,13
u_203481,2026-04-26,organic_search,United Arab Emirates,Web,free,25-34,6.8.0,n/a
u_203482,2026-03-12,organic_search,United Arab Emirates,Web,free,25-34,7.1.0,n/a
u_203483,2026-04-24,influencer,Pakistan,Android,free,35-44,7.1.0,15
u_203484,2026-03-29,app_store_browse,Germany,iOS,free,35-44,7.1.0,18.2
u_203485,2026-04-10,influencer,United States,iOS,free,25-34,7.1.0,18.2
u_203486,2026-03-26,influencer,Saudi Arabia,Android,free,25-34,7.0.1,15
u_203487,2026-05-10,referral,Nigeria,Android,free,18-24,7.0.1,14
u_203488,2026-05-07,organic_search,United States,iOS,pro_monthly,45+,7.0.1,16.5
u_203489,2026-04-07,organic_search,Turkey,iOS,pro_monthly,35-44,6.9.2,18.0
u_203490,2026-03-07,paid_social,United States,Web,free,45+,7.0.1,n/a
u_203491,2026-03-01,paid_social,Indonesia,Android,free,25-34,6.9.0,12
u_203492,2026-04-22,organic_search,Pakistan,iOS,free,25-34,6.9.0,16.5
u_203493,2026-05-29,influencer,Pakistan,Android,free,35-44,7.0.0,13
u_203494,2026-03-20,organic_search,United Kingdom,Android,free,35-44,7.1.0,14
u_203495,2026-05-02,influencer,Pakistan,iOS,free,35-44,6.9.2,17.4
u_203496,2026-03-14,paid_search,Pakistan,Web,free,25-34,7.1.0,n/a
u_203497,2026-06-12,paid_social,Nigeria,Android,free,18-24,7.0.1,12
u_203498,2026-05-30,paid_social,India,Android,free,25-34,7.1.0,14
u_203499,2026-04-30,app_store_browse,Pakistan,iOS,free,35-44,7.1.0,17.4
u_203500,2026-05-03,paid_social,Brazil,iOS,free,25-34,7.1.0,18.0
u_203501,2026-06-08,influencer,Indonesia,Web,free,18-24,7.0.0,n/a
u_203502,2026-03-29,paid_search,United Arab Emirates,Android,free,35-44,7.1.0,14
u_203503,2026-05-15,paid_social,Turkey,Android,free,18-24,7.0.0,14
u_203504,2026-04-02,paid_social,India,Android,pro_monthly,25-34,7.1.0,14
u_203505,2026-05-29,organic_search,United States,Android,free,25-34,6.9.0,13
u_203506,2026-05-17,influencer,Pakistan,iOS,free,18-24,7.0.0,16.5
u_203507,2026-04-22,influencer,United Kingdom,iOS,free,18-24,6.9.0,18.2
u_203508,2026-06-16,paid_social,India,Web,free,18-24,6.9.2,n/a
u_203509,2026-06-11,influencer,United States,Android,free,25-34,7.1.0,14
u_203510,2026-06-02,organic_search,Saudi Arabia,Web,pro_annual,18-24,7.1.0,n/a
u_203511,2026-03-25,organic_search,Pakistan,Android,free,18-24,7.1.0,14
u_203512,2026-03-07,paid_search,United States,iOS,pro_monthly,13-17,7.1.0,17.0
u_203513,2026-03-08,organic_search,United States,Web,free,18-24,7.1.0,n/a
u_203514,2026-05-26,paid_search,Turkey,Android,pro_monthly,35-44,6.9.0,12
u_203515,2026-04-17,influencer,India,Android,free,18-24,6.9.0,12
u_203516,2026-05-28,organic_search,Saudi Arabia,Android,free,13-17,6.9.2,15
u_203517,2026-05-20,organic_search,Nigeria,Android,free,35-44,7.0.1,12
u_203518,2026-05-22,app_store_browse,Pakistan,Android,free,25-34,7.1.0,13
u_203519,2026-06-18,paid_search,Germany,iOS,free,45+,7.0.1,16.5
u_203520,2026-04-05,app_store_browse,Nigeria,iOS,free,18-24,7.1.0,17.4
u_203521,2026-04-26,influencer,Pakistan,Android,pro_monthly,25-34,7.0.0,15
u_203522,2026-03-12,paid_social,Brazil,iOS,free,25-34,7.0.0,16.5
u_203523,2026-03-20,referral,Pakistan,Android,free,18-24,7.1.0,13
u_203524,2026-05-28,paid_search,United Arab Emirates,iOS,free,18-24,7.0.1,17.0
u_203525,2026-05-22,organic_search,India,Android,pro_annual,35-44,7.0.1,12
u_203526,2026-06-16,paid_social,Indonesia,iOS,free,35-44,6.9.2,17.4
u_203527,2026-04-20,referral,United States,iOS,free,25-34,7.1.0,17.4
u_203528,2026-03-06,paid_social,Pakistan,Web,free,25-34,7.1.0,n/a
u_203529,2026-03-01,paid_search,Philippines,Web,free,45+,6.9.2,n/a
u_203530,2026-04-26,paid_social,India,Android,free,18-24,7.0.0,13
u_203531,2026-03-01,paid_search,Indonesia,Web,free,18-24,6.9.2,n/a
u_203532,2026-05-10,organic_search,United States,iOS,free,18-24,7.1.0,18.2
u_203533,2026-04-18,referral,Saudi Arabia,Android,pro_monthly,25-34,7.0.0,13
u_203534,2026-05-07,influencer,India,Android,free,18-24,7.1.0,12
u_203535,2026-04-29,paid_search,Indonesia,Android,free,18-24,7.1.0,12
u_203536,2026-05-11,referral,United States,Android,free,25-34,7.1.0,13
u_203537,2026-03-27,app_store_browse,United States,iOS,pro_monthly,45+,6.9.2,17.4
u_203538,2026-05-15,paid_search,Saudi Arabia,iOS,free,13-17,6.9.0,18.2
u_203539,2026-05-29,paid_social,United Kingdom,iOS,free,25-34,7.1.0,18.0
u_203540,2026-04-02,referral,United Kingdom,iOS,free,45+,6.9.2,17.4
u_203541,2026-03-07,paid_search,Germany,Web,free,18-24,7.0.1,n/a
u_203542,2026-05-14,paid_social,India,Web,pro_monthly,18-24,6.9.0,n/a
u_203543,2026-03-08,organic_search,Pakistan,Android,enterprise,25-34,7.1.0,14
u_203544,2026-06-12,organic_search,Indonesia,Android,free,18-24,7.0.1,13
u_203545,2026-04-19,paid_social,United Kingdom,Android,free,45+,7.1.0,14
u_203546,2026-05-14,paid_search,Saudi Arabia,Android,free,18-24,7.0.1,15
u_203547,2026-04-24,paid_search,Germany,iOS,free,18-24,7.0.1,16.5
u_203548,2026-06-21,paid_social,Turkey,iOS,free,18-24,7.0.0,18.2
u_203549,2026-03-04,paid_social,United States,Android,free,45+,7.1.0,15
u_203550,2026-05-01,app_store_browse,United States,iOS,free,18-24,7.1.0,17.0
u_203551,2026-03-24,paid_social,Saudi Arabia,Android,free,18-24,6.9.2,14
u_203552,2026-05-08,paid_search,United States,iOS,free,18-24,7.0.0,18.2
u_203553,2026-06-02,app_store_browse,United States,iOS,free,25-34,7.1.0,16.5
u_203554,2026-05-10,paid_social,United Arab Emirates,iOS,free,25-34,6.8.0,16.5
u_203555,2026-05-27,organic_search,Turkey,Android,pro_monthly,25-34,6.8.0,13
u_203556,2026-06-03,paid_social,Germany,Android,pro_annual,35-44,7.0.1,12
u_203557,2026-03-16,influencer,Brazil,Android,free,18-24,7.0.0,12
u_203558,2026-05-01,paid_social,Pakistan,Web,free,18-24,7.0.1,n/a
u_203559,2026-04-08,organic_search,Indonesia,Web,free,35-44,7.0.0,n/a
u_203560,2026-03-27,influencer,United Arab Emirates,iOS,free,13-17,7.1.0,17.4
u_203561,2026-04-13,paid_search,United Kingdom,Android,free,18-24,7.1.0,12
u_203562,2026-04-07,paid_social,Pakistan,iOS,free,35-44,6.9.2,17.0
u_203563,2026-05-21,paid_social,Germany,Web,pro_annual,18-24,7.1.0,n/a
u_203564,2026-04-28,referral,Pakistan,iOS,free,18-24,6.9.0,17.4
u_203565,2026-05-27,paid_social,United States,Web,free,45+,6.8.0,n/a
u_203566,2026-05-10,organic_search,Pakistan,Web,free,18-24,7.1.0,n/a
u_203567,2026-04-20,influencer,India,Web,free,18-24,6.9.2,n/a
u_203568,2026-04-16,paid_social,United Arab Emirates,iOS,free,35-44,7.1.0,16.5
u_203569,2026-04-02,paid_search,United States,Android,free,25-34,6.9.0,12
u_203570,2026-03-31,app_store_browse,Brazil,Web,enterprise,18-24,7.0.1,n/a
u_203571,2026-04-25,organic_search,India,Web,free,13-17,7.1.0,n/a
u_203572,2026-06-01,paid_social,Turkey,Android,free,35-44,7.0.1,15
u_203573,2026-03-04,referral,Pakistan,iOS,free,18-24,7.0.1,16.5
u_203574,2026-06-13,influencer,Turkey,iOS,free,25-34,7.1.0,16.5
u_203575,2026-06-21,paid_search,Brazil,Web,free,25-34,7.1.0,n/a
u_203576,2026-04-12,organic_search,Pakistan,Web,free,35-44,7.1.0,n/a
u_203577,2026-04-23,organic_search,Turkey,iOS,free,25-34,6.9.2,18.0
u_203578,2026-05-09,influencer,India,Web,free,13-17,6.8.0,n/a
u_203579,2026-05-18,paid_search,India,Web,pro_monthly,25-34,7.1.0,n/a
u_203580,2026-05-15,paid_social,Pakistan,iOS,free,25-34,7.0.0,18.0
u_203581,2026-06-02,paid_search,Saudi Arabia,iOS,free,35-44,7.1.0,17.4
u_203582,2026-03-29,paid_search,Nigeria,Android,free,25-34,7.0.1,12
u_203583,2026-03-05,paid_social,Indonesia,Android,free,45+,7.0.1,13
u_203584,2026-04-28,app_store_browse,United States,Web,enterprise,35-44,7.1.0,n/a
u_203585,2026-03-18,paid_search,Pakistan,iOS,free,35-44,7.1.0,18.2
u_203586,2026-03-18,paid_social,Turkey,Android,free,25-34,6.9.2,14
u_203587,2026-05-22,influencer,India,iOS,pro_annual,13-17,6.9.2,16.5
u_203588,2026-06-11,influencer,United Kingdom,Web,free,18-24,7.0.0,n/a
u_203589,2026-05-04,app_store_browse,Pakistan,Web,free,18-24,6.9.2,n/a
u_203590,2026-04-01,paid_social,India,iOS,free,45+,6.9.0,17.4
u_203591,2026-03-15,paid_social,India,Web,free,25-34,7.0.1,n/a
u_203592,2026-03-18,referral,United Kingdom,Web,free,45+,7.1.0,n/a
u_203593,2026-05-03,paid_social,Brazil,Android,free,25-34,7.1.0,15
u_203594,2026-04-03,paid_social,United States,Web,pro_monthly,18-24,7.1.0,n/a
u_203595,2026-05-13,referral,Nigeria,iOS,free,25-34,7.0.1,18.2
u_203596,2026-05-02,paid_social,United Kingdom,Android,free,18-24,7.0.1,15
u_203597,2026-05-31,influencer,United Kingdom,Android,free,13-17,6.9.2,13
u_203598,2026-04-25,organic_search,United Kingdom,Android,free,13-17,6.9.2,13
u_203599,2026-05-27,influencer,Germany,Android,free,25-34,7.1.0,14
u_203600,2026-05-21,organic_search,Saudi Arabia,iOS,pro_monthly,18-24,7.0.0,18.2
u_203601,2026-06-07,organic_search,United Kingdom,iOS,pro_annual,35-44,6.9.2,17.0
u_203602,2026-03-29,paid_social,United Arab Emirates,iOS,free,18-24,7.0.1,18.0
u_203603,2026-03-20,organic_search,Philippines,Android,free,35-44,7.1.0,13
u_203604,2026-05-04,referral,Turkey,iOS,free,25-34,7.1.0,16.5
u_203605,2026-05-07,paid_search,United Kingdom,iOS,free,25-34,7.0.1,16.5
u_203606,2026-05-30,organic_search,Philippines,Android,free,18-24,7.0.0,12
u_203607,2026-05-10,paid_search,Indonesia,Android,free,25-34,6.9.0,14
u_203608,2026-05-13,paid_social,United States,iOS,pro_monthly,18-24,7.0.0,16.5
u_203609,2026-05-29,app_store_browse,Indonesia,iOS,free,18-24,7.0.1,18.0
u_203610,2026-03-02,influencer,United States,iOS,free,13-17,7.1.0,18.0
u_203611,2026-05-12,app_store_browse,United States,Android,free,35-44,7.0.0,14
u_203612,2026-04-12,influencer,Philippines,Web,free,13-17,7.0.1,n/a
u_203613,2026-05-10,paid_social,India,Android,free,18-24,7.0.0,14
u_203614,2026-06-16,organic_search,India,iOS,free,35-44,6.8.0,17.4
u_203615,2026-05-10,influencer,Germany,Android,free,18-24,7.0.1,14
u_203616,2026-03-15,organic_search,United States,Web,pro_monthly,18-24,7.1.0,n/a
u_203617,2026-03-26,influencer,Nigeria,iOS,free,45+,7.1.0,16.5
u_203618,2026-03-07,app_store_browse,Pakistan,Android,free,35-44,7.1.0,15
u_203619,2026-04-05,organic_search,Turkey,Android,pro_monthly,25-34,6.9.0,12
u_203620,2026-03-17,organic_search,Brazil,Android,pro_monthly,18-24,7.1.0,12
u_203621,2026-06-15,influencer,Germany,iOS,free,18-24,7.1.0,17.0
u_203622,2026-05-07,app_store_browse,Indonesia,Android,free,25-34,7.0.0,15
u_203623,2026-03-20,influencer,India,Web,free,18-24,7.1.0,n/a
u_203624,2026-06-11,influencer,Brazil,iOS,free,25-34,7.1.0,18.2
u_203625,2026-03-01,paid_social,India,iOS,free,18-24,7.1.0,17.4
u_203626,2026-06-13,influencer,Saudi Arabia,Android,pro_monthly,35-44,7.1.0,12
u_203627,2026-04-20,paid_social,United Arab Emirates,Android,free,18-24,7.1.0,12
u_203628,2026-06-16,paid_social,Nigeria,iOS,free,25-34,7.0.1,18.0
u_203629,2026-03-28,paid_social,Pakistan,Web,free,25-34,7.0.0,n/a
u_203630,2026-04-19,paid_social,United States,Android,free,18-24,7.0.1,12
u_203631,2026-06-13,influencer,Brazil,Android,free,18-24,7.1.0,14
u_203632,2026-06-11,paid_social,Pakistan,iOS,pro_monthly,13-17,6.9.2,18.2
u_203633,2026-06-21,paid_social,United States,Web,free,18-24,7.1.0,n/a
u_203634,2026-04-28,paid_social,Philippines,Web,free,35-44,6.9.2,n/a
u_203635,2026-06-07,paid_social,Germany,Web,free,25-34,6.9.2,n/a
u_203636,2026-06-15,organic_search,United Kingdom,iOS,free,25-34,7.1.0,18.0
u_203637,2026-03-27,influencer,United Kingdom,iOS,free,18-24,6.9.2,18.2
u_203638,2026-04-13,influencer,Germany,Android,free,13-17,7.1.0,12
u_203639,2026-06-12,paid_social,Pakistan,iOS,free,18-24,6.9.2,16.5
u_203640,2026-06-18,paid_search,Indonesia,Android,free,45+,7.0.1,13
u_203641,2026-03-10,referral,Pakistan,Android,free,18-24,7.1.0,14
u_203642,2026-06-11,influencer,India,Android,pro_monthly,45+,7.1.0,12
u_203643,2026-03-14,influencer,United Arab Emirates,Android,free,18-24,7.1.0,12
u_203644,2026-05-01,organic_search,Pakistan,Android,pro_monthly,25-34,7.0.0,14
u_203645,2026-06-02,influencer,Indonesia,Android,pro_monthly,18-24,7.1.0,15
u_203646,2026-04-20,influencer,Pakistan,iOS,free,25-34,7.0.1,18.2
u_203647,2026-04-24,referral,Pakistan,Android,free,25-34,7.0.1,13
u_203648,2026-05-10,organic_search,Turkey,iOS,free,25-34,7.0.1,18.2
u_203649,2026-05-29,organic_search,United States,Android,free,18-24,7.0.1,13
u_203650,2026-05-14,referral,United Kingdom,Android,pro_monthly,18-24,7.1.0,15
u_203651,2026-04-28,referral,Saudi Arabia,Android,free,35-44,6.9.0,12
u_203652,2026-05-17,influencer,Nigeria,Web,free,13-17,7.1.0,n/a
u_203653,2026-06-09,paid_social,United Kingdom,Web,pro_annual,35-44,7.1.0,n/a
u_203654,2026-03-31,paid_search,Germany,iOS,free,25-34,7.0.0,17.0
u_203655,2026-03-01,referral,Saudi Arabia,Android,free,25-34,7.0.0,14
u_203656,2026-04-24,paid_social,United Kingdom,iOS,free,18-24,6.9.2,17.4
u_203657,2026-03-18,paid_social,Turkey,Android,free,25-34,7.1.0,12
u_203658,2026-05-05,app_store_browse,United States,Android,free,18-24,7.1.0,12
u_203659,2026-05-08,influencer,India,Android,free,18-24,7.0.1,15
u_203660,2026-06-16,paid_search,Brazil,iOS,free,18-24,7.0.1,18.0
u_203661,2026-06-06,app_store_browse,Brazil,iOS,free,18-24,6.8.0,16.5
u_203662,2026-04-22,influencer,United Kingdom,Android,pro_monthly,45+,7.0.1,13
u_203663,2026-04-23,app_store_browse,Pakistan,Android,pro_monthly,25-34,7.1.0,15
u_203664,2026-04-21,paid_social,United Arab Emirates,iOS,free,18-24,7.0.1,17.4
u_203665,2026-04-23,organic_search,India,Android,free,25-34,6.9.0,14
u_203666,2026-06-02,influencer,Turkey,iOS,pro_annual,35-44,6.9.0,18.2
u_203667,2026-03-12,organic_search,Indonesia,iOS,free,35-44,7.0.1,18.0
u_203668,2026-05-15,influencer,Pakistan,Android,free,45+,6.8.0,13
u_203669,2026-06-01,referral,Brazil,iOS,free,18-24,6.9.0,17.0
u_203670,2026-03-01,paid_search,United States,Android,free,18-24,7.0.0,12
u_203671,2026-04-21,organic_search,Turkey,Android,free,18-24,7.1.0,14
u_203672,2026-06-12,paid_search,United States,iOS,free,18-24,6.9.2,17.0
u_203673,2026-06-20,paid_search,United Kingdom,iOS,free,45+,7.0.0,18.2
u_203674,2026-03-02,paid_search,India,Android,pro_annual,45+,7.1.0,15
u_203675,2026-03-20,app_store_browse,Saudi Arabia,Web,free,45+,7.1.0,n/a
u_203676,2026-05-13,referral,United States,Android,free,25-34,7.1.0,12
u_203677,2026-04-22,referral,Saudi Arabia,Android,free,45+,6.8.0,14
u_203678,2026-05-09,paid_social,United States,Web,free,18-24,7.0.1,n/a
u_203679,2026-03-31,paid_social,Nigeria,iOS,free,25-34,7.1.0,17.0
u_203680,2026-05-26,paid_social,Pakistan,iOS,free,25-34,6.8.0,17.4
u_203681,2026-04-24,app_store_browse,India,iOS,pro_annual,25-34,7.0.1,17.0
u_203682,2026-06-21,paid_social,United Arab Emirates,iOS,free,35-44,6.8.0,16.5
u_203683,2026-03-08,organic_search,India,Web,pro_monthly,25-34,7.0.1,n/a
u_203684,2026-05-20,app_store_browse,United Arab Emirates,iOS,pro_annual,18-24,7.0.1,17.0
u_203685,2026-05-31,paid_social,United States,Android,free,13-17,7.0.1,12
u_203686,2026-06-02,paid_social,Pakistan,iOS,enterprise,25-34,7.1.0,18.0
u_203687,2026-03-07,influencer,India,Web,free,18-24,7.1.0,n/a
u_203688,2026-04-09,paid_social,United States,Android,free,25-34,7.0.1,14
u_203689,2026-05-13,organic_search,India,iOS,free,35-44,6.9.2,16.5
u_203690,2026-04-06,app_store_browse,Pakistan,Web,pro_monthly,18-24,7.1.0,n/a
u_203691,2026-05-20,organic_search,United States,Android,free,18-24,7.0.1,12
u_203692,2026-03-13,paid_social,United Arab Emirates,iOS,pro_monthly,35-44,7.0.0,18.0
u_203693,2026-04-20,paid_search,United States,Android,free,13-17,7.1.0,15
u_203694,2026-03-26,app_store_browse,Saudi Arabia,Android,free,25-34,7.0.0,12
u_203695,2026-03-06,referral,United States,Android,free,18-24,7.0.0,14
u_203696,2026-06-09,influencer,India,Web,pro_annual,25-34,6.9.2,n/a
u_203697,2026-06-17,influencer,United Arab Emirates,Android,free,25-34,7.0.1,15
u_203698,2026-05-06,paid_social,Indonesia,Android,free,18-24,7.1.0,15
u_203699,2026-03-07,app_store_browse,Nigeria,iOS,pro_annual,25-34,6.9.2,18.0
u_203700,2026-03-24,influencer,United States,Android,free,35-44,7.1.0,14
u_203701,2026-04-02,paid_search,Philippines,Android,free,18-24,6.9.0,15
u_203702,2026-05-05,referral,Turkey,Android,free,25-34,7.1.0,14
u_203703,2026-03-23,organic_search,Nigeria,Android,free,35-44,7.1.0,14
u_203704,2026-06-06,referral,India,iOS,free,25-34,6.8.0,17.4
u_203705,2026-05-11,influencer,Indonesia,iOS,free,35-44,7.1.0,17.4
u_203706,2026-04-16,app_store_browse,United Arab Emirates,iOS,free,13-17,6.8.0,18.0
u_203707,2026-03-11,organic_search,United States,iOS,free,45+,7.1.0,17.4
u_203708,2026-04-22,influencer,Nigeria,iOS,pro_annual,25-34,7.1.0,17.4
u_203709,2026-03-16,influencer,Pakistan,Android,free,18-24,7.0.0,15
u_203710,2026-03-14,paid_search,Indonesia,iOS,pro_monthly,18-24,6.9.2,17.4
u_203711,2026-06-19,organic_search,Brazil,Android,free,18-24,6.9.2,13
u_203712,2026-03-28,app_store_browse,United Arab Emirates,Android,free,13-17,7.1.0,13
u_203713,2026-04-16,influencer,Germany,Android,free,25-34,7.0.0,14
u_203714,2026-06-14,paid_social,Pakistan,Android,free,25-34,6.9.2,13
u_203715,2026-06-12,paid_social,United Kingdom,Web,free,18-24,7.0.0,n/a
u_203716,2026-04-29,referral,United Kingdom,iOS,free,25-34,6.9.2,17.0
u_203717,2026-05-13,organic_search,United Kingdom,Android,free,35-44,7.1.0,14
u_203718,2026-03-09,paid_social,United Kingdom,iOS,free,25-34,6.8.0,18.0
u_203719,2026-05-16,paid_social,United States,Android,free,13-17,7.1.0,13
u_203720,2026-03-12,app_store_browse,Pakistan,Android,free,18-24,6.9.2,13
u_203721,2026-03-10,paid_social,India,iOS,pro_monthly,18-24,7.1.0,17.4
u_203722,2026-06-19,paid_social,United States,Android,free,25-34,7.1.0,12
u_203723,2026-03-25,influencer,Philippines,iOS,free,25-34,6.8.0,18.2
u_203724,2026-05-17,paid_social,India,Web,free,25-34,6.9.0,n/a
u_203725,2026-04-04,organic_search,Brazil,Android,pro_annual,25-34,7.1.0,12
u_203726,2026-05-13,paid_search,United States,Android,pro_monthly,45+,7.1.0,13
u_203727,2026-06-19,paid_social,United States,Android,free,25-34,7.0.1,15
u_203728,2026-04-08,organic_search,United Kingdom,Web,free,18-24,6.8.0,n/a
u_203729,2026-04-25,referral,Brazil,iOS,free,18-24,7.0.0,17.4
u_203730,2026-06-07,paid_search,Germany,Web,free,25-34,7.1.0,n/a
u_203731,2026-06-03,influencer,Philippines,Android,free,18-24,7.1.0,14
u_203732,2026-03-22,organic_search,Pakistan,iOS,free,25-34,7.1.0,17.0
u_203733,2026-06-17,paid_search,Pakistan,Android,pro_monthly,25-34,7.1.0,14
u_203734,2026-05-06,paid_social,Pakistan,Android,pro_annual,18-24,6.8.0,13
u_203735,2026-03-31,influencer,Indonesia,Android,free,25-34,7.0.0,14
u_203736,2026-03-27,organic_search,United States,Android,pro_monthly,18-24,7.0.1,12
u_203737,2026-05-01,paid_social,India,iOS,free,35-44,7.0.1,18.2
u_203738,2026-05-05,organic_search,United States,Android,free,18-24,7.1.0,14
u_203739,2026-03-25,influencer,United Kingdom,Android,free,35-44,7.0.1,12
u_203740,2026-04-21,app_store_browse,Brazil,Android,free,18-24,7.0.1,15
u_203741,2026-04-30,app_store_browse,Pakistan,iOS,pro_annual,45+,7.0.1,17.0
u_203742,2026-05-06,organic_search,Saudi Arabia,Android,free,18-24,7.0.0,15
u_203743,2026-05-25,organic_search,United States,iOS,free,25-34,7.1.0,18.2
u_203744,2026-05-17,organic_search,India,Web,pro_monthly,18-24,7.1.0,n/a
u_203745,2026-05-12,referral,United Kingdom,iOS,free,13-17,7.1.0,16.5
u_203746,2026-06-07,paid_search,United Arab Emirates,Web,free,25-34,7.1.0,n/a
u_203747,2026-03-05,app_store_browse,Germany,iOS,free,45+,7.1.0,18.2
u_203748,2026-06-19,influencer,Nigeria,iOS,free,25-34,7.1.0,18.0
u_203749,2026-04-17,influencer,Turkey,Web,free,25-34,7.0.0,n/a
u_203750,2026-03-08,paid_social,United States,Android,free,18-24,7.0.1,12
u_203751,2026-03-30,paid_social,India,Web,pro_monthly,18-24,6.9.0,n/a
u_203752,2026-05-07,app_store_browse,United States,iOS,free,18-24,7.0.0,18.0
u_203753,2026-06-17,paid_social,United States,Android,free,25-34,6.8.0,13
u_203754,2026-04-27,influencer,Philippines,Android,pro_annual,25-34,7.0.1,12
u_203755,2026-05-08,organic_search,United Kingdom,Web,free,18-24,6.9.0,n/a
u_203756,2026-04-10,paid_social,Pakistan,Android,free,18-24,6.9.2,13
u_203757,2026-04-23,paid_search,Turkey,iOS,pro_monthly,45+,6.9.2,16.5
u_203758,2026-05-31,paid_search,Philippines,Web,free,35-44,7.1.0,n/a
u_203759,2026-05-08,organic_search,Philippines,Web,free,25-34,7.1.0,n/a
u_203760,2026-04-19,organic_search,India,iOS,free,25-34,7.1.0,18.0
u_203761,2026-06-18,paid_search,India,Android,free,35-44,7.1.0,14
u_203762,2026-04-25,organic_search,Germany,Web,free,45+,6.9.0,n/a
u_203763,2026-03-27,referral,United States,iOS,free,18-24,7.1.0,18.0
u_203764,2026-05-13,organic_search,Germany,iOS,free,18-24,6.9.2,16.5
u_203765,2026-06-20,paid_social,Nigeria,Android,free,35-44,7.1.0,13
u_203766,2026-05-30,organic_search,Nigeria,Android,free,25-34,7.0.1,12
u_203767,2026-03-20,organic_search,Turkey,iOS,free,18-24,7.1.0,18.0
u_203768,2026-04-19,influencer,Pakistan,iOS,enterprise,25-34,7.0.1,17.0
u_203769,2026-03-29,paid_social,United States,iOS,free,35-44,7.0.1,17.4
u_203770,2026-05-25,paid_search,Germany,iOS,free,25-34,6.8.0,17.4
u_203771,2026-06-06,organic_search,United States,iOS,free,45+,7.1.0,16.5
u_203772,2026-06-08,paid_social,Saudi Arabia,Android,free,25-34,7.0.1,14
u_203773,2026-05-06,paid_social,Pakistan,iOS,free,25-34,7.1.0,17.4
u_203774,2026-06-07,paid_social,Pakistan,iOS,free,35-44,7.0.1,17.0
u_203775,2026-06-17,paid_social,Germany,iOS,free,45+,7.0.1,17.0
u_203776,2026-05-02,app_store_browse,Pakistan,Android,free,18-24,6.8.0,14
u_203777,2026-06-10,paid_search,Nigeria,Android,free,35-44,7.1.0,15
u_203778,2026-03-09,paid_search,Pakistan,Android,free,35-44,7.1.0,13
u_203779,2026-06-21,paid_social,India,Android,free,25-34,7.0.1,12
u_203780,2026-06-14,organic_search,Germany,Android,pro_monthly,25-34,6.9.0,14
u_203781,2026-05-13,paid_search,United Arab Emirates,iOS,free,35-44,7.0.0,18.0
u_203782,2026-03-23,organic_search,United States,Android,pro_monthly,35-44,7.0.0,14
u_203783,2026-05-16,paid_search,United States,iOS,pro_monthly,18-24,7.0.0,16.5
u_203784,2026-04-12,paid_search,United States,Web,free,25-34,7.1.0,n/a
u_203785,2026-03-03,paid_search,Saudi Arabia,Android,pro_monthly,45+,6.9.2,12
u_203786,2026-05-03,referral,India,Android,pro_annual,35-44,7.0.0,12
u_203787,2026-06-12,app_store_browse,Turkey,Web,free,45+,6.9.0,n/a
u_203788,2026-06-06,paid_social,India,Android,free,35-44,7.1.0,15
u_203789,2026-05-26,organic_search,United States,iOS,free,25-34,7.1.0,18.2
u_203790,2026-05-31,organic_search,Pakistan,iOS,free,25-34,6.9.2,16.5
u_203791,2026-04-11,paid_social,United Arab Emirates,Android,free,18-24,7.1.0,14
u_203792,2026-05-03,referral,Pakistan,iOS,free,18-24,7.1.0,17.0
u_203793,2026-05-13,influencer,Pakistan,iOS,free,35-44,6.9.2,17.4
u_203794,2026-05-06,referral,United Kingdom,Android,pro_annual,25-34,7.0.0,14
u_203795,2026-04-22,paid_social,India,Android,free,13-17,7.0.1,12
u_203796,2026-03-29,influencer,United States,Android,pro_annual,18-24,7.1.0,14
u_203797,2026-03-01,influencer,Pakistan,Android,free,25-34,7.0.0,13
u_203798,2026-04-13,influencer,Indonesia,Android,free,45+,7.1.0,14
u_203799,2026-05-23,paid_search,United States,Web,free,18-24,7.0.1,n/a
u_203800,2026-04-22,referral,Philippines,Web,free,25-34,6.9.2,n/a
u_203801,2026-03-30,influencer,Pakistan,Web,free,25-34,7.0.0,n/a
u_203802,2026-04-10,paid_search,India,iOS,free,13-17,6.9.0,18.0
u_203803,2026-06-01,organic_search,Pakistan,iOS,free,18-24,7.0.1,16.5
u_203804,2026-03-10,app_store_browse,Pakistan,iOS,free,18-24,7.1.0,18.2
u_203805,2026-06-15,organic_search,India,Web,free,45+,7.0.0,n/a
u_203806,2026-06-12,referral,United States,Android,free,18-24,7.1.0,13
u_203807,2026-05-11,paid_search,Indonesia,iOS,free,18-24,7.1.0,18.0
u_203808,2026-06-18,organic_search,Indonesia,Android,free,18-24,7.1.0,12
u_203809,2026-05-12,referral,United States,Android,pro_monthly,18-24,6.9.2,14
u_203810,2026-05-24,paid_social,United Kingdom,iOS,free,18-24,7.1.0,18.0
u_203811,2026-06-16,paid_social,India,Web,free,45+,6.9.2,n/a
u_203812,2026-03-03,paid_social,Indonesia,Web,free,25-34,7.0.0,n/a
u_203813,2026-04-16,paid_search,Saudi Arabia,iOS,free,18-24,6.9.2,17.4
u_203814,2026-04-19,organic_search,India,Android,free,18-24,6.9.2,13
u_203815,2026-03-14,app_store_browse,United Kingdom,Android,free,18-24,6.9.2,14
u_203816,2026-05-23,paid_social,United States,Android,free,25-34,6.8.0,13
u_203817,2026-05-25,paid_social,United Kingdom,iOS,free,25-34,7.0.1,17.0
u_203818,2026-06-17,influencer,United States,iOS,pro_annual,25-34,7.0.1,18.2
u_203819,2026-05-17,paid_social,India,Android,free,18-24,7.0.1,14
u_203820,2026-03-13,organic_search,United Kingdom,iOS,free,18-24,7.1.0,18.0
u_203821,2026-05-12,paid_search,India,Android,free,13-17,7.0.1,12
u_203822,2026-04-23,influencer,Pakistan,Android,free,18-24,7.1.0,12
u_203823,2026-03-26,app_store_browse,Indonesia,iOS,free,25-34,7.0.1,18.2
u_203824,2026-03-07,paid_social,United Arab Emirates,iOS,pro_monthly,25-34,7.1.0,18.0
u_203825,2026-03-10,paid_social,Brazil,Web,free,45+,7.0.1,n/a
u_203826,2026-06-12,paid_search,United States,Android,free,13-17,7.0.0,13
u_203827,2026-05-31,paid_social,Indonesia,Android,free,35-44,7.0.1,13
u_203828,2026-05-18,influencer,United States,Android,free,25-34,6.8.0,14
u_203829,2026-05-23,organic_search,Nigeria,iOS,free,35-44,7.1.0,18.2
u_203830,2026-05-03,paid_social,Pakistan,Android,free,25-34,7.1.0,13
u_203831,2026-04-05,organic_search,Pakistan,iOS,free,35-44,6.8.0,17.4
u_203832,2026-03-18,influencer,United States,Android,free,25-34,7.1.0,13
u_203833,2026-03-04,paid_social,Pakistan,Android,free,35-44,7.1.0,14
u_203834,2026-04-18,paid_social,United Arab Emirates,iOS,free,18-24,7.0.1,17.4
u_203835,2026-03-24,influencer,United States,Android,free,25-34,7.0.1,14
u_203836,2026-03-20,organic_search,United Arab Emirates,Android,free,25-34,6.8.0,14
u_203837,2026-05-20,app_store_browse,Pakistan,iOS,free,18-24,7.0.1,18.2
u_203838,2026-06-15,paid_social,Germany,iOS,free,18-24,7.1.0,18.0
u_203839,2026-04-11,organic_search,Turkey,iOS,free,35-44,7.0.0,18.0
u_203840,2026-04-16,influencer,United States,Web,pro_monthly,18-24,7.1.0,n/a
u_203841,2026-04-08,app_store_browse,United Arab Emirates,Android,free,35-44,6.9.2,15
u_203842,2026-03-27,paid_social,United States,Android,enterprise,18-24,7.1.0,13
u_203843,2026-05-06,organic_search,Philippines,Android,free,25-34,7.1.0,12
u_203844,2026-05-06,paid_social,Saudi Arabia,iOS,free,25-34,7.0.0,16.5
u_203845,2026-04-17,paid_social,United States,Web,pro_annual,35-44,7.1.0,n/a
u_203846,2026-05-25,organic_search,United States,Web,pro_monthly,18-24,7.1.0,n/a
u_203847,2026-04-27,paid_social,Pakistan,Android,free,25-34,7.0.0,12
u_203848,2026-03-03,organic_search,Pakistan,iOS,free,35-44,7.1.0,16.5
u_203849,2026-03-15,organic_search,Turkey,Web,free,18-24,7.1.0,n/a
u_203850,2026-06-02,organic_search,India,Android,free,25-34,6.8.0,13
u_203851,2026-04-13,referral,United Arab Emirates,iOS,free,35-44,7.0.1,17.4
u_203852,2026-05-30,paid_social,Indonesia,iOS,free,25-34,7.1.0,17.0
u_203853,2026-06-09,paid_search,United States,Web,free,25-34,6.9.0,n/a
u_203854,2026-05-21,paid_search,India,iOS,free,25-34,6.9.2,17.0
u_203855,2026-05-24,organic_search,United Arab Emirates,iOS,free,25-34,7.1.0,17.0
u_203856,2026-03-30,paid_social,United States,Android,pro_annual,45+,6.8.0,14
u_203857,2026-04-28,paid_social,United States,Web,free,18-24,7.0.1,n/a
u_203858,2026-03-11,paid_social,Turkey,iOS,pro_monthly,25-34,7.0.1,17.4
u_203859,2026-06-12,paid_social,United States,iOS,free,35-44,7.0.1,17.4
u_203860,2026-06-09,influencer,Nigeria,iOS,free,18-24,7.0.1,17.0
u_203861,2026-06-08,influencer,Philippines,iOS,free,35-44,6.8.0,18.0
u_203862,2026-05-04,organic_search,United States,Android,free,25-34,7.1.0,14
u_203863,2026-03-06,organic_search,Pakistan,Android,free,18-24,7.0.1,12
u_203864,2026-03-16,paid_social,United Kingdom,Web,free,25-34,6.9.2,n/a
u_203865,2026-05-06,paid_social,Philippines,iOS,free,35-44,7.0.1,18.2
u_203866,2026-03-17,organic_search,United States,Android,free,45+,7.1.0,14
u_203867,2026-04-22,paid_search,United States,Android,free,13-17,7.0.1,15
u_203868,2026-04-07,paid_search,Pakistan,iOS,free,25-34,7.0.1,18.0
u_203869,2026-04-01,influencer,Indonesia,Web,free,18-24,7.1.0,n/a
u_203870,2026-05-02,paid_social,Indonesia,iOS,free,13-17,7.1.0,16.5
u_203871,2026-05-10,influencer,United Arab Emirates,iOS,free,45+,6.9.2,17.0
u_203872,2026-04-07,paid_social,Philippines,Android,pro_monthly,25-34,7.1.0,15
u_203873,2026-03-02,paid_search,Germany,iOS,free,25-34,7.1.0,18.0
u_203874,2026-04-03,paid_social,Indonesia,Android,pro_monthly,13-17,7.1.0,15
u_203875,2026-03-06,organic_search,Germany,Android,free,18-24,7.1.0,15
u_203876,2026-05-27,influencer,Brazil,Android,pro_monthly,18-24,7.1.0,14
u_203877,2026-03-01,influencer,United States,iOS,pro_monthly,25-34,7.1.0,18.0
u_203878,2026-03-07,organic_search,United States,Android,free,35-44,7.0.1,14
u_203879,2026-04-12,organic_search,India,Android,free,35-44,6.9.2,13
u_203880,2026-04-08,influencer,Pakistan,Android,free,18-24,7.1.0,14
u_203881,2026-06-11,influencer,Pakistan,iOS,pro_monthly,25-34,6.9.2,18.2
u_203882,2026-06-02,paid_search,Brazil,Android,free,25-34,7.1.0,15
u_203883,2026-03-26,organic_search,India,Web,free,18-24,6.9.2,n/a
u_203884,2026-05-08,referral,Philippines,Android,free,25-34,7.0.1,13
u_203885,2026-03-21,app_store_browse,Germany,Android,free,13-17,7.0.1,15
u_203886,2026-06-10,app_store_browse,Pakistan,Android,pro_annual,18-24,7.0.1,14
u_203887,2026-04-23,influencer,India,Android,free,25-34,7.0.0,15
u_203888,2026-05-27,influencer,United States,iOS,free,18-24,7.0.1,18.0
u_203889,2026-04-18,paid_social,Philippines,Android,free,18-24,7.1.0,15
u_203890,2026-05-05,paid_social,Germany,Android,pro_annual,18-24,7.0.1,13
u_203891,2026-04-28,paid_social,Turkey,Android,free,35-44,7.0.1,15
u_203892,2026-06-18,influencer,Saudi Arabia,Android,pro_monthly,18-24,6.9.2,12
u_203893,2026-05-13,paid_social,United Arab Emirates,iOS,pro_monthly,25-34,7.1.0,17.0
u_203894,2026-03-27,paid_social,United Kingdom,Android,free,45+,7.0.1,14
u_203895,2026-06-06,influencer,India,Android,free,18-24,7.0.1,15
u_203896,2026-03-24,paid_search,United States,Android,free,18-24,7.1.0,12
u_203897,2026-04-29,paid_search,United Arab Emirates,Web,free,25-34,7.0.1,n/a
u_203898,2026-04-26,paid_social,India,Android,free,18-24,7.0.1,12
u_203899,2026-05-26,influencer,Nigeria,iOS,free,35-44,7.0.0,17.4
u_203900,2026-04-13,paid_search,United States,Android,pro_annual,25-34,7.0.1,15
u_203901,2026-04-07,referral,United Kingdom,Web,pro_annual,25-34,7.0.0,n/a
u_203902,2026-03-13,paid_social,United Arab Emirates,Android,free,25-34,7.0.1,14
u_203903,2026-04-25,organic_search,India,iOS,free,45+,7.0.1,18.2
u_203904,2026-05-25,influencer,Turkey,Android,free,35-44,7.1.0,13
u_203905,2026-06-03,organic_search,Indonesia,Android,free,13-17,7.1.0,13
u_203906,2026-05-30,paid_search,India,iOS,free,45+,7.0.1,17.4
u_203907,2026-06-08,paid_search,Saudi Arabia,Android,free,18-24,6.9.0,14
u_203908,2026-05-28,paid_social,Pakistan,iOS,free,18-24,7.0.1,18.0
u_203909,2026-04-08,paid_social,Turkey,Web,free,18-24,7.1.0,n/a
u_203910,2026-05-03,paid_social,Indonesia,Android,free,18-24,6.9.2,15
u_203911,2026-04-12,influencer,Pakistan,iOS,free,35-44,7.0.1,17.0
u_203912,2026-06-12,referral,Pakistan,Android,free,45+,7.1.0,15
u_203913,2026-04-23,organic_search,United States,Web,free,18-24,7.0.1,n/a
u_203914,2026-04-29,paid_social,United States,iOS,free,18-24,7.0.0,18.2
u_203915,2026-03-27,organic_search,Nigeria,Android,free,18-24,6.8.0,14
u_203916,2026-04-07,paid_social,United States,Android,free,18-24,7.0.1,15
u_203917,2026-05-31,influencer,India,Web,free,18-24,7.1.0,n/a
u_203918,2026-03-16,paid_search,Saudi Arabia,iOS,free,25-34,7.0.1,16.5
u_203919,2026-06-04,app_store_browse,United Kingdom,iOS,pro_annual,45+,7.0.1,18.2
u_203920,2026-03-02,app_store_browse,Germany,iOS,free,45+,7.0.1,17.0
u_203921,2026-05-31,paid_social,Turkey,iOS,free,18-24,6.9.0,18.0
u_203922,2026-04-24,paid_social,Pakistan,Web,free,25-34,6.9.0,n/a
u_203923,2026-05-01,organic_search,Pakistan,Android,free,45+,7.1.0,15
u_203924,2026-05-03,influencer,Saudi Arabia,Android,free,18-24,7.1.0,12
u_203925,2026-04-12,app_store_browse,Pakistan,Web,free,25-34,7.1.0,n/a
u_203926,2026-05-13,paid_search,Saudi Arabia,Web,free,18-24,7.0.0,n/a
u_203927,2026-06-05,organic_search,United Arab Emirates,Android,free,25-34,6.9.2,15
u_203928,2026-03-07,paid_social,Turkey,iOS,free,18-24,7.1.0,16.5
u_203929,2026-06-09,influencer,United Kingdom,Android,free,25-34,7.0.1,12
u_203930,2026-04-02,paid_social,Indonesia,Android,free,18-24,7.0.1,13
u_203931,2026-06-15,organic_search,Turkey,iOS,enterprise,13-17,7.1.0,16.5
u_203932,2026-06-21,organic_search,United States,Android,free,35-44,7.0.1,12
u_203933,2026-04-24,referral,United States,Android,free,25-34,7.0.1,13
u_203934,2026-06-19,influencer,Nigeria,Android,free,25-34,6.8.0,15
u_203935,2026-05-21,organic_search,Pakistan,Android,free,25-34,6.9.2,14
u_203936,2026-06-19,influencer,United States,Android,pro_monthly,25-34,7.1.0,15
u_203937,2026-03-15,referral,Indonesia,Android,free,25-34,6.9.0,13
u_203938,2026-03-02,paid_social,United States,Android,pro_annual,25-34,7.0.0,12
u_203939,2026-03-29,app_store_browse,India,Web,free,13-17,7.0.1,n/a
u_203940,2026-04-16,referral,Philippines,Android,free,13-17,7.1.0,12
u_203941,2026-04-29,paid_social,United Kingdom,Android,free,45+,7.0.1,15
u_203942,2026-05-24,app_store_browse,Turkey,Android,pro_monthly,25-34,7.1.0,12
u_203943,2026-06-08,organic_search,United Kingdom,iOS,free,25-34,7.0.1,16.5
u_203944,2026-04-01,referral,United Kingdom,Android,free,25-34,7.0.1,15
u_203945,2026-05-10,influencer,Pakistan,iOS,free,35-44,7.1.0,18.2
u_203946,2026-05-10,organic_search,United States,Android,free,25-34,6.9.2,14
u_203947,2026-05-01,app_store_browse,Pakistan,Android,free,13-17,6.9.2,12
u_203948,2026-03-05,organic_search,Turkey,iOS,free,35-44,7.1.0,16.5
u_203949,2026-03-05,app_store_browse,Indonesia,iOS,free,25-34,6.9.0,18.2
u_203950,2026-06-15,referral,Nigeria,Android,free,18-24,7.0.1,13
u_203951,2026-05-27,paid_social,United States,Web,free,18-24,7.0.1,n/a
u_203952,2026-04-09,paid_social,India,Android,free,35-44,7.0.0,14
u_203953,2026-03-27,organic_search,Indonesia,iOS,free,18-24,7.0.0,18.0
u_203954,2026-06-08,organic_search,Turkey,iOS,free,18-24,6.8.0,16.5
u_203955,2026-05-10,paid_search,Philippines,iOS,free,18-24,7.0.1,18.0
u_203956,2026-03-27,paid_social,India,iOS,free,13-17,7.0.0,17.0
u_203957,2026-05-29,paid_social,Indonesia,Android,free,25-34,7.0.1,15
u_203958,2026-03-27,influencer,Turkey,Web,free,25-34,7.0.1,n/a
u_203959,2026-03-30,referral,Philippines,iOS,free,13-17,7.0.1,18.2
u_203960,2026-03-21,influencer,United States,Android,pro_monthly,35-44,7.0.0,12
u_203961,2026-03-08,paid_search,Nigeria,iOS,free,18-24,7.1.0,17.4
u_203962,2026-05-19,influencer,Pakistan,iOS,free,25-34,6.8.0,17.4
u_203963,2026-05-15,influencer,India,Android,pro_annual,18-24,7.0.1,14
u_203964,2026-05-13,influencer,Saudi Arabia,Android,free,35-44,7.1.0,12
u_203965,2026-03-31,app_store_browse,Saudi Arabia,iOS,free,25-34,7.1.0,17.0
u_203966,2026-04-09,organic_search,Brazil,iOS,free,25-34,7.0.1,18.2
u_203967,2026-03-13,referral,Germany,Android,free,35-44,7.0.1,12
u_203968,2026-06-12,paid_social,Saudi Arabia,Android,free,35-44,7.1.0,12
u_203969,2026-03-11,organic_search,United States,Web,pro_annual,18-24,7.1.0,n/a
u_203970,2026-04-11,organic_search,Turkey,Android,free,18-24,6.9.0,12
u_203971,2026-06-20,influencer,Indonesia,iOS,free,25-34,6.8.0,18.0
u_203972,2026-05-10,paid_search,United Arab Emirates,iOS,free,25-34,6.9.0,18.2
u_203973,2026-03-29,influencer,Turkey,Android,free,13-17,6.9.0,14
u_203974,2026-04-01,organic_search,United Kingdom,Android,pro_monthly,18-24,6.9.0,14
u_203975,2026-05-28,paid_social,Germany,Web,pro_monthly,45+,6.9.2,n/a
u_203976,2026-06-08,organic_search,United States,iOS,free,18-24,7.1.0,17.0
u_203977,2026-05-07,referral,United Arab Emirates,Android,pro_annual,18-24,7.0.1,13
u_203978,2026-05-21,organic_search,United Arab Emirates,iOS,free,18-24,7.0.0,16.5
u_203979,2026-03-04,referral,United Arab Emirates,Web,free,18-24,7.1.0,n/a
u_203980,2026-06-18,app_store_browse,Germany,Android,free,25-34,7.0.1,12
u_203981,2026-03-07,influencer,Germany,Android,free,35-44,7.0.1,12
u_203982,2026-04-09,paid_search,Brazil,Android,free,18-24,7.0.0,12
u_203983,2026-05-11,paid_search,Germany,iOS,free,25-34,6.9.2,18.0
u_203984,2026-03-10,app_store_browse,Nigeria,Android,pro_monthly,18-24,7.1.0,14
u_203985,2026-04-12,paid_social,India,Android,free,18-24,7.1.0,13
u_203986,2026-06-05,app_store_browse,United Arab Emirates,Android,free,13-17,7.0.0,14
u_203987,2026-03-08,paid_social,United States,Web,pro_monthly,25-34,7.0.0,n/a
u_203988,2026-05-30,referral,United States,Android,free,18-24,7.1.0,12
u_203989,2026-06-20,organic_search,United States,Android,free,25-34,7.0.0,14
u_203990,2026-05-02,paid_social,United Kingdom,iOS,free,18-24,7.1.0,18.2
u_203991,2026-03-19,app_store_browse,Nigeria,iOS,free,35-44,7.1.0,18.2
u_203992,2026-05-14,referral,Germany,iOS,free,18-24,7.0.1,16.5
u_203993,2026-03-05,paid_social,Pakistan,Android,free,35-44,6.9.2,13
u_203994,2026-06-16,influencer,Turkey,Android,free,25-34,7.1.0,15
u_203995,2026-04-04,paid_social,Saudi Arabia,iOS,free,18-24,6.9.0,18.0
u_203996,2026-06-04,organic_search,Pakistan,iOS,free,25-34,6.9.2,17.0
u_203997,2026-05-06,paid_social,United States,Web,pro_monthly,18-24,7.1.0,n/a
u_203998,2026-06-01,influencer,Saudi Arabia,Android,free,13-17,7.1.0,13
u_203999,2026-03-05,organic_search,Philippines,Web,free,25-34,7.0.1,n/a
u_204000,2026-04-25,organic_search,United Arab Emirates,Web,free,35-44,6.9.2,n/a
u_204001,2026-03-04,referral,Brazil,iOS,free,45+,6.9.2,17.0
u_204002,2026-03-24,paid_social,United Kingdom,Android,pro_monthly,13-17,7.0.1,15
u_204003,2026-04-22,paid_social,Brazil,iOS,free,25-34,7.0.0,18.0
u_204004,2026-06-14,paid_search,Saudi Arabia,iOS,free,18-24,6.9.2,18.0
u_204005,2026-04-17,paid_social,Pakistan,Android,free,25-34,7.0.1,12
u_204006,2026-04-11,organic_search,Philippines,iOS,free,25-34,6.9.2,17.4
u_204007,2026-06-05,influencer,Pakistan,Web,free,18-24,7.1.0,n/a
u_204008,2026-06-02,paid_search,India,iOS,pro_annual,25-34,6.9.2,16.5
u_204009,2026-05-04,paid_social,United States,Android,free,18-24,7.1.0,13
u_204010,2026-04-16,paid_social,United Arab Emirates,Android,free,25-34,7.1.0,14
u_204011,2026-03-02,paid_social,Saudi Arabia,Android,free,25-34,7.0.1,15
u_204012,2026-03-25,organic_search,Indonesia,Android,free,13-17,6.9.0,12
u_204013,2026-03-03,paid_social,Nigeria,iOS,free,18-24,7.0.0,16.5
u_204014,2026-04-25,app_store_browse,Saudi Arabia,iOS,pro_monthly,18-24,6.8.0,16.5
u_204015,2026-04-11,app_store_browse,Turkey,iOS,pro_monthly,25-34,7.1.0,17.4
u_204016,2026-05-21,paid_social,United States,iOS,free,18-24,7.1.0,18.2
u_204017,2026-04-21,organic_search,Nigeria,iOS,pro_annual,25-34,7.0.1,16.5
u_204018,2026-06-07,paid_search,India,Android,pro_monthly,18-24,7.1.0,12
u_204019,2026-05-15,influencer,Brazil,iOS,free,35-44,7.1.0,18.0
u_204020,2026-05-15,paid_social,Indonesia,iOS,free,13-17,6.9.2,17.4
u_204021,2026-04-24,paid_search,United States,iOS,enterprise,18-24,6.8.0,17.0
u_204022,2026-04-20,organic_search,United States,Android,free,18-24,7.1.0,13
u_204023,2026-06-08,influencer,Pakistan,iOS,free,25-34,6.8.0,17.4
u_204024,2026-04-12,paid_social,Saudi Arabia,Android,free,25-34,7.0.0,14
u_204025,2026-05-17,organic_search,India,Android,free,45+,7.1.0,13
u_204026,2026-05-14,paid_search,Turkey,iOS,free,35-44,7.0.0,17.4
u_204027,2026-06-13,organic_search,Saudi Arabia,Android,free,45+,7.0.1,15
u_204028,2026-03-21,paid_social,Philippines,iOS,free,18-24,7.1.0,18.2
u_204029,2026-03-06,paid_social,Brazil,Android,free,35-44,7.0.1,12
u_204030,2026-04-03,paid_social,Turkey,Android,free,18-24,7.0.1,15
u_204031,2026-03-07,organic_search,Brazil,iOS,free,25-34,6.9.0,16.5
u_204032,2026-04-10,paid_search,United Arab Emirates,iOS,free,18-24,7.0.0,18.2
u_204033,2026-03-09,paid_social,Philippines,Web,free,25-34,7.1.0,n/a
u_204034,2026-03-22,organic_search,Philippines,iOS,free,25-34,7.0.1,18.0
u_204035,2026-04-24,paid_search,Pakistan,Android,free,35-44,7.1.0,14
u_204036,2026-06-18,paid_social,Pakistan,Web,free,18-24,7.0.1,n/a
u_204037,2026-03-25,paid_social,Pakistan,Android,free,18-24,7.0.0,13
u_204038,2026-03-14,influencer,United Kingdom,Android,free,18-24,7.0.1,15
u_204039,2026-03-24,referral,United Arab Emirates,Android,pro_monthly,35-44,7.1.0,12
u_204040,2026-03-17,organic_search,United Arab Emirates,Android,free,18-24,6.8.0,12
u_204041,2026-03-18,paid_social,Turkey,Android,free,25-34,7.0.0,13
u_204042,2026-04-24,organic_search,United States,Web,free,18-24,7.0.1,n/a
u_204043,2026-06-11,app_store_browse,Philippines,Android,free,25-34,7.0.0,15
u_204044,2026-05-15,referral,Indonesia,Android,free,18-24,7.0.0,13
u_204045,2026-05-23,paid_social,Brazil,iOS,free,18-24,7.1.0,17.0
u_204046,2026-06-16,influencer,India,Web,pro_monthly,18-24,6.9.2,n/a
u_204047,2026-03-28,paid_social,United States,iOS,free,25-34,7.0.1,17.4
u_204048,2026-04-02,referral,Philippines,Web,free,35-44,6.9.2,n/a
u_204049,2026-04-20,influencer,United States,iOS,free,25-34,7.1.0,17.4
u_204050,2026-06-05,influencer,United States,Web,free,18-24,7.0.1,n/a
u_204051,2026-04-17,paid_social,Saudi Arabia,Android,free,18-24,7.0.1,14
u_204052,2026-06-16,influencer,Pakistan,Android,free,18-24,7.0.1,12
u_204053,2026-03-16,paid_search,United Arab Emirates,Android,pro_monthly,18-24,7.0.1,15
u_204054,2026-03-04,paid_social,United States,Web,free,35-44,7.0.0,n/a
u_204055,2026-03-15,organic_search,India,iOS,free,25-34,6.8.0,18.2
u_204056,2026-05-26,referral,Germany,Android,free,35-44,7.0.1,13
u_204057,2026-05-02,influencer,India,Android,pro_monthly,25-34,7.0.1,13
u_204058,2026-04-28,paid_search,United States,Android,free,25-34,6.8.0,15
u_204059,2026-05-01,influencer,Pakistan,iOS,free,35-44,6.9.2,18.2
u_204060,2026-03-31,paid_search,United States,Web,free,18-24,6.9.2,n/a
u_204061,2026-05-30,influencer,India,iOS,free,25-34,7.1.0,17.0
u_204062,2026-05-28,referral,United Arab Emirates,Android,free,25-34,7.1.0,15
u_204063,2026-03-02,influencer,Pakistan,iOS,free,25-34,6.9.2,18.2
u_204064,2026-04-29,influencer,Pakistan,Android,enterprise,13-17,6.9.0,13
u_204065,2026-04-07,paid_social,India,Android,pro_annual,18-24,6.9.0,12
u_204066,2026-04-25,influencer,United Kingdom,Web,free,35-44,7.0.1,n/a
u_204067,2026-06-14,referral,Pakistan,Android,free,13-17,7.0.1,12
u_204068,2026-06-13,app_store_browse,United Kingdom,iOS,free,35-44,6.9.2,17.0
u_204069,2026-03-01,organic_search,Brazil,Android,free,18-24,7.1.0,15
u_204070,2026-03-27,app_store_browse,United States,Android,free,18-24,7.0.0,12
u_204071,2026-04-24,paid_search,Brazil,Android,free,35-44,7.1.0,15
u_204072,2026-04-02,paid_social,Indonesia,Android,free,18-24,6.8.0,14
u_204073,2026-06-14,paid_social,Nigeria,Android,free,35-44,7.0.0,12
u_204074,2026-06-03,paid_search,United Kingdom,iOS,free,45+,7.0.1,17.0
u_204075,2026-06-02,paid_search,United Arab Emirates,Android,free,18-24,6.9.0,13
u_204076,2026-05-19,paid_search,United States,Android,free,45+,7.1.0,12
u_204077,2026-04-09,paid_search,United States,Android,free,18-24,7.1.0,14
u_204078,2026-06-14,influencer,Saudi Arabia,Android,free,13-17,7.1.0,12
u_204079,2026-06-19,paid_search,United States,iOS,free,18-24,7.1.0,16.5
u_204080,2026-06-01,paid_search,Indonesia,Web,free,25-34,7.0.0,n/a
u_204081,2026-03-06,referral,Indonesia,Android,free,35-44,7.0.1,14
u_204082,2026-03-27,paid_search,India,Web,free,35-44,7.0.1,n/a
u_204083,2026-04-07,paid_search,Turkey,Android,free,35-44,7.0.1,14
u_204084,2026-03-31,paid_social,Pakistan,Android,free,25-34,6.8.0,14
u_204085,2026-06-12,paid_social,Saudi Arabia,Android,free,18-24,7.0.1,12
u_204086,2026-04-22,organic_search,United Kingdom,Web,free,18-24,7.0.1,n/a
u_204087,2026-06-10,influencer,Pakistan,Web,free,35-44,7.1.0,n/a
u_204088,2026-05-16,referral,United Arab Emirates,iOS,free,18-24,7.1.0,18.2
u_204089,2026-06-12,organic_search,Pakistan,iOS,free,25-34,7.0.1,18.2
u_204090,2026-03-23,paid_social,United States,Android,free,13-17,7.1.0,13
u_204091,2026-05-27,influencer,Pakistan,iOS,free,18-24,7.1.0,17.0
u_204092,2026-03-09,paid_social,United Arab Emirates,iOS,free,13-17,7.0.0,18.0
u_204093,2026-06-04,paid_social,Saudi Arabia,iOS,free,18-24,7.1.0,17.4
u_204094,2026-05-26,organic_search,United Kingdom,Web,free,25-34,7.1.0,n/a
u_204095,2026-04-05,paid_social,Nigeria,Web,free,18-24,6.9.2,n/a
u_204096,2026-04-21,referral,Pakistan,iOS,free,25-34,7.0.1,18.2
u_204097,2026-04-26,influencer,United Arab Emirates,Android,free,35-44,7.0.1,12
u_204098,2026-06-18,paid_social,Pakistan,iOS,free,45+,7.1.0,18.2
u_204099,2026-06-03,paid_search,United States,Android,free,25-34,6.9.2,14
u_204100,2026-04-18,app_store_browse,United States,iOS,enterprise,25-34,7.0.0,18.2
u_204101,2026-06-05,paid_search,United Kingdom,iOS,free,35-44,6.9.0,17.0
u_204102,2026-04-17,organic_search,Germany,iOS,free,35-44,7.0.1,16.5
u_204103,2026-03-24,paid_social,United Kingdom,Web,free,18-24,7.0.1,n/a
u_204104,2026-04-10,paid_social,United States,Android,free,35-44,7.0.1,13
u_204105,2026-04-10,app_store_browse,Germany,Web,free,18-24,7.0.1,n/a
u_204106,2026-03-07,paid_social,Pakistan,Web,free,25-34,7.0.1,n/a
u_204107,2026-05-15,organic_search,Nigeria,iOS,free,18-24,7.0.1,16.5
u_204108,2026-06-03,organic_search,Pakistan,iOS,free,25-34,7.0.0,18.0
u_204109,2026-05-09,paid_social,Nigeria,Android,free,18-24,7.1.0,13
u_204110,2026-05-14,influencer,United Kingdom,Web,free,35-44,7.0.0,n/a
u_204111,2026-03-26,paid_social,India,iOS,free,25-34,6.9.0,16.5
u_204112,2026-03-07,paid_search,India,Android,free,18-24,6.9.0,12
u_204113,2026-04-22,paid_search,Pakistan,Android,pro_annual,25-34,6.9.2,15
u_204114,2026-03-09,referral,Indonesia,Android,free,35-44,6.9.2,14
u_204115,2026-03-14,influencer,Nigeria,Android,free,25-34,6.9.2,13
u_204116,2026-03-09,paid_social,United States,Web,free,25-34,7.0.1,n/a
u_204117,2026-03-20,paid_social,United States,iOS,free,18-24,7.1.0,18.2
u_204118,2026-03-01,paid_social,Turkey,iOS,free,25-34,7.1.0,18.2
u_204119,2026-04-02,influencer,United Arab Emirates,Android,free,18-24,7.0.1,13
u_204120,2026-06-11,paid_social,United Arab Emirates,iOS,free,25-34,7.0.0,16.5
u_204121,2026-05-05,app_store_browse,United Kingdom,iOS,free,18-24,7.0.1,17.0
u_204122,2026-06-18,app_store_browse,India,iOS,free,35-44,6.9.2,18.2
u_204123,2026-06-03,paid_social,Philippines,Android,free,18-24,7.0.1,13
u_204124,2026-05-02,organic_search,Pakistan,Android,free,35-44,7.0.1,15
u_204125,2026-06-04,paid_social,Saudi Arabia,iOS,free,45+,7.0.0,16.5
u_204126,2026-03-18,app_store_browse,Germany,iOS,pro_monthly,25-34,7.1.0,16.5
u_204127,2026-04-17,influencer,United States,Web,free,45+,6.9.2,n/a
u_204128,2026-04-21,organic_search,India,iOS,free,18-24,7.0.0,17.0
u_204129,2026-06-14,paid_social,India,Android,pro_monthly,18-24,6.9.2,15
u_204130,2026-04-09,app_store_browse,United Arab Emirates,Android,free,35-44,6.8.0,14
u_204131,2026-04-07,app_store_browse,United States,Web,free,18-24,7.1.0,n/a
u_204132,2026-06-21,paid_social,Germany,Android,free,45+,7.0.1,12
u_204133,2026-04-15,paid_social,Indonesia,Android,pro_annual,18-24,7.0.0,15
u_204134,2026-06-17,referral,Indonesia,Web,free,18-24,7.1.0,n/a
u_204135,2026-05-11,paid_social,Germany,iOS,enterprise,18-24,6.9.2,16.5
u_204136,2026-04-24,paid_social,India,iOS,free,35-44,7.1.0,16.5
u_204137,2026-04-24,influencer,India,iOS,free,18-24,6.8.0,16.5
u_204138,2026-06-03,paid_social,India,Android,free,13-17,6.9.2,12
u_204139,2026-03-08,organic_search,United Arab Emirates,Android,free,13-17,6.9.2,13
u_204140,2026-04-23,organic_search,Saudi Arabia,Android,free,35-44,7.0.0,14
u_204141,2026-06-18,paid_social,Nigeria,Android,pro_annual,18-24,7.0.1,15
u_204142,2026-03-10,paid_social,United States,iOS,free,13-17,7.1.0,17.0
u_204143,2026-03-16,paid_social,India,iOS,free,35-44,6.9.2,17.4
u_204144,2026-04-25,organic_search,United Arab Emirates,Android,free,35-44,7.1.0,14
u_204145,2026-05-24,influencer,Saudi Arabia,Web,free,18-24,6.9.0,n/a
u_204146,2026-06-15,paid_search,India,Web,free,25-34,7.1.0,n/a
u_204147,2026-04-15,influencer,Nigeria,iOS,free,18-24,7.0.1,18.2
u_204148,2026-03-06,app_store_browse,Pakistan,Android,pro_monthly,18-24,6.8.0,14
u_204149,2026-04-09,paid_search,Saudi Arabia,Android,free,25-34,7.0.1,14
u_204150,2026-03-04,influencer,United Arab Emirates,Web,free,18-24,7.0.1,n/a
u_204151,2026-04-30,influencer,Brazil,Android,free,18-24,6.9.0,14
u_204152,2026-05-28,paid_social,United Kingdom,iOS,enterprise,25-34,7.1.0,17.0
u_204153,2026-03-26,organic_search,United States,iOS,pro_annual,25-34,7.1.0,17.4
u_204154,2026-05-13,organic_search,Turkey,Web,free,35-44,7.0.1,n/a
u_204155,2026-03-28,referral,India,iOS,free,25-34,6.9.2,17.4
u_204156,2026-05-19,paid_social,United States,Android,free,18-24,7.0.0,13
u_204157,2026-06-09,influencer,United Arab Emirates,Android,free,18-24,7.1.0,13
u_204158,2026-04-20,paid_social,Pakistan,Android,free,18-24,7.0.0,15
u_204159,2026-03-29,referral,India,Android,pro_monthly,18-24,6.9.2,15
u_204160,2026-05-30,influencer,India,iOS,free,18-24,7.1.0,16.5
u_204161,2026-05-28,paid_social,United Arab Emirates,iOS,free,18-24,7.0.0,17.0
u_204162,2026-03-29,paid_search,Pakistan,iOS,pro_monthly,25-34,6.9.2,17.0
u_204163,2026-03-12,organic_search,India,Web,pro_monthly,25-34,7.1.0,n/a
u_204164,2026-04-26,organic_search,Nigeria,Android,free,35-44,7.0.1,15
u_204165,2026-04-15,paid_search,United States,Web,free,25-34,7.1.0,n/a
u_204166,2026-03-08,paid_social,United States,Android,free,25-34,7.0.1,15
u_204167,2026-05-23,paid_social,Turkey,Android,free,25-34,6.9.2,13
u_204168,2026-04-03,paid_search,United Kingdom,Android,free,18-24,7.0.1,15
u_204169,2026-04-03,organic_search,Germany,Android,free,18-24,7.0.0,12
u_204170,2026-05-08,paid_social,India,Android,free,35-44,7.1.0,12
u_204171,2026-03-27,influencer,Turkey,iOS,free,25-34,7.1.0,17.4
u_204172,2026-04-28,referral,United States,Android,free,25-34,7.1.0,15
u_204173,2026-05-17,paid_search,Brazil,iOS,pro_monthly,18-24,7.1.0,18.0
u_204174,2026-06-17,organic_search,Turkey,iOS,free,45+,7.1.0,17.0
u_204175,2026-05-03,organic_search,Nigeria,iOS,free,18-24,7.1.0,18.2
u_204176,2026-05-28,paid_search,Brazil,Web,enterprise,35-44,7.1.0,n/a
u_204177,2026-05-19,influencer,United States,iOS,free,18-24,7.0.1,16.5
u_204178,2026-05-02,referral,Philippines,Android,pro_monthly,18-24,7.1.0,15
u_204179,2026-05-02,organic_search,India,Android,free,18-24,7.1.0,12
u_204180,2026-05-30,influencer,United States,Android,free,45+,7.1.0,15
u_204181,2026-05-19,organic_search,United States,Android,free,25-34,7.0.1,12
u_204182,2026-03-19,referral,India,Android,pro_monthly,45+,7.1.0,14
u_204183,2026-03-08,organic_search,Indonesia,Android,free,25-34,7.1.0,13
u_204184,2026-04-29,paid_search,United Arab Emirates,Android,pro_monthly,35-44,7.1.0,13
u_204185,2026-03-07,influencer,Germany,Android,free,25-34,7.0.0,12
u_204186,2026-04-10,referral,United States,Android,free,13-17,7.1.0,15
u_204187,2026-05-28,app_store_browse,United Arab Emirates,iOS,free,25-34,7.0.1,18.2
u_204188,2026-03-10,referral,United Kingdom,Web,free,25-34,6.8.0,n/a
u_204189,2026-04-02,paid_social,Indonesia,iOS,free,18-24,6.9.0,18.0
u_204190,2026-05-02,organic_search,Nigeria,Android,free,18-24,7.1.0,13
u_204191,2026-03-17,paid_search,Indonesia,iOS,free,25-34,7.1.0,17.4
u_204192,2026-05-23,paid_social,India,iOS,free,18-24,7.1.0,16.5
u_204193,2026-05-06,influencer,Pakistan,iOS,enterprise,45+,6.9.0,18.0
u_204194,2026-06-19,influencer,Saudi Arabia,iOS,free,35-44,7.1.0,18.2
u_204195,2026-03-16,paid_social,Turkey,Android,free,18-24,7.1.0,12
u_204196,2026-04-02,referral,Philippines,Android,free,35-44,7.0.1,14
u_204197,2026-03-21,influencer,Pakistan,Android,free,35-44,6.9.2,13
u_204198,2026-05-19,paid_social,United Kingdom,iOS,free,25-34,7.0.1,18.2
u_204199,2026-03-31,organic_search,India,iOS,free,13-17,7.0.1,17.4
u_204200,2026-04-03,organic_search,India,Web,free,45+,7.0.1,n/a
u_204201,2026-04-01,referral,Philippines,iOS,pro_monthly,35-44,6.9.2,17.0
u_204202,2026-03-02,organic_search,United States,Android,free,25-34,7.0.0,15
u_204203,2026-06-17,paid_social,Indonesia,iOS,free,18-24,7.1.0,16.5
u_204204,2026-04-12,organic_search,United Kingdom,Web,free,45+,7.1.0,n/a
u_204205,2026-03-30,paid_search,Germany,iOS,free,35-44,7.0.1,18.2
u_204206,2026-06-09,app_store_browse,United States,iOS,pro_monthly,13-17,7.1.0,18.2
u_204207,2026-04-12,organic_search,Brazil,iOS,free,25-34,7.1.0,17.0
u_204208,2026-03-24,paid_search,United States,Android,free,25-34,7.1.0,14
u_204209,2026-05-18,referral,Pakistan,iOS,free,18-24,7.1.0,17.4
u_204210,2026-03-18,influencer,Indonesia,iOS,free,18-24,7.1.0,17.4
u_204211,2026-03-05,paid_search,Pakistan,iOS,pro_monthly,18-24,7.1.0,18.2
u_204212,2026-05-13,paid_social,Pakistan,Android,free,25-34,7.1.0,13
u_204213,2026-05-20,organic_search,Pakistan,Web,free,25-34,7.0.1,n/a
u_204214,2026-06-12,paid_social,United Arab Emirates,iOS,free,18-24,7.1.0,16.5
u_204215,2026-03-03,paid_search,Brazil,Android,free,25-34,6.9.0,13
u_204216,2026-04-03,organic_search,United Kingdom,Android,free,35-44,7.1.0,15
u_204217,2026-03-04,paid_search,India,Web,free,18-24,7.0.1,n/a
u_204218,2026-06-19,influencer,United States,Android,free,25-34,7.0.1,15
u_204219,2026-03-17,influencer,Nigeria,Web,free,25-34,7.0.0,n/a
u_204220,2026-03-25,influencer,United States,iOS,free,25-34,6.8.0,17.4
u_204221,2026-06-07,referral,India,Android,free,25-34,7.0.0,15
u_204222,2026-04-24,paid_social,Pakistan,Android,free,25-34,6.9.2,12
u_204223,2026-05-20,organic_search,India,iOS,free,18-24,6.9.2,18.2
u_204224,2026-03-28,paid_search,Pakistan,iOS,free,45+,7.0.1,18.2
u_204225,2026-05-20,influencer,United Arab Emirates,Android,free,18-24,6.9.2,15
u_204226,2026-05-22,organic_search,Indonesia,Android,free,35-44,7.1.0,14
u_204227,2026-04-16,paid_search,Pakistan,iOS,free,25-34,7.0.1,18.2
u_204228,2026-06-01,paid_social,Pakistan,Android,free,35-44,6.8.0,12
u_204229,2026-05-24,paid_social,Nigeria,iOS,pro_monthly,25-34,7.1.0,17.0
u_204230,2026-06-11,organic_search,Turkey,Android,free,18-24,7.1.0,12
u_204231,2026-03-27,influencer,Pakistan,Android,pro_monthly,35-44,7.1.0,12
u_204232,2026-03-04,organic_search,United States,Android,free,25-34,7.1.0,15
u_204233,2026-05-31,paid_social,United Arab Emirates,Android,free,35-44,7.1.0,14
u_204234,2026-04-15,paid_social,United States,Android,free,35-44,6.9.0,14
u_204235,2026-06-04,influencer,Saudi Arabia,Android,free,25-34,6.9.0,13
u_204236,2026-03-13,paid_social,India,iOS,free,18-24,7.0.1,18.2
u_204237,2026-04-19,influencer,Turkey,Android,free,35-44,7.1.0,13
u_204238,2026-05-06,paid_social,United States,Web,free,18-24,7.1.0,n/a
u_204239,2026-05-31,influencer,United States,Web,free,45+,7.1.0,n/a
u_204240,2026-06-15,paid_social,Pakistan,iOS,free,18-24,7.1.0,18.0
u_204241,2026-04-06,paid_search,Saudi Arabia,Android,free,25-34,7.0.1,12
u_204242,2026-06-18,organic_search,Philippines,Android,free,35-44,7.0.1,12
u_204243,2026-03-10,organic_search,Pakistan,Android,free,45+,6.9.0,15
u_204244,2026-05-05,influencer,Brazil,Android,free,25-34,6.9.2,15
u_204245,2026-03-14,referral,India,Android,free,18-24,7.0.0,12
u_204246,2026-03-20,influencer,India,Android,free,25-34,7.0.1,12
u_204247,2026-06-12,influencer,India,iOS,free,25-34,6.9.2,17.4
u_204248,2026-03-14,paid_search,Germany,iOS,free,18-24,7.0.1,17.4
u_204249,2026-06-13,influencer,United Kingdom,Android,free,25-34,6.8.0,14
u_204250,2026-06-15,referral,India,iOS,pro_monthly,25-34,6.8.0,16.5
u_204251,2026-06-07,paid_search,Germany,Web,free,13-17,6.9.2,n/a
u_204252,2026-06-08,referral,United Arab Emirates,Web,free,18-24,7.0.1,n/a
u_204253,2026-05-14,organic_search,India,iOS,pro_monthly,35-44,7.0.1,17.0
u_204254,2026-04-28,app_store_browse,Indonesia,iOS,free,25-34,7.1.0,18.2
u_204255,2026-06-03,paid_search,United Arab Emirates,iOS,free,25-34,7.0.0,18.0
u_204256,2026-06-17,organic_search,India,iOS,free,35-44,6.8.0,18.2
u_204257,2026-03-13,paid_search,Saudi Arabia,Android,free,18-24,6.9.0,14
u_204258,2026-04-17,paid_social,Germany,Android,free,35-44,7.0.0,12
u_204259,2026-04-18,paid_search,Nigeria,iOS,free,25-34,7.0.1,16.5
u_204260,2026-03-07,paid_social,Philippines,iOS,free,35-44,6.8.0,17.4
u_204261,2026-03-23,organic_search,India,Web,free,18-24,6.9.2,n/a
u_204262,2026-06-06,paid_search,Germany,Android,free,18-24,7.0.0,14
u_204263,2026-05-26,referral,Philippines,iOS,free,18-24,7.0.0,18.0
u_204264,2026-03-07,paid_social,Germany,Android,free,25-34,7.1.0,14
u_204265,2026-03-18,organic_search,Indonesia,Web,free,18-24,6.9.2,n/a
u_204266,2026-03-24,app_store_browse,Pakistan,Android,pro_monthly,25-34,7.0.1,13
u_204267,2026-06-01,app_store_browse,United Arab Emirates,iOS,free,13-17,6.9.2,17.0
u_204268,2026-03-13,paid_social,India,iOS,free,35-44,7.1.0,17.0
u_204269,2026-04-24,paid_search,Nigeria,iOS,free,35-44,6.8.0,17.0
u_204270,2026-03-31,paid_search,India,iOS,enterprise,45+,7.1.0,17.4
u_204271,2026-04-24,influencer,Turkey,Android,free,25-34,7.1.0,12
u_204272,2026-05-22,paid_social,United States,Android,pro_annual,18-24,7.1.0,15
u_204273,2026-05-11,paid_social,United States,Android,free,18-24,7.0.1,13
u_204274,2026-05-05,paid_social,United States,iOS,free,35-44,7.0.0,17.4
u_204275,2026-03-22,referral,Pakistan,iOS,free,35-44,7.0.0,18.2
u_204276,2026-05-18,paid_search,United Kingdom,Web,pro_monthly,45+,6.9.2,n/a
u_204277,2026-04-29,paid_social,Philippines,Web,free,18-24,7.1.0,n/a
u_204278,2026-05-09,app_store_browse,United Kingdom,Android,free,18-24,7.0.1,12
u_204279,2026-04-27,app_store_browse,United States,Android,free,18-24,6.9.2,14
u_204280,2026-03-02,organic_search,Turkey,iOS,free,35-44,6.9.2,17.0
u_204281,2026-04-15,influencer,United Kingdom,iOS,free,13-17,7.0.1,18.0
u_204282,2026-06-21,influencer,India,Android,free,18-24,6.9.2,15
u_204283,2026-03-01,paid_social,India,iOS,free,13-17,7.1.0,18.0
u_204284,2026-04-15,influencer,Turkey,iOS,free,18-24,7.0.1,16.5
u_204285,2026-05-27,influencer,Pakistan,Android,free,35-44,7.1.0,14
u_204286,2026-03-07,organic_search,United States,Web,free,25-34,7.1.0,n/a
u_204287,2026-05-06,paid_search,Germany,Android,free,25-34,7.1.0,13
u_204288,2026-06-12,paid_social,United States,Web,free,35-44,7.0.0,n/a
u_204289,2026-04-28,referral,United States,Web,free,35-44,7.1.0,n/a
u_204290,2026-05-11,paid_social,Nigeria,iOS,free,18-24,6.8.0,17.4
u_204291,2026-05-23,paid_social,Pakistan,Web,pro_monthly,25-34,7.0.1,n/a
u_204292,2026-03-05,organic_search,United Kingdom,Web,free,18-24,7.0.1,n/a
u_204293,2026-06-11,paid_search,Nigeria,Web,pro_monthly,18-24,6.9.2,n/a
u_204294,2026-05-15,paid_search,Brazil,iOS,free,18-24,7.1.0,17.4
u_204295,2026-06-02,app_store_browse,Brazil,iOS,free,35-44,7.1.0,16.5
u_204296,2026-05-09,influencer,United States,Android,free,13-17,7.0.1,15
u_204297,2026-06-06,influencer,Nigeria,Web,pro_annual,18-24,7.0.1,n/a
u_204298,2026-06-06,influencer,Brazil,Web,free,18-24,6.9.0,n/a
u_204299,2026-05-22,influencer,Saudi Arabia,Android,free,35-44,7.0.1,15
u_204300,2026-05-29,influencer,United States,iOS,free,25-34,7.0.1,18.2
u_204301,2026-05-09,influencer,Indonesia,Android,free,45+,7.1.0,13
u_204302,2026-06-19,referral,United Arab Emirates,Android,free,25-34,7.1.0,15
u_204303,2026-06-21,organic_search,India,Android,free,18-24,7.1.0,15
u_204304,2026-03-31,paid_social,United States,Android,free,25-34,7.1.0,14
u_204305,2026-05-15,paid_social,Brazil,iOS,free,18-24,7.1.0,18.0
u_204306,2026-03-06,paid_search,United Kingdom,iOS,free,35-44,7.1.0,17.4
u_204307,2026-05-16,referral,India,iOS,free,13-17,6.9.2,17.0
u_204308,2026-03-21,paid_search,Turkey,Android,free,13-17,7.0.1,15
u_204309,2026-04-08,paid_social,India,iOS,pro_annual,25-34,7.0.1,17.4
u_204310,2026-06-17,referral,Turkey,iOS,pro_monthly,25-34,6.8.0,17.0
u_204311,2026-04-03,referral,United States,iOS,free,35-44,7.0.0,17.0
u_204312,2026-04-19,paid_social,Indonesia,iOS,free,18-24,7.0.1,18.2
u_204313,2026-03-07,paid_search,United States,Android,free,35-44,7.1.0,13
u_204314,2026-06-07,app_store_browse,Pakistan,Android,free,13-17,7.0.1,12
u_204315,2026-03-25,app_store_browse,Turkey,Web,free,25-34,7.1.0,n/a
u_204316,2026-03-10,referral,Indonesia,iOS,pro_monthly,45+,7.0.0,16.5
u_204317,2026-04-08,organic_search,Nigeria,iOS,free,25-34,7.0.0,18.0
u_204318,2026-05-25,organic_search,United Arab Emirates,Web,pro_monthly,25-34,7.1.0,n/a
u_204319,2026-05-16,app_store_browse,United Kingdom,Android,free,25-34,7.1.0,14
u_204320,2026-06-07,influencer,United States,Android,free,25-34,7.1.0,13
u_204321,2026-03-13,referral,India,Android,pro_monthly,18-24,7.1.0,13
u_204322,2026-06-04,influencer,Turkey,Web,free,25-34,7.1.0,n/a
u_204323,2026-03-26,organic_search,Germany,iOS,free,25-34,7.1.0,17.4
u_204324,2026-05-25,paid_social,Pakistan,iOS,pro_monthly,18-24,7.1.0,18.2
u_204325,2026-06-15,organic_search,United Arab Emirates,Android,free,45+,7.1.0,13
u_204326,2026-03-08,paid_social,Saudi Arabia,Android,free,45+,7.1.0,12
u_204327,2026-06-06,referral,United States,iOS,pro_annual,25-34,7.1.0,17.0
u_204328,2026-04-26,influencer,Turkey,Android,free,18-24,7.0.1,12
u_204329,2026-05-26,influencer,Pakistan,Web,free,25-34,7.0.1,n/a
u_204330,2026-03-05,influencer,Germany,iOS,free,35-44,7.1.0,18.0
u_204331,2026-03-25,app_store_browse,India,iOS,free,35-44,7.0.0,16.5
u_204332,2026-06-06,organic_search,Pakistan,Android,free,18-24,7.0.1,13
u_204333,2026-03-31,app_store_browse,United States,iOS,free,35-44,7.0.1,17.4
u_204334,2026-05-03,organic_search,United Kingdom,iOS,free,25-34,7.0.0,16.5
u_204335,2026-04-12,influencer,Nigeria,iOS,free,45+,6.9.2,18.2
u_204336,2026-06-11,paid_social,United States,Android,free,25-34,6.9.0,15
u_204337,2026-03-07,organic_search,United States,Android,free,45+,7.1.0,12
u_204338,2026-03-19,organic_search,United Kingdom,Android,free,25-34,7.0.1,14
u_204339,2026-04-22,paid_social,Germany,Android,free,18-24,7.1.0,15
u_204340,2026-04-30,influencer,United Kingdom,Android,pro_monthly,35-44,7.0.0,12
u_204341,2026-04-27,paid_search,United States,Android,pro_monthly,18-24,7.1.0,13
u_204342,2026-04-05,app_store_browse,Nigeria,iOS,free,18-24,7.0.0,17.0
u_204343,2026-06-10,organic_search,Indonesia,Android,free,35-44,6.9.0,12
u_204344,2026-03-10,influencer,Brazil,Android,free,45+,7.1.0,14
u_204345,2026-04-03,referral,Saudi Arabia,Android,pro_monthly,25-34,7.0.1,14
u_204346,2026-05-11,paid_search,Philippines,Android,free,25-34,7.0.1,14
u_204347,2026-03-24,influencer,Philippines,iOS,pro_monthly,35-44,7.1.0,18.0
u_204348,2026-03-29,app_store_browse,United Arab Emirates,iOS,free,18-24,7.0.1,17.0
u_204349,2026-05-29,paid_social,India,Web,pro_monthly,13-17,7.0.1,n/a
u_204350,2026-05-09,paid_search,Turkey,Android,pro_monthly,35-44,7.0.1,12
u_204351,2026-05-27,paid_social,Saudi Arabia,Android,free,18-24,6.8.0,15
u_204352,2026-06-12,paid_search,United Kingdom,Android,free,18-24,6.9.2,14
u_204353,2026-04-03,app_store_browse,United States,Android,free,25-34,7.0.1,14
u_204354,2026-03-24,paid_social,United Arab Emirates,Android,free,45+,6.9.2,12
u_204355,2026-05-18,paid_social,Brazil,iOS,free,25-34,6.9.0,18.2
u_204356,2026-03-05,organic_search,Philippines,Android,free,13-17,7.1.0,14
u_204357,2026-04-19,referral,United States,iOS,free,35-44,6.9.2,18.0
u_204358,2026-06-17,organic_search,Indonesia,Android,free,18-24,7.1.0,13
u_204359,2026-04-24,organic_search,India,Android,free,18-24,7.1.0,13
u_204360,2026-05-06,paid_social,United Kingdom,iOS,free,35-44,7.1.0,17.4
u_204361,2026-05-26,paid_social,United States,iOS,pro_monthly,18-24,7.0.1,17.4
u_204362,2026-03-05,organic_search,India,iOS,free,25-34,7.1.0,18.2
u_204363,2026-05-11,app_store_browse,Germany,iOS,free,18-24,6.9.2,18.2
u_204364,2026-05-08,influencer,Pakistan,Android,pro_annual,35-44,7.0.1,12
u_204365,2026-03-29,app_store_browse,Nigeria,Web,free,18-24,7.1.0,n/a
u_204366,2026-05-24,referral,United Arab Emirates,Android,free,25-34,7.0.1,13
u_204367,2026-03-25,paid_social,United Arab Emirates,Android,free,25-34,7.1.0,12
u_204368,2026-03-21,organic_search,Brazil,Android,pro_annual,25-34,6.9.0,15
u_204369,2026-04-08,paid_search,Turkey,Android,free,25-34,6.9.2,15
u_204370,2026-06-21,app_store_browse,Indonesia,Web,pro_annual,18-24,7.0.1,n/a
u_204371,2026-03-02,influencer,United Arab Emirates,Android,free,13-17,7.0.1,14
u_204372,2026-03-02,organic_search,United Kingdom,iOS,free,18-24,6.9.2,18.0
u_204373,2026-06-18,influencer,Pakistan,Android,free,35-44,7.1.0,12
u_204374,2026-03-25,influencer,Pakistan,iOS,pro_annual,35-44,7.1.0,17.0
u_204375,2026-05-31,paid_social,United Kingdom,Web,free,35-44,6.9.2,n/a
u_204376,2026-05-12,referral,United States,Android,pro_monthly,13-17,7.0.1,14
u_204377,2026-04-04,organic_search,United Arab Emirates,Web,free,45+,7.0.1,n/a
u_204378,2026-03-29,organic_search,Turkey,Android,free,18-24,6.9.2,12
u_204379,2026-05-05,organic_search,United States,iOS,free,13-17,7.0.0,18.2
u_204380,2026-04-23,paid_social,United States,Android,pro_annual,25-34,6.8.0,14
u_204381,2026-03-22,influencer,United Kingdom,Android,free,45+,7.0.0,13
u_204382,2026-06-10,paid_social,Germany,Web,free,35-44,7.0.1,n/a
u_204383,2026-05-05,paid_social,Brazil,iOS,pro_monthly,25-34,7.0.1,18.0
u_204384,2026-05-04,paid_social,Pakistan,Web,free,13-17,7.0.1,n/a
u_204385,2026-04-08,paid_social,United States,Android,free,35-44,7.0.1,15
u_204386,2026-03-01,paid_search,Germany,Android,free,18-24,7.1.0,12
u_204387,2026-03-11,paid_search,Turkey,Android,free,45+,7.0.1,13
u_204388,2026-05-30,paid_social,Germany,iOS,pro_monthly,18-24,7.1.0,17.0
u_204389,2026-03-06,paid_social,Pakistan,iOS,free,45+,6.9.2,17.0
u_204390,2026-05-25,organic_search,Turkey,Android,free,35-44,7.1.0,12
u_204391,2026-05-11,paid_social,Nigeria,Android,free,18-24,7.1.0,12
u_204392,2026-06-05,influencer,United States,Android,free,25-34,7.0.1,12
u_204393,2026-03-16,influencer,Philippines,iOS,free,18-24,7.0.1,17.4
u_204394,2026-04-15,paid_social,Germany,Android,free,18-24,7.1.0,13
u_204395,2026-06-20,paid_social,Nigeria,iOS,free,18-24,7.0.1,17.0
u_204396,2026-05-22,influencer,Pakistan,iOS,free,18-24,7.0.1,16.5
u_204397,2026-05-17,organic_search,Germany,Android,free,25-34,6.9.2,13
u_204398,2026-05-12,paid_social,Germany,Web,free,18-24,7.0.1,n/a
u_204399,2026-04-27,influencer,Pakistan,Android,free,18-24,7.0.1,15
u_204400,2026-03-24,app_store_browse,India,Android,free,18-24,6.8.0,15
u_204401,2026-06-06,organic_search,Philippines,iOS,free,25-34,7.0.1,17.0
u_204402,2026-05-16,influencer,United Arab Emirates,Web,free,18-24,7.0.1,n/a
u_204403,2026-05-01,influencer,Indonesia,Android,free,25-34,6.9.2,15
u_204404,2026-04-11,paid_social,United States,iOS,free,18-24,7.1.0,18.2
u_204405,2026-04-28,paid_social,Turkey,Android,free,18-24,7.0.1,12
u_204406,2026-06-05,influencer,Philippines,Android,free,35-44,6.9.0,13
u_204407,2026-03-10,paid_social,India,Android,free,25-34,7.1.0,14
u_204408,2026-04-17,influencer,United Arab Emirates,iOS,free,35-44,7.0.1,17.4
u_204409,2026-04-13,influencer,Indonesia,Web,pro_annual,18-24,7.0.0,n/a
u_204410,2026-03-05,paid_search,Pakistan,Android,free,25-34,7.0.0,12
u_204411,2026-06-08,app_store_browse,United States,Web,free,35-44,7.0.1,n/a
u_204412,2026-06-07,paid_social,India,Android,free,18-24,6.9.2,14
u_204413,2026-06-05,organic_search,India,iOS,free,18-24,6.9.0,17.4
u_204414,2026-03-16,paid_search,Turkey,Web,free,18-24,7.0.0,n/a
u_204415,2026-05-04,paid_social,United Arab Emirates,Android,pro_monthly,18-24,7.0.1,13
u_204416,2026-04-12,paid_social,United States,Android,free,25-34,7.0.1,12
u_204417,2026-06-05,paid_social,United Arab Emirates,iOS,pro_monthly,18-24,6.9.0,18.0
u_204418,2026-06-13,organic_search,India,iOS,pro_monthly,25-34,7.1.0,17.0
u_204419,2026-06-19,paid_social,Pakistan,Android,free,25-34,7.1.0,15
u_204420,2026-05-31,paid_social,Germany,Android,pro_monthly,18-24,7.1.0,12
u_204421,2026-05-02,organic_search,United Arab Emirates,iOS,free,25-34,6.9.2,18.0
u_204422,2026-06-08,paid_search,Pakistan,Android,free,18-24,7.1.0,15
u_204423,2026-06-16,referral,United Kingdom,Web,free,45+,7.0.0,n/a
u_204424,2026-03-10,paid_search,Philippines,Web,free,13-17,7.0.1,n/a
u_204425,2026-03-17,influencer,India,Android,pro_annual,35-44,7.0.0,14
u_204426,2026-04-22,influencer,Philippines,Web,free,25-34,7.1.0,n/a
u_204427,2026-04-25,influencer,India,Android,free,25-34,7.0.1,13
u_204428,2026-03-06,influencer,Pakistan,iOS,free,18-24,6.9.0,16.5
u_204429,2026-06-12,referral,United Arab Emirates,Android,free,13-17,7.0.1,14
u_204430,2026-06-21,influencer,United States,Android,free,45+,7.0.1,13
u_204431,2026-03-29,referral,Germany,Android,pro_monthly,35-44,7.0.1,12
u_204432,2026-06-13,organic_search,United States,Web,free,18-24,6.9.0,n/a
u_204433,2026-05-04,app_store_browse,India,iOS,free,25-34,6.9.0,18.0
u_204434,2026-05-20,app_store_browse,Philippines,Android,free,25-34,6.9.2,15
u_204435,2026-06-20,organic_search,Indonesia,iOS,free,35-44,7.1.0,17.4
u_204436,2026-05-25,paid_search,Indonesia,iOS,free,25-34,6.9.0,17.4
u_204437,2026-05-21,paid_social,United States,Android,free,18-24,7.1.0,12
u_204438,2026-05-28,app_store_browse,Philippines,Android,free,13-17,7.0.1,14
u_204439,2026-03-16,influencer,United States,Android,free,13-17,6.9.0,14
u_204440,2026-03-31,paid_search,India,Android,free,35-44,7.0.0,12
u_204441,2026-06-21,paid_search,Germany,Android,enterprise,13-17,7.1.0,13
u_204442,2026-03-26,influencer,United Kingdom,Android,free,18-24,7.0.1,13
u_204443,2026-05-28,paid_social,Indonesia,Android,free,45+,7.0.1,15
u_204444,2026-05-30,paid_search,Brazil,Android,pro_monthly,45+,6.9.0,14
u_204445,2026-06-17,paid_social,United States,iOS,free,18-24,6.9.2,18.2
u_204446,2026-03-05,paid_social,United Arab Emirates,Android,free,35-44,6.9.2,13
u_204447,2026-06-14,organic_search,United States,Android,free,18-24,7.0.1,13
u_204448,2026-03-24,paid_social,Nigeria,iOS,free,35-44,6.8.0,17.0
u_204449,2026-03-14,paid_social,India,iOS,free,35-44,6.9.2,18.0
u_204450,2026-05-22,paid_social,United Arab Emirates,Web,free,35-44,6.8.0,n/a
u_204451,2026-04-06,paid_search,Pakistan,iOS,enterprise,25-34,7.1.0,17.4
u_204452,2026-06-02,referral,United Arab Emirates,Android,free,25-34,6.9.0,13
u_204453,2026-06-03,paid_search,United States,Android,free,25-34,7.1.0,12
u_204454,2026-04-02,influencer,United Kingdom,Web,pro_monthly,18-24,7.0.1,n/a
u_204455,2026-03-24,influencer,Indonesia,Android,free,35-44,7.0.0,15
u_204456,2026-05-02,paid_search,United Arab Emirates,Web,free,25-34,7.0.1,n/a
u_204457,2026-05-13,paid_social,United States,iOS,free,25-34,6.9.2,17.0
u_204458,2026-03-29,organic_search,Indonesia,iOS,free,25-34,7.1.0,17.0
u_204459,2026-03-05,influencer,Nigeria,Android,free,18-24,7.1.0,13
u_204460,2026-06-03,paid_social,United States,Android,free,18-24,7.1.0,13
u_204461,2026-04-08,paid_social,United Arab Emirates,Web,free,18-24,7.0.1,n/a
u_204462,2026-03-28,influencer,Pakistan,Web,free,25-34,7.0.1,n/a
u_204463,2026-04-22,paid_social,United States,Android,pro_annual,13-17,7.1.0,14
u_204464,2026-04-18,influencer,Turkey,Android,free,25-34,7.0.1,13
u_204465,2026-05-28,referral,India,Android,free,13-17,6.8.0,13
u_204466,2026-03-23,paid_social,United Kingdom,Android,free,18-24,6.9.0,14
u_204467,2026-06-10,referral,United States,Android,free,18-24,7.1.0,14
u_204468,2026-05-07,paid_social,Pakistan,Android,free,25-34,7.1.0,12
u_204469,2026-04-01,paid_social,Saudi Arabia,Web,free,25-34,7.1.0,n/a
u_204470,2026-04-26,paid_social,Germany,iOS,free,25-34,7.1.0,17.4
u_204471,2026-06-20,organic_search,United Arab Emirates,Web,free,18-24,6.9.2,n/a
u_204472,2026-04-06,paid_social,Pakistan,Web,pro_annual,25-34,7.0.1,n/a
u_204473,2026-05-10,organic_search,United Arab Emirates,iOS,free,35-44,7.1.0,16.5
u_204474,2026-06-21,influencer,United States,Android,free,13-17,6.9.0,15
u_204475,2026-05-23,paid_social,Turkey,Android,free,35-44,6.9.2,15
u_204476,2026-05-04,organic_search,United States,iOS,free,35-44,7.0.1,18.2
u_204477,2026-06-01,paid_social,United States,Android,free,45+,7.0.1,13
u_204478,2026-06-21,organic_search,Brazil,iOS,free,25-34,7.0.1,18.2
u_204479,2026-05-25,influencer,India,iOS,free,25-34,7.0.1,17.4
u_204480,2026-03-16,referral,Pakistan,iOS,free,18-24,6.9.2,17.4
u_204481,2026-03-11,paid_social,Indonesia,iOS,free,25-34,7.0.1,18.2
u_204482,2026-05-12,paid_search,India,Android,free,25-34,7.1.0,12
u_204483,2026-05-22,app_store_browse,India,iOS,free,18-24,6.9.2,18.0
u_204484,2026-06-19,paid_social,Indonesia,Web,free,25-34,6.8.0,n/a
u_204485,2026-06-04,organic_search,United States,iOS,pro_annual,25-34,7.0.0,18.2
u_204486,2026-05-19,paid_social,United Arab Emirates,Android,free,35-44,7.1.0,14
u_204487,2026-04-04,organic_search,Saudi Arabia,Android,free,18-24,7.1.0,14
u_204488,2026-04-02,paid_social,India,Android,free,18-24,7.1.0,15
u_204489,2026-04-30,organic_search,Nigeria,iOS,free,13-17,7.0.1,16.5
u_204490,2026-06-01,paid_search,United Arab Emirates,Android,free,35-44,7.1.0,15
u_204491,2026-04-22,paid_social,India,iOS,free,35-44,6.9.2,18.0
u_204492,2026-06-10,influencer,Nigeria,iOS,free,25-34,7.1.0,17.0
u_204493,2026-03-13,paid_search,India,iOS,free,25-34,6.9.0,16.5
u_204494,2026-05-10,influencer,Brazil,iOS,pro_monthly,35-44,7.1.0,18.0
u_204495,2026-06-04,organic_search,Turkey,Android,free,25-34,6.9.2,15
u_204496,2026-03-29,organic_search,United Arab Emirates,Android,free,25-34,7.1.0,14
u_204497,2026-06-05,influencer,India,iOS,free,18-24,6.9.0,17.0
u_204498,2026-06-18,app_store_browse,Philippines,Web,free,25-34,7.0.0,n/a
u_204499,2026-03-14,organic_search,India,iOS,free,18-24,7.0.1,17.0
u_204500,2026-06-04,organic_search,Pakistan,Android,pro_monthly,25-34,7.1.0,12
u_204501,2026-04-02,paid_social,Philippines,Android,free,25-34,7.0.1,14
u_204502,2026-04-24,paid_search,Brazil,iOS,pro_annual,25-34,6.9.2,16.5
u_204503,2026-04-09,organic_search,Germany,Android,enterprise,18-24,7.1.0,12
u_204504,2026-06-14,app_store_browse,Brazil,Android,free,18-24,7.1.0,12
u_204505,2026-03-14,organic_search,Turkey,Android,free,35-44,7.1.0,13
u_204506,2026-04-10,influencer,United States,iOS,free,35-44,7.0.0,16.5
u_204507,2026-04-27,paid_social,Germany,iOS,free,25-34,7.1.0,17.0
u_204508,2026-03-17,organic_search,United Arab Emirates,iOS,pro_monthly,35-44,7.0.0,17.4
u_204509,2026-04-17,paid_social,Germany,iOS,free,35-44,7.1.0,17.0
u_204510,2026-03-01,paid_search,Philippines,Web,free,25-34,7.0.0,n/a
u_204511,2026-05-09,paid_social,United States,Android,free,25-34,6.9.0,13
u_204512,2026-06-10,app_store_browse,Brazil,Android,free,25-34,7.0.1,13
u_204513,2026-05-22,influencer,Nigeria,Android,free,18-24,7.1.0,13
u_204514,2026-05-02,paid_social,Pakistan,iOS,free,35-44,7.0.1,18.0
u_204515,2026-05-02,organic_search,United Kingdom,iOS,pro_monthly,25-34,6.8.0,18.2
u_204516,2026-04-27,referral,United States,Web,free,25-34,6.9.0,n/a
u_204517,2026-05-16,app_store_browse,Saudi Arabia,Android,free,18-24,7.0.0,12
u_204518,2026-03-30,organic_search,Pakistan,Android,free,13-17,6.9.2,15
u_204519,2026-06-18,organic_search,Saudi Arabia,Android,pro_monthly,13-17,7.1.0,13
u_204520,2026-04-13,paid_search,United States,Web,free,35-44,7.1.0,n/a
u_204521,2026-04-16,influencer,Brazil,iOS,free,18-24,7.1.0,18.2
u_204522,2026-06-17,paid_social,United Arab Emirates,iOS,free,35-44,7.1.0,18.0
u_204523,2026-03-29,paid_social,India,iOS,free,25-34,7.0.1,17.0
u_204524,2026-03-19,paid_social,Germany,iOS,free,25-34,6.9.2,17.4
u_204525,2026-03-27,organic_search,Indonesia,iOS,free,45+,7.0.0,17.0
u_204526,2026-06-20,paid_search,Pakistan,Web,free,18-24,7.0.1,n/a
u_204527,2026-05-10,paid_social,Nigeria,Android,free,18-24,6.9.2,15
u_204528,2026-05-30,influencer,United Arab Emirates,iOS,free,35-44,7.0.1,18.0
u_204529,2026-06-15,paid_social,Pakistan,iOS,free,18-24,6.9.2,17.0
u_204530,2026-03-13,influencer,United States,Android,pro_monthly,18-24,7.1.0,14
u_204531,2026-03-12,organic_search,United States,Android,free,35-44,6.8.0,15
u_204532,2026-05-24,paid_social,India,Android,free,18-24,7.0.0,15
u_204533,2026-04-26,app_store_browse,Nigeria,iOS,free,25-34,7.0.0,16.5
u_204534,2026-03-08,organic_search,Turkey,Web,pro_monthly,13-17,7.1.0,n/a
u_204535,2026-03-17,referral,United States,Android,free,35-44,6.9.0,13
u_204536,2026-06-12,paid_social,United Kingdom,iOS,free,25-34,7.1.0,18.0
u_204537,2026-03-23,paid_search,United States,Web,pro_monthly,25-34,6.9.2,n/a
u_204538,2026-05-27,organic_search,Philippines,iOS,free,35-44,7.0.1,17.0
u_204539,2026-03-27,influencer,Germany,iOS,free,18-24,7.1.0,17.4
u_204540,2026-04-30,paid_social,Indonesia,Web,pro_monthly,18-24,7.0.1,n/a
u_204541,2026-04-10,paid_search,United States,Android,free,25-34,7.0.1,14
u_204542,2026-03-24,paid_search,Germany,Android,free,45+,7.1.0,14
u_204543,2026-03-12,app_store_browse,United Arab Emirates,iOS,free,35-44,6.9.2,17.4
u_204544,2026-05-25,paid_search,United States,iOS,free,25-34,7.0.1,18.0
u_204545,2026-06-01,paid_search,Saudi Arabia,iOS,free,18-24,7.0.1,18.0
u_204546,2026-06-08,app_store_browse,Nigeria,iOS,free,45+,6.9.0,16.5
u_204547,2026-03-24,paid_social,Philippines,Android,free,25-34,7.1.0,13
u_204548,2026-05-18,referral,India,Android,free,25-34,7.1.0,15
u_204549,2026-06-10,influencer,Philippines,iOS,free,35-44,7.0.0,17.4
u_204550,2026-03-19,organic_search,United States,Android,free,25-34,7.0.0,12
u_204551,2026-04-26,app_store_browse,Philippines,Android,free,25-34,7.1.0,14
u_204552,2026-06-01,referral,United Kingdom,Android,free,18-24,7.1.0,15
u_204553,2026-04-04,app_store_browse,Turkey,Web,free,18-24,7.1.0,n/a
u_204554,2026-05-03,paid_social,Brazil,iOS,free,25-34,7.1.0,18.0
u_204555,2026-06-04,app_store_browse,United Kingdom,Android,free,25-34,7.0.0,14
u_204556,2026-03-02,paid_social,United States,iOS,pro_monthly,18-24,7.0.1,18.2
u_204557,2026-05-26,referral,Pakistan,Android,free,18-24,7.1.0,13
u_204558,2026-05-27,paid_social,India,Android,free,18-24,6.9.2,14
u_204559,2026-04-02,paid_social,Turkey,Web,free,25-34,7.0.1,n/a
u_204560,2026-06-10,paid_search,United States,Android,free,18-24,7.0.1,12
u_204561,2026-04-27,influencer,United Arab Emirates,Android,free,25-34,7.0.1,13
u_204562,2026-04-21,paid_social,Pakistan,iOS,free,25-34,7.0.0,17.0
u_204563,2026-05-29,influencer,India,Android,free,25-34,7.1.0,15
u_204564,2026-05-22,referral,United Arab Emirates,iOS,free,18-24,7.0.0,17.4
u_204565,2026-03-22,paid_search,United States,Android,free,35-44,7.1.0,13
u_204566,2026-06-14,influencer,United States,Web,free,25-34,7.0.1,n/a
u_204567,2026-04-09,organic_search,India,iOS,pro_monthly,25-34,7.0.1,16.5
u_204568,2026-05-07,referral,United States,iOS,free,25-34,6.9.0,17.0
u_204569,2026-04-05,paid_social,Philippines,Android,pro_annual,35-44,7.1.0,15
u_204570,2026-04-02,paid_social,United Arab Emirates,iOS,pro_annual,18-24,7.0.1,18.2
u_204571,2026-05-22,organic_search,Indonesia,Android,free,35-44,7.0.1,12
u_204572,2026-05-20,app_store_browse,India,Android,free,18-24,7.1.0,13
u_204573,2026-03-31,organic_search,United Arab Emirates,Android,free,25-34,6.9.2,15
u_204574,2026-06-12,app_store_browse,Indonesia,Android,free,25-34,7.1.0,15
u_204575,2026-04-13,paid_search,Pakistan,Web,free,18-24,7.0.1,n/a
u_204576,2026-04-12,organic_search,United States,Android,free,35-44,7.0.1,13
u_204577,2026-03-18,paid_social,Indonesia,iOS,free,18-24,6.9.0,18.2
u_204578,2026-04-01,paid_social,United States,Web,free,25-34,6.9.2,n/a
u_204579,2026-03-13,paid_search,Indonesia,Android,free,18-24,7.0.0,14
u_204580,2026-05-07,app_store_browse,Pakistan,Android,free,25-34,7.1.0,12
u_204581,2026-05-14,influencer,United States,Android,free,18-24,7.0.1,15
u_204582,2026-05-14,app_store_browse,Indonesia,Android,free,35-44,7.1.0,13
u_204583,2026-06-09,influencer,Nigeria,iOS,free,18-24,7.1.0,18.2
u_204584,2026-06-10,paid_social,Pakistan,iOS,free,18-24,7.0.1,17.4
u_204585,2026-06-21,paid_social,United States,iOS,free,25-34,7.0.1,17.4
u_204586,2026-04-14,paid_social,United Kingdom,iOS,free,45+,7.1.0,18.2
u_204587,2026-06-06,influencer,India,Android,free,18-24,7.1.0,14
u_204588,2026-03-31,paid_search,Pakistan,Android,free,45+,7.1.0,15
u_204589,2026-05-09,paid_search,United States,Android,free,25-34,6.9.2,13
u_204590,2026-05-03,paid_social,India,iOS,pro_monthly,18-24,6.9.2,17.0
u_204591,2026-06-11,paid_social,United Arab Emirates,Web,free,25-34,7.0.0,n/a
u_204592,2026-06-01,app_store_browse,Indonesia,iOS,free,18-24,7.0.0,18.0
u_204593,2026-05-07,paid_social,Pakistan,Android,pro_annual,25-34,7.1.0,13
u_204594,2026-06-16,organic_search,Nigeria,iOS,free,45+,6.9.0,16.5
u_204595,2026-06-03,paid_search,Brazil,Android,pro_monthly,25-34,7.0.0,14
u_204596,2026-04-29,paid_social,India,Android,free,25-34,6.9.0,14
u_204597,2026-06-04,influencer,United Arab Emirates,iOS,free,18-24,7.1.0,18.0
u_204598,2026-04-21,paid_social,Nigeria,iOS,free,18-24,7.0.1,17.4
u_204599,2026-05-04,organic_search,United States,Web,free,25-34,7.0.0,n/a
u_204600,2026-03-21,paid_social,India,iOS,free,18-24,7.1.0,18.2
u_204601,2026-05-10,app_store_browse,Indonesia,iOS,free,18-24,6.9.0,17.0
u_204602,2026-04-17,influencer,United States,Android,free,25-34,6.9.0,14
u_204603,2026-06-19,paid_search,Philippines,iOS,free,18-24,7.1.0,18.0
u_204604,2026-04-21,app_store_browse,United Kingdom,Web,free,18-24,7.0.0,n/a
u_204605,2026-05-29,paid_social,Pakistan,iOS,pro_annual,25-34,6.9.0,18.2
u_204606,2026-03-21,paid_search,United States,Android,free,18-24,7.0.0,14
u_204607,2026-04-05,paid_social,Pakistan,Android,free,45+,7.0.1,15
u_204608,2026-06-02,app_store_browse,Philippines,iOS,free,25-34,7.0.1,18.0
u_204609,2026-03-02,referral,Saudi Arabia,iOS,pro_monthly,18-24,7.0.1,17.4
u_204610,2026-04-30,app_store_browse,Brazil,iOS,free,45+,7.1.0,18.0
u_204611,2026-04-05,influencer,United Kingdom,iOS,free,25-34,7.1.0,18.2
u_204612,2026-05-22,paid_search,Pakistan,iOS,free,25-34,7.0.0,18.2
u_204613,2026-05-15,referral,Turkey,Android,pro_monthly,25-34,7.1.0,13
u_204614,2026-06-05,referral,India,Android,free,18-24,7.0.1,12
u_204615,2026-03-20,organic_search,United Kingdom,Android,free,13-17,7.0.1,15
u_204616,2026-04-20,paid_social,United States,iOS,pro_annual,25-34,6.9.2,18.2
u_204617,2026-03-24,app_store_browse,Indonesia,Android,free,18-24,6.9.2,14
u_204618,2026-05-14,organic_search,Pakistan,iOS,free,25-34,7.0.0,18.2
u_204619,2026-03-05,organic_search,Pakistan,iOS,free,35-44,7.0.1,17.0
u_204620,2026-03-15,paid_social,Pakistan,Android,free,18-24,7.0.1,13
u_204621,2026-06-06,organic_search,Turkey,Android,free,25-34,6.9.2,13
u_204622,2026-04-18,organic_search,Indonesia,Android,free,25-34,7.1.0,15
u_204623,2026-04-27,organic_search,India,Android,free,13-17,7.0.1,13
u_204624,2026-03-16,paid_social,United States,Android,free,18-24,7.1.0,13
u_204625,2026-06-15,paid_social,United States,iOS,free,35-44,7.1.0,16.5
u_204626,2026-04-09,organic_search,Philippines,iOS,free,25-34,7.0.1,18.2
u_204627,2026-05-02,referral,Pakistan,Android,pro_monthly,18-24,6.9.2,14
u_204628,2026-04-23,organic_search,United States,iOS,free,45+,7.1.0,17.4
u_204629,2026-04-12,paid_social,United Kingdom,iOS,free,25-34,7.0.1,17.4
u_204630,2026-05-23,paid_social,United Kingdom,Android,free,25-34,7.0.1,15
u_204631,2026-05-16,organic_search,Turkey,iOS,free,25-34,6.9.0,17.4
u_204632,2026-03-09,referral,Nigeria,Android,free,35-44,7.1.0,14
u_204633,2026-04-15,referral,Indonesia,Android,free,18-24,7.1.0,14
u_204634,2026-03-19,paid_social,United Kingdom,Android,free,35-44,7.1.0,13
u_204635,2026-03-15,referral,United Arab Emirates,Android,free,35-44,6.9.0,12
u_204636,2026-04-13,paid_search,Philippines,iOS,free,35-44,7.1.0,18.2
u_204637,2026-05-10,paid_social,United States,Android,free,45+,7.1.0,12
u_204638,2026-03-01,influencer,United Arab Emirates,iOS,free,18-24,7.1.0,17.0
u_204639,2026-05-14,organic_search,Philippines,Web,pro_monthly,25-34,6.9.2,n/a
u_204640,2026-03-23,organic_search,India,Android,free,18-24,7.0.0,13
u_204641,2026-05-18,referral,United Kingdom,Web,free,35-44,7.0.1,n/a
u_204642,2026-06-08,paid_search,Pakistan,Android,free,18-24,7.0.1,14
u_204643,2026-03-23,organic_search,United Arab Emirates,Web,enterprise,18-24,7.0.1,n/a
u_204644,2026-05-05,referral,Pakistan,Web,free,18-24,6.8.0,n/a
u_204645,2026-06-13,paid_social,India,Android,free,18-24,7.1.0,15
u_204646,2026-04-17,organic_search,United Kingdom,Android,free,18-24,7.0.0,14
u_204647,2026-03-29,paid_search,Nigeria,Android,free,13-17,7.0.1,12
u_204648,2026-04-25,paid_search,United Kingdom,Android,free,18-24,7.0.1,13
u_204649,2026-03-12,referral,United States,Android,pro_annual,45+,7.1.0,14
u_204650,2026-06-07,app_store_browse,United States,Android,free,18-24,6.9.2,13
u_204651,2026-03-13,paid_social,Turkey,Android,free,25-34,7.0.0,15
u_204652,2026-06-16,paid_social,Nigeria,Web,free,18-24,7.1.0,n/a
u_204653,2026-06-03,app_store_browse,United Arab Emirates,iOS,free,25-34,7.1.0,17.0
u_204654,2026-04-29,organic_search,Pakistan,Web,free,45+,7.1.0,n/a
u_204655,2026-03-29,organic_search,United Arab Emirates,iOS,free,45+,7.1.0,17.4
u_204656,2026-03-24,paid_social,United Kingdom,iOS,free,25-34,6.8.0,16.5
u_204657,2026-06-01,paid_social,India,Android,pro_annual,35-44,7.1.0,15
u_204658,2026-06-02,app_store_browse,India,iOS,free,18-24,6.9.2,18.0
u_204659,2026-04-17,paid_search,Indonesia,Web,free,18-24,7.1.0,n/a
u_204660,2026-03-29,app_store_browse,United States,iOS,pro_monthly,25-34,7.0.1,17.4
u_204661,2026-04-12,paid_search,Germany,iOS,free,18-24,7.0.0,17.4
u_204662,2026-04-07,organic_search,Brazil,Android,free,45+,7.0.0,13
u_204663,2026-04-06,influencer,Nigeria,iOS,pro_annual,18-24,7.0.0,18.2
u_204664,2026-05-25,influencer,Pakistan,Android,free,25-34,7.1.0,14
u_204665,2026-03-03,organic_search,Philippines,Android,free,25-34,7.0.1,15
u_204666,2026-05-10,paid_search,United Arab Emirates,Android,free,13-17,7.1.0,15
u_204667,2026-04-26,referral,Pakistan,iOS,pro_annual,45+,7.1.0,18.0
u_204668,2026-03-25,app_store_browse,United States,Android,free,25-34,6.9.2,14
u_204669,2026-04-30,organic_search,United States,Android,free,35-44,6.9.2,14
u_204670,2026-03-05,referral,Indonesia,Android,free,25-34,6.9.0,14
u_204671,2026-03-12,paid_social,Pakistan,iOS,pro_monthly,25-34,7.1.0,18.2
u_204672,2026-05-15,influencer,United Arab Emirates,Android,free,18-24,7.1.0,14
u_204673,2026-05-07,influencer,Indonesia,Android,free,25-34,7.1.0,12
u_204674,2026-03-15,paid_search,Germany,Android,free,35-44,6.9.0,13
u_204675,2026-03-29,paid_search,Brazil,Android,free,18-24,7.1.0,14
u_204676,2026-05-03,paid_social,Indonesia,Web,free,18-24,7.0.1,n/a
u_204677,2026-06-01,paid_social,Philippines,iOS,pro_annual,45+,7.1.0,17.4
u_204678,2026-05-31,paid_social,Turkey,iOS,free,18-24,6.9.2,16.5
u_204679,2026-03-28,influencer,United States,iOS,enterprise,25-34,6.9.2,16.5
u_204680,2026-03-26,influencer,Pakistan,Android,free,18-24,7.1.0,14
u_204681,2026-04-28,influencer,India,Android,pro_monthly,18-24,7.1.0,12
u_204682,2026-03-10,paid_social,Brazil,Android,free,25-34,7.0.1,14
u_204683,2026-03-21,paid_social,India,Web,free,25-34,7.0.0,n/a
u_204684,2026-03-24,paid_search,India,Android,free,18-24,6.9.0,12
u_204685,2026-04-28,organic_search,United States,Android,free,45+,7.1.0,14
u_204686,2026-05-06,paid_social,United Arab Emirates,Android,free,18-24,7.0.1,15
u_204687,2026-03-12,paid_search,Nigeria,Android,free,25-34,7.1.0,15
u_204688,2026-03-16,paid_social,Pakistan,Android,free,45+,7.0.0,12
u_204689,2026-04-05,paid_search,United Kingdom,iOS,free,25-34,6.8.0,17.0
u_204690,2026-05-19,organic_search,United Kingdom,Web,free,25-34,7.0.1,n/a
u_204691,2026-05-27,referral,United Kingdom,Android,free,18-24,7.0.1,15
u_204692,2026-03-19,influencer,Germany,iOS,free,25-34,7.0.0,16.5
u_204693,2026-04-01,paid_search,United States,Android,enterprise,35-44,7.0.1,15
u_204694,2026-04-15,paid_social,Brazil,Web,free,35-44,7.0.1,n/a
u_204695,2026-04-27,organic_search,United States,iOS,pro_annual,35-44,6.9.2,17.4
u_204696,2026-04-03,organic_search,Turkey,Android,free,25-34,6.9.2,15
u_204697,2026-03-22,paid_search,United Arab Emirates,Android,free,35-44,7.1.0,14
u_204698,2026-06-18,referral,Nigeria,Web,free,25-34,7.1.0,n/a
u_204699,2026-05-07,referral,Pakistan,iOS,free,25-34,7.0.0,18.0
u_204700,2026-03-06,influencer,United Arab Emirates,Android,free,25-34,7.1.0,15
u_204701,2026-06-08,paid_social,United States,iOS,free,18-24,7.1.0,17.4
u_204702,2026-05-24,influencer,India,Android,free,25-34,7.0.0,13
u_204703,2026-03-16,organic_search,Germany,iOS,free,13-17,6.8.0,17.0
u_204704,2026-04-21,referral,Brazil,Android,pro_annual,18-24,6.9.0,13
u_204705,2026-03-17,app_store_browse,Germany,Android,free,18-24,6.8.0,12
u_204706,2026-04-19,organic_search,Turkey,iOS,free,25-34,7.0.0,18.2
u_204707,2026-05-29,organic_search,Germany,Android,free,35-44,7.0.1,13
u_204708,2026-04-05,organic_search,United Kingdom,Android,free,18-24,7.1.0,13
u_204709,2026-06-19,paid_social,Pakistan,Android,free,25-34,7.0.1,15
u_204710,2026-06-14,influencer,Nigeria,Android,free,35-44,7.1.0,12
u_204711,2026-04-14,paid_social,Pakistan,Android,free,25-34,7.0.1,12
u_204712,2026-06-02,paid_social,Pakistan,Android,free,45+,7.1.0,12
u_204713,2026-03-05,app_store_browse,Saudi Arabia,iOS,free,45+,7.0.1,17.4
u_204714,2026-05-15,paid_social,Nigeria,iOS,free,18-24,6.9.2,17.0
u_204715,2026-05-20,paid_search,Saudi Arabia,iOS,free,25-34,7.1.0,17.0
u_204716,2026-04-20,paid_search,United States,Android,free,35-44,6.9.2,15
u_204717,2026-03-23,paid_social,United States,Android,enterprise,25-34,6.9.2,12
u_204718,2026-04-28,app_store_browse,Saudi Arabia,Android,free,25-34,7.0.0,15
u_204719,2026-05-15,paid_social,United States,Android,free,25-34,7.0.1,12
u_204720,2026-03-05,paid_social,United Arab Emirates,iOS,free,25-34,7.0.1,17.4
u_204721,2026-04-03,organic_search,Turkey,iOS,free,35-44,7.0.1,16.5
u_204722,2026-05-28,paid_social,Pakistan,Android,free,35-44,7.0.0,13
u_204723,2026-05-19,paid_search,United Arab Emirates,iOS,free,18-24,6.9.2,17.4
u_204724,2026-06-07,paid_social,United Kingdom,Android,free,18-24,6.9.2,12
u_204725,2026-05-02,paid_search,United States,Android,enterprise,18-24,7.0.1,14
u_204726,2026-05-29,paid_social,Nigeria,Android,free,18-24,6.9.2,13
u_204727,2026-04-23,influencer,Pakistan,iOS,free,35-44,6.8.0,17.4
u_204728,2026-06-03,app_store_browse,United States,iOS,free,25-34,7.1.0,17.4
u_204729,2026-03-13,paid_social,Philippines,Android,free,25-34,7.1.0,13
u_204730,2026-03-22,paid_social,United States,Android,free,25-34,7.0.0,14
u_204731,2026-03-05,referral,Saudi Arabia,Android,free,18-24,6.9.2,15
u_204732,2026-04-19,organic_search,Pakistan,iOS,free,18-24,7.0.0,16.5
u_204733,2026-05-03,paid_social,United States,Android,free,25-34,7.1.0,13
u_204734,2026-04-12,organic_search,Philippines,iOS,free,25-34,6.8.0,18.0
u_204735,2026-05-23,influencer,Indonesia,Android,free,18-24,7.0.1,13
u_204736,2026-04-26,paid_social,Germany,Android,free,18-24,7.0.1,13
u_204737,2026-03-21,paid_social,Nigeria,Android,free,25-34,7.0.0,12
u_204738,2026-06-14,paid_social,Indonesia,iOS,free,25-34,7.1.0,17.0
u_204739,2026-04-08,paid_search,Indonesia,Android,pro_monthly,25-34,7.1.0,13
u_204740,2026-03-29,organic_search,Germany,Web,pro_annual,18-24,7.0.1,n/a
u_204741,2026-05-24,paid_social,Indonesia,Android,free,18-24,7.0.0,12
u_204742,2026-06-08,paid_search,Pakistan,Android,free,18-24,7.0.1,15
u_204743,2026-06-10,paid_social,United Kingdom,iOS,free,18-24,7.1.0,17.0
u_204744,2026-05-17,influencer,Turkey,iOS,free,35-44,7.0.0,16.5
u_204745,2026-06-05,paid_search,India,iOS,free,45+,7.0.0,18.0
u_204746,2026-04-09,influencer,Nigeria,iOS,free,18-24,7.1.0,16.5
u_204747,2026-06-06,referral,Nigeria,iOS,pro_monthly,35-44,7.0.0,16.5
u_204748,2026-05-31,organic_search,Turkey,Web,free,18-24,7.0.1,n/a
u_204749,2026-03-31,organic_search,Nigeria,iOS,free,18-24,6.9.0,18.0
u_204750,2026-06-20,paid_social,United States,Android,free,25-34,7.0.1,12
u_204751,2026-03-08,organic_search,Saudi Arabia,Android,free,25-34,7.0.1,13
u_204752,2026-04-20,paid_search,India,Web,free,18-24,7.1.0,n/a
u_204753,2026-05-25,paid_social,United States,Android,free,35-44,6.9.0,13
u_204754,2026-05-06,influencer,India,Web,free,45+,6.9.2,n/a
u_204755,2026-04-13,influencer,Brazil,Android,free,18-24,7.0.1,15
u_204756,2026-03-31,organic_search,Nigeria,iOS,free,18-24,6.8.0,18.0
u_204757,2026-06-04,influencer,Germany,Web,free,25-34,7.0.1,n/a
u_204758,2026-05-31,influencer,United Arab Emirates,Android,free,18-24,7.1.0,15
u_204759,2026-03-05,referral,United States,Android,pro_monthly,18-24,7.1.0,12
u_204760,2026-04-12,paid_search,Indonesia,iOS,free,18-24,7.1.0,17.0
u_204761,2026-03-14,paid_search,United Kingdom,iOS,free,25-34,6.9.0,18.0
u_204762,2026-03-20,organic_search,Turkey,Android,free,13-17,7.0.1,13
u_204763,2026-05-18,influencer,United States,Web,free,25-34,6.9.2,n/a
u_204764,2026-04-29,organic_search,Pakistan,iOS,free,25-34,6.9.2,16.5
u_204765,2026-04-26,paid_social,India,iOS,free,45+,6.9.2,17.4
u_204766,2026-06-12,paid_social,India,Web,free,18-24,6.9.2,n/a
u_204767,2026-05-02,organic_search,Pakistan,Android,free,18-24,7.0.0,12
u_204768,2026-05-19,influencer,Germany,Web,free,25-34,7.0.0,n/a
u_204769,2026-04-10,organic_search,United Kingdom,iOS,free,18-24,7.0.0,17.4
u_204770,2026-05-28,paid_search,India,Android,free,35-44,7.0.1,13
u_204771,2026-03-11,influencer,United Arab Emirates,Android,pro_monthly,18-24,7.0.0,15
u_204772,2026-03-30,referral,Turkey,Web,free,18-24,6.9.0,n/a
u_204773,2026-05-17,paid_social,Saudi Arabia,Android,free,18-24,7.0.1,14
u_204774,2026-03-11,paid_social,United States,iOS,free,35-44,6.8.0,18.0
u_204775,2026-03-10,influencer,Pakistan,Android,free,18-24,7.0.0,14
u_204776,2026-03-17,influencer,Turkey,iOS,free,25-34,7.1.0,17.0
u_204777,2026-03-07,paid_social,Pakistan,Web,free,25-34,7.1.0,n/a
u_204778,2026-06-08,paid_social,Saudi Arabia,Android,pro_monthly,18-24,6.9.2,13
u_204779,2026-06-19,paid_social,United States,Android,free,18-24,6.9.2,13
u_204780,2026-05-30,organic_search,India,iOS,free,25-34,7.1.0,17.4
u_204781,2026-05-14,paid_social,United States,Android,pro_monthly,18-24,6.9.2,14
u_204782,2026-06-15,influencer,United Arab Emirates,Android,free,45+,6.9.2,14
u_204783,2026-03-19,paid_search,Germany,Android,free,13-17,6.9.2,12
u_204784,2026-06-03,paid_social,United Arab Emirates,Android,pro_annual,18-24,6.9.2,15
u_204785,2026-03-09,organic_search,Saudi Arabia,iOS,free,18-24,6.9.2,18.0
u_204786,2026-06-06,paid_social,United Kingdom,iOS,free,18-24,7.0.0,17.0
u_204787,2026-05-12,influencer,Brazil,iOS,free,18-24,6.9.0,16.5
u_204788,2026-03-18,paid_social,India,iOS,free,45+,7.1.0,17.0
u_204789,2026-03-18,paid_social,Pakistan,iOS,free,35-44,6.9.2,17.4
u_204790,2026-05-04,influencer,Germany,iOS,free,35-44,6.9.2,18.2
u_204791,2026-03-19,paid_social,United States,iOS,free,25-34,7.1.0,18.2
u_204792,2026-04-08,influencer,United States,Web,free,35-44,7.1.0,n/a
u_204793,2026-06-04,referral,India,iOS,pro_monthly,35-44,7.0.1,18.2
u_204794,2026-05-06,organic_search,United Kingdom,Web,free,18-24,7.1.0,n/a
u_204795,2026-05-09,influencer,United States,Android,pro_monthly,18-24,7.0.0,13
u_204796,2026-03-10,influencer,Nigeria,iOS,free,25-34,6.9.2,18.0
u_204797,2026-05-31,app_store_browse,Indonesia,iOS,free,18-24,7.1.0,17.0
u_204798,2026-05-18,referral,Pakistan,iOS,free,25-34,6.9.2,17.0
u_204799,2026-03-13,influencer,United States,Android,free,18-24,6.8.0,12
u_204800,2026-04-06,referral,Saudi Arabia,Web,free,18-24,7.1.0,n/a
u_204801,2026-06-10,paid_social,Saudi Arabia,iOS,free,25-34,7.0.1,17.4
u_204802,2026-04-26,organic_search,Pakistan,Android,free,25-34,7.0.1,14
u_204803,2026-06-15,referral,India,Web,free,18-24,7.0.0,n/a
u_204804,2026-04-09,organic_search,Indonesia,iOS,free,25-34,7.0.1,17.4
u_204805,2026-05-24,organic_search,United Arab Emirates,iOS,free,25-34,7.0.0,17.0
u_204806,2026-05-27,organic_search,India,iOS,free,35-44,6.8.0,17.4
u_204807,2026-04-22,paid_social,United States,iOS,free,18-24,7.0.0,18.0
u_204808,2026-06-15,influencer,United States,iOS,free,18-24,7.0.1,18.0
u_204809,2026-06-16,app_store_browse,Pakistan,Android,free,45+,7.0.1,13
u_204810,2026-04-02,organic_search,India,iOS,free,18-24,6.9.2,18.0
u_204811,2026-04-20,paid_social,United Arab Emirates,iOS,free,18-24,7.0.1,16.5
u_204812,2026-05-22,paid_social,Turkey,iOS,free,18-24,7.0.1,17.0
u_204813,2026-06-17,paid_social,Germany,Web,free,18-24,7.0.1,n/a
u_204814,2026-03-16,organic_search,Turkey,iOS,pro_annual,25-34,6.9.2,17.4
u_204815,2026-03-29,paid_social,India,Web,free,18-24,7.0.0,n/a
u_204816,2026-06-21,organic_search,Pakistan,Android,free,25-34,7.0.1,13
u_204817,2026-04-06,influencer,United States,Android,free,35-44,7.1.0,15
u_204818,2026-03-24,paid_search,Indonesia,Android,free,25-34,7.0.1,14
u_204819,2026-05-16,app_store_browse,Philippines,Android,free,18-24,7.1.0,12
u_204820,2026-03-19,influencer,United Arab Emirates,Android,free,18-24,6.9.0,14
u_204821,2026-05-26,paid_social,India,iOS,pro_monthly,18-24,6.9.2,17.4
u_204822,2026-03-23,organic_search,India,iOS,free,18-24,6.9.2,18.2
u_204823,2026-04-20,paid_social,Brazil,Android,free,35-44,6.9.2,14
u_204824,2026-03-24,paid_social,Turkey,Android,free,25-34,6.8.0,12
u_204825,2026-05-27,organic_search,Pakistan,iOS,free,45+,6.9.0,18.0
u_204826,2026-03-14,paid_search,Nigeria,Android,free,13-17,6.9.0,13
u_204827,2026-05-06,organic_search,Pakistan,iOS,free,25-34,7.0.1,18.0
u_204828,2026-05-21,paid_social,United Kingdom,Android,free,18-24,7.0.0,12
u_204829,2026-04-16,paid_social,Turkey,iOS,free,45+,7.1.0,18.2
u_204830,2026-05-01,organic_search,Indonesia,Web,free,25-34,6.9.2,n/a
u_204831,2026-05-09,referral,United States,Android,free,25-34,6.9.0,13
u_204832,2026-04-04,influencer,India,iOS,free,18-24,7.1.0,18.2
u_204833,2026-05-22,paid_search,Indonesia,Android,free,18-24,7.0.1,13
u_204834,2026-03-31,referral,Turkey,iOS,free,35-44,7.1.0,17.0
u_204835,2026-04-21,paid_search,United Arab Emirates,Android,pro_monthly,18-24,7.1.0,14
u_204836,2026-04-11,influencer,Nigeria,Android,free,18-24,7.0.1,15
u_204837,2026-04-19,organic_search,India,iOS,free,18-24,6.9.2,17.4
u_204838,2026-03-20,organic_search,Pakistan,Android,free,18-24,6.9.2,13
u_204839,2026-03-22,paid_search,Turkey,iOS,free,25-34,7.0.0,17.4
u_204840,2026-05-27,influencer,Nigeria,Android,free,25-34,7.0.0,15
u_204841,2026-05-01,referral,Nigeria,Web,free,18-24,7.0.0,n/a
u_204842,2026-03-06,paid_social,Brazil,iOS,free,25-34,6.9.2,18.2
u_204843,2026-06-10,paid_social,Turkey,Android,free,35-44,6.9.0,13
u_204844,2026-05-14,organic_search,Turkey,Web,pro_monthly,25-34,7.0.0,n/a
u_204845,2026-06-07,influencer,India,Android,free,18-24,7.0.0,14
u_204846,2026-05-19,paid_social,Pakistan,Android,free,18-24,7.0.1,14
u_204847,2026-04-21,paid_social,United States,iOS,pro_monthly,25-34,7.0.0,18.0
u_204848,2026-04-05,influencer,United States,Web,free,25-34,7.1.0,n/a
u_204849,2026-04-19,paid_search,United Kingdom,Android,free,13-17,7.0.0,14
u_204850,2026-04-27,paid_social,Pakistan,iOS,free,13-17,6.9.2,18.2
u_204851,2026-03-04,paid_social,United States,iOS,free,35-44,7.1.0,18.0
u_204852,2026-05-22,organic_search,United Kingdom,Android,free,25-34,7.0.1,13
u_204853,2026-03-03,influencer,Pakistan,Android,pro_monthly,45+,7.0.0,14
u_204854,2026-03-16,paid_social,United States,iOS,free,45+,7.0.0,18.2
u_204855,2026-04-14,paid_search,Brazil,Android,free,25-34,6.9.0,14
u_204856,2026-05-23,paid_search,Brazil,iOS,free,18-24,7.0.1,17.4
u_204857,2026-03-25,paid_search,Brazil,Android,free,13-17,6.8.0,13
u_204858,2026-06-03,influencer,Saudi Arabia,Web,free,35-44,6.9.2,n/a
u_204859,2026-03-01,app_store_browse,United States,Web,free,25-34,6.9.0,n/a
u_204860,2026-05-02,referral,India,Android,pro_annual,18-24,7.1.0,13
u_204861,2026-03-04,paid_social,United States,iOS,free,13-17,7.1.0,16.5
u_204862,2026-06-17,organic_search,United Kingdom,Android,free,35-44,6.8.0,13
u_204863,2026-05-23,organic_search,United Arab Emirates,iOS,free,25-34,6.9.0,16.5
u_204864,2026-06-05,referral,Saudi Arabia,Android,free,25-34,7.0.0,15
u_204865,2026-04-30,paid_social,Germany,Android,free,18-24,6.9.0,14
u_204866,2026-04-15,app_store_browse,Germany,Android,free,35-44,6.8.0,15
u_204867,2026-04-18,paid_search,India,iOS,free,35-44,7.0.1,17.4
u_204868,2026-03-23,paid_search,Indonesia,iOS,free,35-44,7.0.1,18.2
u_204869,2026-05-25,paid_search,United States,Android,free,25-34,7.0.1,12
u_204870,2026-04-05,app_store_browse,United States,Android,free,18-24,7.1.0,13
u_204871,2026-05-24,paid_social,United Kingdom,Android,free,25-34,7.0.1,14
u_204872,2026-05-17,influencer,Indonesia,Android,free,35-44,7.1.0,14
u_204873,2026-03-19,referral,India,Android,free,18-24,6.9.2,15
u_204874,2026-05-09,influencer,India,iOS,pro_annual,25-34,7.0.1,17.0
u_204875,2026-03-25,paid_social,India,Android,free,18-24,7.1.0,14
u_204876,2026-04-21,influencer,Turkey,Android,free,25-34,7.1.0,13
u_204877,2026-04-28,paid_social,Brazil,Web,free,18-24,6.9.0,n/a
u_204878,2026-03-17,app_store_browse,Germany,iOS,free,35-44,7.0.1,18.2
u_204879,2026-05-28,organic_search,Saudi Arabia,Android,pro_monthly,25-34,7.0.0,14
u_204880,2026-05-17,app_store_browse,Saudi Arabia,Android,free,25-34,6.9.2,12
u_204881,2026-06-11,paid_social,United States,Android,pro_annual,25-34,7.0.1,14
u_204882,2026-06-07,paid_social,United States,iOS,free,18-24,6.9.0,18.0
u_204883,2026-04-19,paid_search,Turkey,Android,free,25-34,7.1.0,12
u_204884,2026-03-28,app_store_browse,United States,Android,pro_monthly,25-34,7.0.0,14
u_204885,2026-03-26,referral,India,iOS,free,25-34,7.0.1,18.2
u_204886,2026-03-11,influencer,Indonesia,Web,free,18-24,7.0.1,n/a
u_204887,2026-04-23,paid_social,United States,Android,free,25-34,6.9.2,15
u_204888,2026-03-12,paid_social,United Kingdom,iOS,free,18-24,7.0.1,17.0
u_204889,2026-05-13,referral,Turkey,iOS,free,35-44,7.0.0,18.2
u_204890,2026-04-19,paid_social,Germany,Android,free,25-34,7.0.1,15
u_204891,2026-03-31,influencer,Indonesia,Android,free,18-24,7.0.0,15
u_204892,2026-03-02,organic_search,United Kingdom,iOS,free,13-17,6.9.2,17.0
u_204893,2026-04-08,paid_social,United Kingdom,iOS,free,25-34,7.1.0,18.2
u_204894,2026-03-14,organic_search,Pakistan,Web,pro_monthly,18-24,7.0.0,n/a
u_204895,2026-04-15,organic_search,Pakistan,Android,free,18-24,6.9.2,15
u_204896,2026-06-19,paid_social,Indonesia,Android,free,35-44,7.1.0,13
u_204897,2026-04-30,organic_search,United States,Android,free,18-24,6.9.2,12
u_204898,2026-05-23,organic_search,United Arab Emirates,iOS,free,18-24,7.0.1,17.0
u_204899,2026-06-19,influencer,United States,iOS,free,35-44,7.0.1,16.5
u_204900,2026-05-15,paid_social,United Kingdom,Android,pro_annual,45+,6.8.0,14
u_204901,2026-04-12,referral,United Arab Emirates,Android,pro_monthly,25-34,7.0.0,14
u_204902,2026-05-30,influencer,Brazil,Android,free,18-24,7.1.0,14
u_204903,2026-04-16,app_store_browse,United States,Web,free,25-34,7.0.0,n/a
u_204904,2026-05-24,paid_search,Nigeria,iOS,free,25-34,6.9.2,18.2
u_204905,2026-06-01,referral,India,iOS,free,35-44,7.1.0,16.5
u_204906,2026-03-09,influencer,United Arab Emirates,Android,free,35-44,7.0.1,15
u_204907,2026-05-21,influencer,United Arab Emirates,Web,free,25-34,6.8.0,n/a
u_204908,2026-03-21,influencer,Nigeria,Web,free,35-44,7.0.1,n/a
u_204909,2026-05-02,paid_search,Pakistan,iOS,free,18-24,7.1.0,17.4
u_204910,2026-03-31,influencer,Pakistan,iOS,pro_annual,45+,7.0.1,16.5
u_204911,2026-06-07,paid_social,United Arab Emirates,Android,free,35-44,6.9.2,14
u_204912,2026-04-29,influencer,United States,Android,free,25-34,7.1.0,12
u_204913,2026-05-27,organic_search,United States,iOS,free,35-44,7.1.0,17.0
u_204914,2026-06-16,influencer,Indonesia,Android,pro_annual,18-24,7.0.1,12
u_204915,2026-06-09,paid_search,Indonesia,Web,free,18-24,7.0.0,n/a
u_204916,2026-04-24,app_store_browse,United Arab Emirates,iOS,free,18-24,7.0.1,16.5
u_204917,2026-04-24,app_store_browse,United States,iOS,free,25-34,7.1.0,17.0
u_204918,2026-03-22,influencer,United Arab Emirates,Android,enterprise,25-34,7.0.1,13
u_204919,2026-06-04,influencer,United States,Android,free,25-34,6.9.2,15
u_204920,2026-05-07,paid_social,United States,Android,free,35-44,7.0.0,13
u_204921,2026-04-07,influencer,Philippines,Android,free,18-24,6.8.0,15
u_204922,2026-04-02,app_store_browse,Saudi Arabia,iOS,free,45+,7.0.0,16.5
u_204923,2026-06-14,organic_search,United States,Android,pro_annual,18-24,6.9.0,15
u_204924,2026-04-11,influencer,Saudi Arabia,Android,free,25-34,7.1.0,15
u_204925,2026-05-14,referral,Turkey,Android,free,18-24,7.1.0,12
u_204926,2026-05-20,paid_social,Pakistan,Android,free,25-34,7.1.0,13
u_204927,2026-04-11,influencer,Brazil,iOS,free,35-44,6.9.0,17.4
u_204928,2026-04-18,app_store_browse,United States,Android,free,18-24,7.0.1,12
u_204929,2026-03-23,app_store_browse,India,iOS,free,18-24,7.0.1,17.0
u_204930,2026-04-02,paid_social,Pakistan,Android,pro_monthly,25-34,7.0.1,15
u_204931,2026-04-18,app_store_browse,United Arab Emirates,iOS,free,18-24,7.1.0,16.5
u_204932,2026-03-31,organic_search,Indonesia,iOS,free,25-34,7.0.1,17.0
u_204933,2026-04-28,referral,India,iOS,free,25-34,7.1.0,16.5
u_204934,2026-05-26,app_store_browse,United States,Web,free,18-24,7.0.0,n/a
u_204935,2026-03-06,paid_social,Brazil,iOS,free,25-34,7.1.0,18.2
u_204936,2026-06-11,app_store_browse,India,Web,free,13-17,7.0.0,n/a
u_204937,2026-03-17,influencer,United States,Web,free,25-34,7.0.0,n/a
u_204938,2026-04-13,influencer,Indonesia,Android,free,25-34,7.1.0,15
u_204939,2026-05-01,influencer,United States,Android,free,25-34,6.9.2,13
u_204940,2026-03-16,paid_social,India,iOS,pro_monthly,25-34,7.0.1,17.4
u_204941,2026-03-27,referral,Saudi Arabia,iOS,free,13-17,6.9.0,18.0
u_204942,2026-06-18,organic_search,Brazil,Android,free,35-44,6.8.0,12
u_204943,2026-04-02,organic_search,Germany,Web,free,13-17,7.0.1,n/a
u_204944,2026-05-29,referral,Turkey,iOS,free,25-34,6.8.0,18.0
u_204945,2026-05-23,organic_search,United Arab Emirates,iOS,pro_monthly,18-24,7.1.0,18.2
u_204946,2026-03-19,paid_social,United States,Web,free,45+,6.9.2,n/a
u_204947,2026-06-12,influencer,India,Android,free,25-34,7.1.0,15
u_204948,2026-06-05,referral,United States,Android,free,18-24,7.0.1,13
u_204949,2026-06-12,influencer,Pakistan,Android,free,13-17,6.8.0,12
u_204950,2026-03-29,referral,India,Android,free,35-44,7.1.0,12
u_204951,2026-05-23,influencer,Turkey,Android,free,13-17,7.1.0,15
u_204952,2026-04-22,referral,United States,Android,pro_annual,25-34,7.0.1,13
u_204953,2026-03-07,paid_social,India,iOS,free,18-24,7.1.0,16.5
u_204954,2026-04-08,paid_search,Indonesia,Web,free,18-24,7.0.0,n/a
u_204955,2026-06-08,influencer,Saudi Arabia,iOS,free,45+,6.9.0,17.4
u_204956,2026-04-26,paid_social,United States,iOS,free,18-24,7.0.1,18.2
u_204957,2026-04-18,paid_social,Germany,iOS,free,45+,6.9.2,18.0
u_204958,2026-06-12,paid_search,Turkey,Web,free,25-34,7.0.0,n/a
u_204959,2026-06-14,paid_social,India,iOS,free,25-34,7.0.1,16.5
u_204960,2026-05-24,referral,United Kingdom,Web,free,25-34,7.0.1,n/a
u_204961,2026-04-08,paid_social,Philippines,iOS,free,18-24,7.0.0,18.0
u_204962,2026-05-30,paid_social,Indonesia,iOS,free,25-34,7.1.0,17.0
u_204963,2026-05-13,paid_social,India,iOS,free,18-24,7.0.0,17.0
u_204964,2026-06-18,influencer,Pakistan,Android,pro_monthly,25-34,7.1.0,12
u_204965,2026-05-10,organic_search,Pakistan,iOS,free,18-24,7.0.1,17.4
u_204966,2026-05-05,paid_social,India,Web,free,35-44,7.1.0,n/a
u_204967,2026-03-14,paid_search,Pakistan,Android,free,35-44,6.8.0,13
u_204968,2026-05-06,influencer,United Arab Emirates,iOS,free,25-34,7.1.0,18.0
u_204969,2026-05-18,referral,Saudi Arabia,iOS,free,25-34,6.9.0,17.4
u_204970,2026-06-20,influencer,Brazil,Android,free,35-44,7.1.0,13
u_204971,2026-05-21,organic_search,Pakistan,iOS,pro_monthly,18-24,7.0.1,17.0
u_204972,2026-03-06,app_store_browse,Pakistan,iOS,free,35-44,7.1.0,17.0
u_204973,2026-05-03,organic_search,United Kingdom,Web,free,25-34,7.0.1,n/a
u_204974,2026-06-12,influencer,Nigeria,iOS,free,25-34,7.1.0,16.5
u_204975,2026-05-05,paid_search,Philippines,Web,free,35-44,6.9.2,n/a
u_204976,2026-06-17,referral,Nigeria,Android,pro_monthly,45+,7.0.1,13
u_204977,2026-06-03,referral,Turkey,iOS,pro_monthly,18-24,6.9.2,18.2
u_204978,2026-05-29,referral,United States,Web,free,35-44,7.1.0,n/a
u_204979,2026-03-09,influencer,United States,Android,free,35-44,7.0.0,13
u_204980,2026-03-17,organic_search,Pakistan,Android,free,25-34,6.9.2,13
u_204981,2026-03-16,paid_search,United States,Android,free,25-34,7.0.1,13
u_204982,2026-03-01,paid_social,India,iOS,free,18-24,6.9.0,17.0
u_204983,2026-06-08,organic_search,Indonesia,Android,free,18-24,7.1.0,15
u_204984,2026-06-01,referral,Nigeria,iOS,free,18-24,7.0.1,18.2
u_204985,2026-04-25,paid_search,United States,iOS,enterprise,35-44,6.9.0,17.4
u_204986,2026-04-23,paid_search,United States,iOS,free,25-34,7.1.0,18.2
u_204987,2026-05-20,paid_social,India,Web,free,35-44,7.0.0,n/a
u_204988,2026-04-08,paid_search,United States,iOS,free,25-34,7.1.0,18.2
u_204989,2026-05-26,paid_social,Pakistan,Web,free,18-24,6.9.2,n/a
u_204990,2026-06-10,paid_search,Turkey,Web,free,18-24,6.9.0,n/a
u_204991,2026-06-02,paid_social,Pakistan,Android,free,25-34,7.0.1,12
u_204992,2026-05-01,organic_search,India,iOS,free,25-34,6.9.2,16.5
u_204993,2026-04-27,app_store_browse,Germany,Android,free,25-34,6.9.2,15
u_204994,2026-06-05,organic_search,United States,Web,pro_monthly,45+,7.1.0,n/a
u_204995,2026-03-04,organic_search,Turkey,Web,free,18-24,6.9.2,n/a
u_204996,2026-03-09,paid_social,Pakistan,Web,free,18-24,6.9.0,n/a
u_204997,2026-03-31,referral,Philippines,Android,free,25-34,7.1.0,14
u_204998,2026-04-24,organic_search,Pakistan,Web,free,25-34,7.0.1,n/a
u_204999,2026-06-01,paid_social,Indonesia,iOS,free,25-34,7.1.0,17.4
u_205000,2026-03-09,organic_search,United States,Android,free,18-24,6.9.2,15
u_205001,2026-05-12,referral,Saudi Arabia,iOS,free,25-34,7.0.0,17.0
u_205002,2026-04-14,influencer,United Arab Emirates,iOS,free,35-44,6.9.2,17.0
u_205003,2026-04-09,paid_social,Pakistan,iOS,pro_monthly,45+,7.1.0,18.2
u_205004,2026-05-20,app_store_browse,United Arab Emirates,iOS,free,45+,7.1.0,17.4
u_205005,2026-03-13,paid_social,United States,Android,free,25-34,6.8.0,14
u_205006,2026-03-30,app_store_browse,United States,iOS,free,25-34,6.9.0,18.2
u_205007,2026-06-04,organic_search,Pakistan,iOS,pro_monthly,35-44,7.0.1,16.5
u_205008,2026-05-25,paid_social,Germany,Web,free,45+,7.1.0,n/a
u_205009,2026-03-02,paid_search,United States,iOS,pro_monthly,18-24,7.0.1,17.0
u_205010,2026-05-15,influencer,United States,iOS,free,18-24,7.1.0,17.4
u_205011,2026-04-10,paid_social,India,iOS,free,35-44,7.0.1,16.5
u_205012,2026-03-17,paid_search,United States,Android,free,18-24,7.1.0,14
u_205013,2026-04-24,paid_social,United Arab Emirates,iOS,pro_monthly,18-24,6.9.0,17.4
u_205014,2026-04-06,organic_search,Saudi Arabia,Android,free,25-34,6.9.2,15
u_205015,2026-03-23,organic_search,United Kingdom,iOS,pro_monthly,18-24,7.0.0,16.5
u_205016,2026-06-13,influencer,Nigeria,Android,free,45+,7.0.1,15
u_205017,2026-03-16,influencer,United Arab Emirates,Web,free,13-17,7.1.0,n/a
u_205018,2026-04-11,influencer,United Arab Emirates,iOS,free,25-34,6.9.2,18.2
u_205019,2026-05-02,paid_social,Brazil,iOS,pro_monthly,18-24,6.9.2,17.0
u_205020,2026-03-14,referral,India,Android,free,18-24,7.1.0,12
u_205021,2026-03-18,paid_search,Turkey,iOS,free,35-44,6.9.2,18.2
u_205022,2026-03-01,paid_social,India,iOS,free,25-34,7.1.0,16.5
u_205023,2026-03-20,influencer,Saudi Arabia,iOS,free,18-24,7.0.1,18.2
u_205024,2026-06-17,organic_search,India,iOS,free,13-17,7.0.1,18.2
u_205025,2026-04-09,organic_search,United Arab Emirates,Web,free,18-24,7.1.0,n/a
u_205026,2026-03-22,organic_search,Nigeria,iOS,free,18-24,7.1.0,16.5
u_205027,2026-05-23,paid_search,Pakistan,Web,free,35-44,7.0.0,n/a
u_205028,2026-03-03,paid_social,India,Web,free,18-24,7.0.1,n/a
u_205029,2026-04-20,influencer,Pakistan,Android,free,25-34,6.9.0,15
u_205030,2026-06-12,paid_search,Turkey,Android,free,18-24,7.0.1,15
u_205031,2026-03-30,paid_social,Turkey,Web,free,18-24,7.1.0,n/a
u_205032,2026-05-30,organic_search,Pakistan,Android,free,25-34,6.9.2,14
u_205033,2026-06-05,organic_search,Philippines,iOS,free,18-24,6.8.0,17.0
u_205034,2026-04-22,paid_social,United States,Android,enterprise,18-24,7.1.0,15
u_205035,2026-03-12,paid_social,Saudi Arabia,Android,free,25-34,7.1.0,15
u_205036,2026-05-18,paid_search,Nigeria,Web,free,18-24,7.0.1,n/a
u_205037,2026-05-29,organic_search,United States,Android,free,25-34,7.1.0,14
u_205038,2026-06-07,organic_search,India,Android,free,25-34,7.0.0,14
u_205039,2026-03-27,paid_search,United States,Web,free,18-24,7.1.0,n/a
u_205040,2026-03-10,paid_social,Saudi Arabia,Android,free,35-44,6.9.2,14
u_205041,2026-03-14,paid_social,India,Android,pro_monthly,25-34,7.0.0,14
u_205042,2026-04-04,app_store_browse,Indonesia,Android,free,18-24,6.9.0,12
u_205043,2026-05-28,paid_social,India,Android,free,18-24,7.1.0,15
u_205044,2026-04-14,influencer,United States,Android,free,18-24,7.0.0,12
u_205045,2026-05-27,app_store_browse,United States,Android,pro_monthly,45+,7.1.0,12
u_205046,2026-05-03,referral,United States,iOS,free,25-34,7.1.0,16.5
u_205047,2026-06-03,paid_social,United Arab Emirates,Web,free,25-34,7.0.0,n/a
u_205048,2026-03-01,influencer,Brazil,iOS,free,25-34,7.0.0,17.0
u_205049,2026-03-17,paid_social,Pakistan,Android,free,18-24,7.0.1,14
u_205050,2026-04-13,organic_search,United States,Android,free,25-34,7.0.0,14
u_205051,2026-03-04,organic_search,Saudi Arabia,Web,pro_annual,18-24,7.1.0,n/a
u_205052,2026-06-21,paid_search,Saudi Arabia,Web,free,25-34,7.1.0,n/a
u_205053,2026-04-30,organic_search,Brazil,iOS,free,25-34,7.0.1,17.4
u_205054,2026-03-10,organic_search,United States,iOS,free,18-24,7.0.1,16.5
u_205055,2026-04-25,influencer,Turkey,Android,free,25-34,6.9.0,13
u_205056,2026-04-19,paid_search,India,Android,free,18-24,7.0.1,13
u_205057,2026-06-15,paid_social,Indonesia,iOS,pro_annual,13-17,7.0.1,18.0
u_205058,2026-03-13,influencer,United States,Android,free,25-34,7.0.1,12
u_205059,2026-05-22,paid_social,Pakistan,iOS,free,35-44,7.0.0,18.0
u_205060,2026-05-28,organic_search,United States,iOS,pro_monthly,18-24,7.1.0,16.5
u_205061,2026-05-10,paid_search,India,iOS,pro_monthly,25-34,7.1.0,16.5
u_205062,2026-05-24,influencer,Turkey,Android,free,45+,7.0.1,14
u_205063,2026-03-27,organic_search,Saudi Arabia,iOS,free,25-34,7.1.0,18.2
u_205064,2026-04-28,influencer,United States,Android,free,35-44,7.1.0,14
u_205065,2026-04-20,referral,Philippines,iOS,free,18-24,6.9.2,18.2
u_205066,2026-05-04,app_store_browse,Pakistan,Android,free,25-34,7.0.1,13
u_205067,2026-04-23,paid_social,India,Android,pro_annual,35-44,7.0.1,13
u_205068,2026-03-17,referral,Saudi Arabia,Web,pro_monthly,18-24,7.1.0,n/a
u_205069,2026-05-18,paid_social,Nigeria,Android,free,18-24,6.9.0,13
u_205070,2026-05-02,paid_social,India,Android,free,18-24,6.9.2,12
u_205071,2026-03-13,organic_search,Indonesia,Web,free,25-34,7.0.1,n/a
u_205072,2026-05-21,paid_search,United Kingdom,iOS,free,18-24,7.1.0,16.5
u_205073,2026-05-08,influencer,United States,Android,free,18-24,7.0.1,14
u_205074,2026-03-26,organic_search,India,iOS,pro_monthly,18-24,7.1.0,17.0
u_205075,2026-06-05,referral,India,Android,pro_annual,18-24,7.1.0,15
u_205076,2026-03-13,paid_social,Pakistan,iOS,free,25-34,6.9.2,18.2
u_205077,2026-05-02,paid_social,Pakistan,Android,free,25-34,6.9.2,14
u_205078,2026-06-19,paid_social,United Kingdom,Android,free,35-44,7.0.1,15
u_205079,2026-05-21,paid_search,Pakistan,Android,free,25-34,7.0.1,15
u_205080,2026-05-09,paid_search,Pakistan,Android,free,45+,7.1.0,15
u_205081,2026-06-03,organic_search,Pakistan,Android,pro_annual,18-24,7.0.1,13
u_205082,2026-05-01,influencer,Indonesia,Android,free,18-24,7.0.0,13
u_205083,2026-03-03,organic_search,India,Android,free,25-34,7.1.0,14
u_205084,2026-04-18,referral,Nigeria,iOS,free,25-34,6.9.2,18.0
u_205085,2026-05-01,referral,India,Android,free,45+,7.1.0,12
u_205086,2026-04-10,paid_social,United States,iOS,free,35-44,6.9.2,17.0
u_205087,2026-06-19,influencer,United States,iOS,free,45+,7.0.0,16.5
u_205088,2026-05-27,organic_search,Philippines,Android,free,18-24,7.0.1,15
u_205089,2026-04-11,organic_search,United States,Android,free,25-34,7.1.0,13
u_205090,2026-06-14,organic_search,Pakistan,Android,free,35-44,7.1.0,15
u_205091,2026-04-19,influencer,India,Android,free,18-24,7.1.0,13
u_205092,2026-03-30,referral,Pakistan,Android,free,13-17,7.1.0,12
u_205093,2026-04-10,influencer,United Kingdom,iOS,free,18-24,7.0.1,18.2
u_205094,2026-03-02,app_store_browse,United States,iOS,free,18-24,7.0.0,18.0
u_205095,2026-03-01,referral,Brazil,Android,free,18-24,6.9.2,12
u_205096,2026-05-11,influencer,United Arab Emirates,Android,enterprise,25-34,7.0.1,13
u_205097,2026-05-14,paid_social,Turkey,Android,free,25-34,7.0.0,15
u_205098,2026-06-16,paid_social,United States,Android,free,18-24,6.9.0,13
u_205099,2026-04-23,paid_social,United States,iOS,free,25-34,6.8.0,18.2
u_205100,2026-05-29,influencer,Turkey,Web,pro_monthly,35-44,6.8.0,n/a
u_205101,2026-04-30,influencer,Indonesia,Web,free,18-24,7.1.0,n/a
u_205102,2026-03-28,referral,Saudi Arabia,iOS,free,25-34,7.0.1,17.0
u_205103,2026-05-29,influencer,Nigeria,iOS,free,35-44,7.1.0,18.0
u_205104,2026-04-23,app_store_browse,Turkey,Web,free,25-34,7.0.1,n/a
u_205105,2026-04-14,paid_social,Pakistan,iOS,free,13-17,6.9.2,16.5
u_205106,2026-06-07,influencer,Philippines,Android,free,25-34,7.0.1,13
u_205107,2026-03-18,paid_social,United Arab Emirates,Android,free,25-34,7.1.0,14
u_205108,2026-06-05,influencer,Pakistan,iOS,free,35-44,6.9.0,17.0
u_205109,2026-06-15,paid_search,India,Android,free,18-24,7.1.0,12
u_205110,2026-03-13,influencer,Germany,Android,pro_annual,35-44,6.9.2,14
u_205111,2026-05-13,paid_search,United Kingdom,iOS,free,45+,7.0.1,18.2
u_205112,2026-06-12,paid_social,United Arab Emirates,Android,pro_monthly,35-44,6.9.2,15
u_205113,2026-06-04,organic_search,Pakistan,iOS,free,18-24,6.8.0,17.0
u_205114,2026-06-12,organic_search,United States,Web,free,25-34,7.0.0,n/a
u_205115,2026-05-28,paid_social,Turkey,Android,pro_annual,18-24,7.0.1,15
u_205116,2026-04-25,referral,Nigeria,iOS,free,25-34,7.1.0,18.0
u_205117,2026-04-01,paid_social,United Kingdom,Android,free,25-34,7.1.0,12
u_205118,2026-06-08,paid_search,Pakistan,Web,free,35-44,7.1.0,n/a
u_205119,2026-06-01,influencer,Pakistan,Android,free,25-34,7.0.1,13
u_205120,2026-05-03,organic_search,Pakistan,Android,free,25-34,6.9.2,12
u_205121,2026-05-17,organic_search,Turkey,Android,free,18-24,7.0.1,14
u_205122,2026-06-07,paid_social,Germany,iOS,free,18-24,7.0.1,17.0
u_205123,2026-05-21,paid_social,Philippines,Android,free,18-24,7.1.0,15
u_205124,2026-05-31,paid_social,India,iOS,free,25-34,6.9.2,16.5
u_205125,2026-04-22,app_store_browse,India,Android,free,35-44,7.0.1,13
u_205126,2026-04-27,influencer,India,iOS,free,18-24,6.9.2,18.2
u_205127,2026-03-04,influencer,Pakistan,Web,free,35-44,7.0.0,n/a
u_205128,2026-03-15,paid_social,Saudi Arabia,iOS,free,18-24,7.0.1,17.4
u_205129,2026-06-16,paid_social,United Kingdom,iOS,pro_monthly,25-34,6.9.2,16.5
u_205130,2026-04-28,referral,Turkey,Android,free,25-34,7.0.1,15
u_205131,2026-04-21,influencer,Germany,Web,free,45+,7.0.1,n/a
u_205132,2026-03-21,paid_search,Turkey,Android,pro_annual,18-24,7.0.1,14
u_205133,2026-03-15,influencer,Germany,Android,pro_monthly,18-24,7.1.0,15
u_205134,2026-05-27,app_store_browse,United Kingdom,iOS,free,25-34,7.0.1,17.0
u_205135,2026-03-23,paid_search,Germany,iOS,free,18-24,7.1.0,17.0
u_205136,2026-04-25,app_store_browse,Indonesia,Android,free,18-24,7.0.1,12
u_205137,2026-04-26,influencer,Indonesia,iOS,free,25-34,6.9.2,17.0
u_205138,2026-03-01,paid_search,United States,Android,pro_annual,18-24,7.1.0,13
u_205139,2026-03-16,influencer,Indonesia,Web,free,18-24,6.9.2,n/a
u_205140,2026-05-14,paid_social,Germany,Android,free,35-44,7.1.0,14
u_205141,2026-05-21,paid_social,India,iOS,free,25-34,7.1.0,16.5
u_205142,2026-04-22,paid_search,Philippines,Android,free,25-34,7.0.1,13
u_205143,2026-05-06,paid_social,United Arab Emirates,Web,free,35-44,7.1.0,n/a
u_205144,2026-04-08,paid_social,Pakistan,Android,pro_monthly,35-44,7.0.1,13
u_205145,2026-04-12,influencer,Saudi Arabia,iOS,free,35-44,7.0.1,18.2
u_205146,2026-05-18,influencer,United States,Web,free,25-34,7.0.1,n/a
u_205147,2026-04-04,app_store_browse,Pakistan,Android,free,18-24,7.0.0,12
u_205148,2026-04-19,organic_search,Indonesia,iOS,free,18-24,7.0.1,16.5
u_205149,2026-04-29,app_store_browse,Turkey,Android,free,18-24,6.9.2,12
u_205150,2026-06-21,influencer,United States,Android,free,45+,7.1.0,15
u_205151,2026-03-10,app_store_browse,United States,Web,free,35-44,7.0.1,n/a
u_205152,2026-04-25,influencer,India,Android,free,18-24,6.9.2,12
u_205153,2026-05-15,influencer,Nigeria,iOS,free,25-34,6.9.2,18.2
u_205154,2026-05-29,influencer,Turkey,Android,free,45+,7.1.0,12
u_205155,2026-03-22,paid_social,India,iOS,free,18-24,7.0.1,17.4
u_205156,2026-04-18,referral,United States,Web,free,25-34,7.0.1,n/a
u_205157,2026-05-09,organic_search,Brazil,Android,free,25-34,7.1.0,13
u_205158,2026-04-01,paid_social,United Kingdom,Android,pro_monthly,25-34,7.0.1,14
u_205159,2026-04-10,paid_social,Philippines,Android,pro_monthly,45+,6.9.0,14
u_205160,2026-03-25,paid_social,United States,iOS,free,25-34,7.0.1,16.5
u_205161,2026-05-04,organic_search,Nigeria,Android,free,25-34,7.1.0,15
u_205162,2026-03-16,app_store_browse,United Kingdom,Android,free,18-24,7.1.0,15
u_205163,2026-03-24,influencer,India,Android,free,18-24,6.9.0,12
u_205164,2026-04-19,organic_search,United States,iOS,free,18-24,7.1.0,18.2
u_205165,2026-04-11,organic_search,Turkey,iOS,free,18-24,6.9.2,16.5
u_205166,2026-05-03,influencer,United States,iOS,free,18-24,7.0.1,17.4
u_205167,2026-06-13,paid_social,Pakistan,Web,free,35-44,6.9.2,n/a
u_205168,2026-06-19,referral,Indonesia,Android,free,18-24,7.0.1,13
u_205169,2026-05-16,paid_search,Nigeria,Android,free,18-24,7.1.0,12
u_205170,2026-05-28,influencer,Pakistan,Android,free,25-34,7.1.0,13
u_205171,2026-03-07,influencer,Pakistan,Android,pro_monthly,45+,7.0.0,14
u_205172,2026-06-08,app_store_browse,Nigeria,Android,free,25-34,7.1.0,13
u_205173,2026-03-25,referral,Saudi Arabia,Android,free,25-34,7.1.0,12
u_205174,2026-04-15,referral,India,Android,free,35-44,6.9.0,14
u_205175,2026-05-09,paid_search,India,iOS,free,18-24,6.9.0,17.0
u_205176,2026-05-14,paid_social,Turkey,iOS,free,35-44,6.9.2,16.5
u_205177,2026-04-24,organic_search,Pakistan,Android,free,45+,7.1.0,15
u_205178,2026-03-05,organic_search,United Arab Emirates,Android,free,18-24,7.0.1,12
u_205179,2026-06-15,organic_search,Nigeria,Android,free,35-44,7.1.0,12
u_205180,2026-03-31,organic_search,Philippines,iOS,free,25-34,7.0.1,18.2
u_205181,2026-06-03,organic_search,Saudi Arabia,Android,free,45+,7.0.0,12
u_205182,2026-05-11,paid_social,United States,Web,pro_monthly,18-24,7.1.0,n/a
u_205183,2026-05-20,app_store_browse,Brazil,Web,free,18-24,7.1.0,n/a
u_205184,2026-06-11,referral,United States,Android,pro_monthly,25-34,7.0.1,14
u_205185,2026-06-07,app_store_browse,Brazil,iOS,free,25-34,6.9.2,16.5
u_205186,2026-04-30,app_store_browse,Brazil,iOS,free,35-44,6.9.0,18.2
u_205187,2026-04-09,organic_search,Philippines,Android,free,25-34,6.9.2,12
u_205188,2026-03-08,organic_search,India,Android,pro_annual,25-34,7.0.1,13
u_205189,2026-06-11,paid_social,Brazil,iOS,free,45+,7.0.1,18.2
u_205190,2026-05-31,paid_search,Pakistan,Android,free,25-34,7.1.0,15
u_205191,2026-05-20,referral,Indonesia,iOS,free,25-34,7.1.0,16.5
u_205192,2026-04-23,app_store_browse,Pakistan,iOS,free,25-34,7.1.0,17.0
u_205193,2026-04-30,paid_social,United States,Android,free,18-24,7.1.0,15
u_205194,2026-06-16,paid_social,India,Android,free,18-24,7.1.0,12
u_205195,2026-06-01,organic_search,India,iOS,free,18-24,7.0.1,17.0
u_205196,2026-05-07,influencer,United States,Web,free,35-44,6.8.0,n/a
u_205197,2026-03-07,influencer,Saudi Arabia,Android,pro_monthly,18-24,7.1.0,15
u_205198,2026-05-17,referral,United Arab Emirates,Android,free,18-24,7.0.0,14
u_205199,2026-06-05,app_store_browse,Pakistan,Android,free,13-17,7.1.0,12
u_205200,2026-03-11,organic_search,Turkey,iOS,free,45+,7.0.1,17.4
u_205201,2026-05-16,referral,United States,iOS,free,35-44,6.9.0,17.4
u_205202,2026-06-12,app_store_browse,United Arab Emirates,iOS,free,18-24,7.1.0,16.5
u_205203,2026-06-14,paid_social,Nigeria,Android,free,45+,7.0.0,12
u_205204,2026-03-20,influencer,Brazil,iOS,free,18-24,6.9.0,16.5
u_205205,2026-03-26,app_store_browse,Brazil,Web,free,25-34,7.0.0,n/a
u_205206,2026-05-21,referral,Indonesia,Web,free,13-17,7.1.0,n/a
u_205207,2026-04-04,app_store_browse,United Arab Emirates,Android,pro_monthly,18-24,7.0.1,15
u_205208,2026-03-14,referral,India,Android,free,18-24,7.1.0,14
u_205209,2026-03-21,paid_search,India,Android,free,18-24,7.0.0,13
u_205210,2026-04-29,app_store_browse,Nigeria,iOS,free,18-24,7.1.0,17.0
u_205211,2026-05-12,paid_search,India,iOS,free,25-34,6.8.0,18.2
u_205212,2026-04-09,paid_search,United Arab Emirates,Android,free,25-34,7.1.0,15
u_205213,2026-04-21,organic_search,India,Android,free,25-34,7.1.0,13
u_205214,2026-03-15,referral,Turkey,iOS,free,18-24,6.9.2,18.0
u_205215,2026-05-19,paid_search,United States,iOS,free,45+,7.0.1,16.5
u_205216,2026-05-10,paid_search,Saudi Arabia,iOS,free,25-34,6.9.2,17.4
u_205217,2026-03-15,paid_social,Pakistan,Android,free,45+,7.1.0,14
u_205218,2026-06-15,paid_search,Pakistan,Android,free,18-24,7.1.0,13
u_205219,2026-06-06,app_store_browse,Germany,Android,free,18-24,7.1.0,13
u_205220,2026-03-05,paid_social,India,iOS,free,25-34,7.1.0,18.0
u_205221,2026-05-07,paid_social,United States,Android,free,13-17,7.1.0,13
u_205222,2026-04-13,app_store_browse,United States,Web,free,35-44,7.0.1,n/a
u_205223,2026-06-19,paid_social,United Kingdom,iOS,pro_monthly,35-44,6.9.0,17.4
u_205224,2026-06-05,influencer,Saudi Arabia,Android,free,25-34,7.0.0,12
u_205225,2026-06-13,paid_social,United States,Web,free,35-44,7.0.0,n/a
u_205226,2026-06-20,app_store_browse,Nigeria,Android,free,45+,7.1.0,13
u_205227,2026-05-08,organic_search,Saudi Arabia,Android,free,25-34,7.0.1,14
u_205228,2026-03-06,referral,United States,iOS,free,25-34,6.9.0,18.2
u_205229,2026-05-24,organic_search,United States,Android,free,18-24,7.1.0,15
u_205230,2026-06-06,paid_social,Saudi Arabia,iOS,free,13-17,6.9.0,18.0
u_205231,2026-04-24,influencer,Saudi Arabia,iOS,free,35-44,7.1.0,16.5
u_205232,2026-05-13,organic_search,United Arab Emirates,Web,free,18-24,7.1.0,n/a
u_205233,2026-04-15,paid_social,Saudi Arabia,iOS,pro_monthly,25-34,7.1.0,18.2
u_205234,2026-03-04,paid_social,Saudi Arabia,Android,free,18-24,7.0.0,13
u_205235,2026-04-27,paid_social,Philippines,Android,enterprise,25-34,7.0.0,13
u_205236,2026-05-16,influencer,United States,iOS,free,18-24,7.1.0,18.0
u_205237,2026-04-18,app_store_browse,Brazil,Android,pro_annual,18-24,7.0.0,12
u_205238,2026-03-17,app_store_browse,Germany,Android,pro_monthly,45+,7.0.1,15
u_205239,2026-03-15,paid_social,Germany,iOS,pro_monthly,25-34,7.1.0,17.0
u_205240,2026-06-01,app_store_browse,Pakistan,Android,free,18-24,7.0.1,14
u_205241,2026-05-15,referral,Saudi Arabia,Android,free,18-24,7.0.1,15
u_205242,2026-06-14,paid_search,Nigeria,Android,free,25-34,7.1.0,14
u_205243,2026-05-01,organic_search,Pakistan,Android,free,25-34,7.0.1,14
u_205244,2026-04-10,organic_search,Pakistan,Android,free,13-17,7.0.1,14
u_205245,2026-03-21,paid_social,United States,Web,pro_annual,35-44,7.0.0,n/a
u_205246,2026-06-07,organic_search,Nigeria,iOS,free,25-34,7.0.1,18.0
u_205247,2026-06-15,organic_search,Turkey,iOS,free,18-24,6.9.2,17.4
u_205248,2026-06-18,paid_search,United States,iOS,free,25-34,6.9.2,17.4
u_205249,2026-05-27,organic_search,Brazil,Web,free,35-44,6.9.2,n/a
u_205250,2026-04-29,paid_social,United Arab Emirates,Android,free,18-24,7.1.0,14
u_205251,2026-04-09,referral,Philippines,Android,free,25-34,7.1.0,12
u_205252,2026-04-06,organic_search,Pakistan,Web,free,25-34,6.9.2,n/a
u_205253,2026-06-02,organic_search,Indonesia,Android,pro_annual,25-34,7.1.0,14
u_205254,2026-05-18,paid_search,Turkey,iOS,free,18-24,7.1.0,18.0
u_205255,2026-03-11,paid_social,United States,Android,free,25-34,6.9.0,15
u_205256,2026-06-16,app_store_browse,India,iOS,free,25-34,7.0.1,17.4
u_205257,2026-03-13,organic_search,India,Android,free,18-24,7.1.0,14
u_205258,2026-03-20,paid_search,Germany,Android,free,35-44,7.0.1,15
u_205259,2026-05-04,app_store_browse,Turkey,Android,free,35-44,7.0.1,13
u_205260,2026-03-21,paid_search,Nigeria,Android,free,25-34,7.1.0,15
u_205261,2026-05-20,paid_social,United States,iOS,free,25-34,6.9.0,17.0
u_205262,2026-06-14,organic_search,Pakistan,iOS,free,25-34,7.1.0,16.5
u_205263,2026-05-03,paid_social,Germany,Android,free,25-34,7.0.0,15
u_205264,2026-03-04,referral,United Arab Emirates,Web,free,45+,7.1.0,n/a
u_205265,2026-05-01,paid_search,United Kingdom,iOS,free,18-24,7.1.0,18.2
u_205266,2026-03-15,influencer,United Arab Emirates,iOS,free,25-34,7.0.1,18.0
u_205267,2026-06-18,referral,Philippines,Android,free,18-24,7.1.0,14
u_205268,2026-06-21,paid_search,United Arab Emirates,Android,free,18-24,7.0.0,15
u_205269,2026-05-17,app_store_browse,Pakistan,Web,free,25-34,6.9.2,n/a
u_205270,2026-05-25,paid_social,India,Web,pro_annual,18-24,7.1.0,n/a
u_205271,2026-05-10,paid_social,United Kingdom,Web,free,45+,7.1.0,n/a
u_205272,2026-03-16,influencer,United States,Android,pro_annual,25-34,7.1.0,14
u_205273,2026-04-19,referral,Philippines,iOS,free,18-24,7.1.0,17.0
u_205274,2026-05-27,referral,Turkey,Android,free,45+,7.1.0,13
u_205275,2026-03-22,organic_search,Germany,iOS,free,35-44,7.1.0,16.5
u_205276,2026-06-17,organic_search,India,Android,free,45+,7.0.1,14
u_205277,2026-04-28,paid_social,United Arab Emirates,Web,free,18-24,7.0.0,n/a
u_205278,2026-05-24,influencer,Pakistan,iOS,free,18-24,6.9.2,18.0
u_205279,2026-05-05,organic_search,Pakistan,iOS,free,18-24,6.9.2,18.0
u_205280,2026-04-11,influencer,United States,iOS,free,18-24,6.9.0,17.0
u_205281,2026-04-15,organic_search,Pakistan,Android,free,35-44,7.1.0,15
u_205282,2026-06-18,paid_social,Saudi Arabia,Web,pro_monthly,18-24,7.1.0,n/a
u_205283,2026-06-06,paid_social,Indonesia,Android,free,35-44,7.1.0,12
u_205284,2026-04-11,paid_social,Indonesia,Android,free,25-34,7.1.0,13
u_205285,2026-06-04,influencer,Germany,Android,free,25-34,7.1.0,13
u_205286,2026-05-08,paid_social,Pakistan,Android,free,18-24,7.1.0,15
u_205287,2026-06-18,paid_social,United States,iOS,free,25-34,7.1.0,16.5
u_205288,2026-04-20,paid_search,United Arab Emirates,iOS,free,25-34,7.0.0,16.5
u_205289,2026-03-12,organic_search,Germany,Web,pro_monthly,18-24,7.0.1,n/a
u_205290,2026-04-01,paid_search,India,iOS,free,25-34,6.8.0,16.5
u_205291,2026-05-30,paid_social,United Kingdom,iOS,free,18-24,7.0.1,17.4
u_205292,2026-03-23,organic_search,Pakistan,iOS,free,18-24,7.1.0,18.2
u_205293,2026-05-21,organic_search,United Kingdom,Android,free,25-34,7.1.0,15
u_205294,2026-03-11,paid_search,Germany,iOS,free,35-44,6.8.0,18.0
u_205295,2026-06-18,paid_social,India,Android,free,35-44,7.0.1,15
u_205296,2026-05-13,paid_social,Brazil,iOS,free,45+,7.1.0,16.5
u_205297,2026-03-19,app_store_browse,India,Android,pro_annual,35-44,6.9.0,14
u_205298,2026-03-24,paid_social,Brazil,Android,free,18-24,7.1.0,14
u_205299,2026-05-28,influencer,Turkey,iOS,free,35-44,6.9.2,18.2
u_205300,2026-03-24,app_store_browse,Indonesia,iOS,pro_monthly,25-34,7.0.1,16.5
u_205301,2026-05-05,organic_search,United States,Web,pro_annual,35-44,7.0.1,n/a
u_205302,2026-06-01,paid_search,United Arab Emirates,Android,free,18-24,6.9.2,14
u_205303,2026-05-10,paid_search,Pakistan,Android,free,25-34,7.1.0,14
u_205304,2026-04-09,paid_search,Turkey,iOS,free,18-24,7.0.1,17.4
u_205305,2026-03-03,paid_social,Pakistan,Android,free,18-24,6.9.0,15
u_205306,2026-04-08,paid_social,United States,iOS,free,25-34,7.0.1,18.2
u_205307,2026-05-13,influencer,United Arab Emirates,Web,free,25-34,7.0.0,n/a
u_205308,2026-05-14,app_store_browse,India,Android,free,18-24,7.1.0,12
u_205309,2026-04-03,paid_social,Turkey,Android,free,45+,7.1.0,12
u_205310,2026-06-16,organic_search,United States,Android,free,25-34,7.1.0,15
u_205311,2026-03-29,influencer,Brazil,Android,free,18-24,7.0.1,14
u_205312,2026-03-22,paid_social,United States,iOS,free,35-44,6.9.2,18.0
u_205313,2026-05-13,paid_social,United States,Android,free,18-24,7.1.0,15
u_205314,2026-03-05,influencer,United States,Web,free,18-24,7.1.0,n/a
u_205315,2026-03-02,app_store_browse,United Arab Emirates,Android,pro_annual,35-44,7.1.0,14
u_205316,2026-03-19,paid_search,Pakistan,Android,free,25-34,7.1.0,13
u_205317,2026-03-06,organic_search,Germany,iOS,free,45+,6.8.0,18.2
u_205318,2026-03-30,paid_search,Indonesia,Web,free,18-24,7.0.1,n/a
u_205319,2026-03-18,paid_social,Nigeria,Android,free,25-34,7.1.0,14
u_205320,2026-05-21,paid_social,Germany,Android,free,18-24,6.9.0,14
u_205321,2026-03-25,organic_search,Pakistan,Android,free,18-24,7.1.0,12
u_205322,2026-05-20,organic_search,Turkey,iOS,free,35-44,6.9.2,18.0
u_205323,2026-04-22,organic_search,Pakistan,Android,free,18-24,6.9.0,15
u_205324,2026-03-01,organic_search,India,Android,free,25-34,7.0.1,15
u_205325,2026-06-12,influencer,Germany,Android,free,18-24,7.1.0,13
u_205326,2026-03-19,paid_search,Pakistan,Android,free,35-44,6.9.0,15
u_205327,2026-06-06,app_store_browse,United Kingdom,iOS,free,35-44,7.1.0,17.4
u_205328,2026-05-27,organic_search,United States,Android,free,35-44,7.0.1,13
u_205329,2026-05-26,paid_search,United Kingdom,Android,free,25-34,6.8.0,13
u_205330,2026-04-18,paid_social,Pakistan,Web,free,25-34,7.1.0,n/a
u_205331,2026-03-24,influencer,Saudi Arabia,iOS,free,25-34,7.0.1,16.5
u_205332,2026-03-19,influencer,India,iOS,free,35-44,7.1.0,16.5
u_205333,2026-05-18,organic_search,United Arab Emirates,Android,free,25-34,7.0.0,12
u_205334,2026-05-19,organic_search,United Arab Emirates,iOS,free,35-44,7.0.1,18.0
u_205335,2026-04-08,app_store_browse,Turkey,Android,free,25-34,7.0.1,13
u_205336,2026-04-08,referral,Saudi Arabia,Android,free,45+,7.1.0,14
u_205337,2026-04-05,paid_search,Pakistan,iOS,free,35-44,7.1.0,18.2
u_205338,2026-03-18,paid_social,United States,Android,free,18-24,6.9.2,13
u_205339,2026-03-21,influencer,United Kingdom,iOS,free,45+,7.0.1,17.0
u_205340,2026-04-11,paid_social,Pakistan,Web,free,18-24,7.0.0,n/a
u_205341,2026-04-20,referral,Philippines,Android,free,35-44,7.0.0,15
u_205342,2026-04-06,app_store_browse,United States,Android,pro_annual,18-24,7.0.1,13
u_205343,2026-03-03,paid_social,United States,Web,free,25-34,7.1.0,n/a
u_205344,2026-06-19,organic_search,United States,iOS,free,25-34,7.1.0,18.2
u_205345,2026-04-05,app_store_browse,United Kingdom,Web,free,35-44,6.9.2,n/a
u_205346,2026-03-08,organic_search,Brazil,Android,free,25-34,7.0.0,14
u_205347,2026-03-04,paid_social,India,Android,free,18-24,7.1.0,15
u_205348,2026-05-20,organic_search,Turkey,Web,free,25-34,7.0.0,n/a
u_205349,2026-03-24,paid_social,United Arab Emirates,iOS,free,35-44,7.0.1,17.0
u_205350,2026-05-25,organic_search,United States,iOS,free,25-34,7.0.1,16.5
u_205351,2026-03-23,referral,Turkey,iOS,free,18-24,6.9.2,17.0
u_205352,2026-06-04,paid_social,Philippines,iOS,pro_annual,45+,7.1.0,18.2
u_205353,2026-05-05,paid_social,Nigeria,Android,free,18-24,7.1.0,14
u_205354,2026-06-17,paid_social,Turkey,Android,free,35-44,7.1.0,14
u_205355,2026-03-19,paid_social,Brazil,Android,free,13-17,7.1.0,14
u_205356,2026-04-21,paid_social,Nigeria,Android,free,35-44,7.0.0,14
u_205357,2026-04-22,paid_social,Pakistan,Android,free,25-34,6.9.2,15
u_205358,2026-05-16,paid_social,Pakistan,iOS,free,25-34,7.0.0,17.4
u_205359,2026-05-30,organic_search,India,iOS,free,18-24,7.1.0,18.2
u_205360,2026-06-12,influencer,India,iOS,free,25-34,7.0.1,18.0
u_205361,2026-04-28,paid_social,Saudi Arabia,Android,free,18-24,7.1.0,12
u_205362,2026-06-16,organic_search,Philippines,Android,free,18-24,7.1.0,12
u_205363,2026-03-05,paid_social,United States,Android,free,45+,6.9.0,15
u_205364,2026-05-04,organic_search,Turkey,iOS,free,25-34,7.0.0,17.4
u_205365,2026-04-11,referral,Indonesia,Android,pro_monthly,35-44,7.1.0,12
u_205366,2026-05-15,organic_search,United States,Android,free,25-34,7.0.1,12
u_205367,2026-04-25,paid_social,United States,Android,free,13-17,7.0.1,14
u_205368,2026-06-14,paid_search,United States,iOS,free,18-24,7.1.0,18.2
u_205369,2026-04-24,organic_search,India,iOS,free,25-34,7.0.1,16.5
u_205370,2026-05-14,organic_search,Germany,Android,free,18-24,7.1.0,15
u_205371,2026-05-03,paid_social,Germany,Android,free,18-24,7.1.0,14
u_205372,2026-05-16,paid_social,Indonesia,Web,free,25-34,6.9.2,n/a
u_205373,2026-04-28,paid_search,United States,iOS,free,18-24,7.1.0,16.5
u_205374,2026-06-11,paid_social,Germany,Android,free,45+,6.9.0,12
u_205375,2026-03-31,paid_search,Pakistan,Android,free,25-34,7.1.0,15
u_205376,2026-06-15,influencer,Saudi Arabia,Web,free,35-44,7.1.0,n/a
u_205377,2026-06-17,paid_social,Nigeria,Android,free,45+,6.8.0,15
u_205378,2026-03-11,paid_social,Indonesia,iOS,free,18-24,7.0.1,16.5
u_205379,2026-05-07,organic_search,United States,Android,free,18-24,7.0.0,14
u_205380,2026-04-22,paid_social,Brazil,iOS,free,18-24,7.0.0,17.0
u_205381,2026-05-22,paid_social,Pakistan,iOS,free,45+,7.0.0,17.0
u_205382,2026-06-08,paid_social,United States,Android,free,13-17,6.9.0,15
u_205383,2026-03-27,organic_search,Turkey,Android,free,18-24,6.9.2,13
u_205384,2026-06-19,paid_search,Pakistan,Android,free,35-44,7.0.1,15
u_205385,2026-04-22,paid_search,Brazil,iOS,free,18-24,7.0.1,18.2
u_205386,2026-05-01,influencer,United States,iOS,free,18-24,7.0.1,16.5
u_205387,2026-06-15,paid_search,United Kingdom,iOS,free,18-24,7.0.0,18.0
u_205388,2026-06-18,organic_search,India,iOS,free,25-34,7.1.0,17.4
u_205389,2026-03-12,paid_search,Philippines,iOS,free,35-44,7.0.0,16.5
u_205390,2026-06-17,paid_social,Nigeria,Android,free,18-24,6.9.2,14
u_205391,2026-04-22,organic_search,United States,Android,free,18-24,7.0.1,13
u_205392,2026-06-01,paid_social,India,Android,free,18-24,7.0.1,15
u_205393,2026-06-12,paid_search,United States,iOS,free,35-44,7.1.0,17.0
u_205394,2026-04-28,paid_search,Indonesia,iOS,free,18-24,6.9.2,17.4
u_205395,2026-05-31,paid_social,Brazil,Android,free,18-24,7.0.1,12
u_205396,2026-04-18,influencer,India,Web,free,25-34,7.1.0,n/a
u_205397,2026-04-05,paid_social,United Kingdom,Android,pro_monthly,35-44,6.9.0,13
u_205398,2026-04-22,influencer,United States,Web,free,45+,7.0.1,n/a
u_205399,2026-03-30,paid_search,Nigeria,Android,free,25-34,7.1.0,15
u_205400,2026-05-29,paid_search,Nigeria,Android,free,13-17,6.9.0,15
u_205401,2026-05-19,influencer,Indonesia,Android,free,18-24,6.9.2,14
u_205402,2026-04-13,paid_social,Saudi Arabia,iOS,free,25-34,7.0.0,18.2
u_205403,2026-06-19,paid_social,India,Android,pro_monthly,25-34,6.9.2,14
u_205404,2026-06-17,paid_social,United Arab Emirates,Android,free,35-44,7.1.0,12
u_205405,2026-03-11,paid_social,Nigeria,iOS,free,35-44,6.9.2,17.0
u_205406,2026-03-25,influencer,United Kingdom,Android,free,18-24,7.0.0,12
u_205407,2026-03-03,influencer,Pakistan,Android,free,25-34,7.1.0,13
u_205408,2026-03-20,influencer,Saudi Arabia,Android,pro_monthly,25-34,7.1.0,13
u_205409,2026-05-07,paid_search,India,Android,enterprise,25-34,6.9.2,13
u_205410,2026-04-20,paid_social,Germany,Android,free,35-44,7.1.0,15
u_205411,2026-04-17,app_store_browse,Brazil,iOS,free,18-24,7.1.0,16.5
u_205412,2026-05-24,paid_social,Indonesia,Android,pro_monthly,18-24,7.0.1,14
u_205413,2026-05-16,organic_search,United Arab Emirates,Web,free,25-34,7.0.1,n/a
u_205414,2026-03-06,organic_search,United Arab Emirates,iOS,free,18-24,7.1.0,17.0
u_205415,2026-05-24,influencer,United States,Android,free,18-24,7.1.0,14
u_205416,2026-03-17,influencer,Pakistan,iOS,pro_monthly,25-34,7.0.1,18.0
u_205417,2026-03-27,paid_social,Nigeria,Android,free,25-34,7.0.0,12
u_205418,2026-06-03,app_store_browse,Pakistan,Android,free,18-24,6.9.2,13
u_205419,2026-03-31,app_store_browse,India,iOS,free,45+,7.1.0,16.5
u_205420,2026-05-07,influencer,Germany,Android,free,18-24,6.9.2,14
u_205421,2026-04-25,app_store_browse,United Kingdom,Android,free,35-44,6.9.0,14
u_205422,2026-04-29,influencer,India,iOS,enterprise,45+,7.0.0,18.0
u_205423,2026-04-24,app_store_browse,Saudi Arabia,iOS,free,25-34,7.1.0,18.0
u_205424,2026-03-18,paid_search,Pakistan,Android,free,25-34,7.0.1,15
u_205425,2026-05-23,organic_search,United Arab Emirates,iOS,free,25-34,7.1.0,18.2
u_205426,2026-04-05,paid_search,Pakistan,Android,pro_monthly,45+,7.0.0,12
u_205427,2026-03-09,organic_search,United Kingdom,Android,free,45+,7.1.0,14
u_205428,2026-05-31,paid_social,Pakistan,Web,free,35-44,7.1.0,n/a
u_205429,2026-03-06,influencer,Brazil,iOS,free,25-34,7.0.0,17.4
u_205430,2026-05-02,referral,India,Android,free,35-44,7.0.0,13
u_205431,2026-04-04,paid_search,Pakistan,iOS,free,18-24,7.0.1,16.5
u_205432,2026-03-09,organic_search,Germany,iOS,free,18-24,6.9.2,16.5
u_205433,2026-06-14,paid_social,United Arab Emirates,Android,free,18-24,7.0.0,13
u_205434,2026-03-29,paid_social,Philippines,iOS,free,45+,7.0.1,17.0
u_205435,2026-03-10,paid_search,Pakistan,Android,free,18-24,7.0.0,13
u_205436,2026-03-27,referral,Philippines,iOS,free,18-24,7.0.1,18.2
u_205437,2026-04-18,app_store_browse,United Kingdom,Android,free,25-34,6.9.2,12
u_205438,2026-03-06,organic_search,United Kingdom,iOS,free,45+,7.1.0,17.0
u_205439,2026-05-23,organic_search,United Kingdom,iOS,free,18-24,7.0.0,17.0
u_205440,2026-03-15,paid_social,Indonesia,Android,free,13-17,7.0.1,15
u_205441,2026-04-21,influencer,Germany,Web,free,25-34,6.9.2,n/a
u_205442,2026-05-31,paid_social,Turkey,Web,free,25-34,6.9.0,n/a
u_205443,2026-03-17,referral,India,Android,free,45+,7.1.0,14
u_205444,2026-04-08,organic_search,Philippines,iOS,free,45+,7.1.0,18.2
u_205445,2026-05-12,paid_social,United States,iOS,free,18-24,7.1.0,17.4
u_205446,2026-05-14,app_store_browse,Saudi Arabia,iOS,free,18-24,7.1.0,17.4
u_205447,2026-04-13,influencer,Pakistan,Android,free,18-24,7.1.0,15
u_205448,2026-06-20,referral,India,iOS,free,18-24,7.0.0,18.2
u_205449,2026-03-21,organic_search,United States,Web,free,35-44,7.0.1,n/a
u_205450,2026-06-13,app_store_browse,Pakistan,Android,free,35-44,7.0.0,13
u_205451,2026-05-12,paid_social,Turkey,Android,free,18-24,7.1.0,13
u_205452,2026-03-06,paid_search,Pakistan,Web,free,18-24,6.9.2,n/a
u_205453,2026-03-09,organic_search,Germany,Android,pro_annual,35-44,7.0.0,12
u_205454,2026-03-27,paid_search,Pakistan,iOS,free,45+,7.1.0,18.0
u_205455,2026-05-30,paid_social,Germany,iOS,pro_annual,18-24,7.1.0,18.2
u_205456,2026-04-23,app_store_browse,United States,Web,pro_monthly,18-24,6.9.2,n/a
u_205457,2026-05-16,organic_search,Saudi Arabia,Android,free,18-24,7.1.0,15
u_205458,2026-05-22,paid_social,United Kingdom,iOS,free,35-44,7.0.0,18.0
u_205459,2026-03-25,paid_search,Philippines,Web,free,45+,7.1.0,n/a
u_205460,2026-04-01,organic_search,Nigeria,Android,free,18-24,6.9.2,13
u_205461,2026-05-14,app_store_browse,United States,iOS,free,18-24,6.9.2,18.2
u_205462,2026-03-01,referral,United States,iOS,free,18-24,7.0.1,18.2
u_205463,2026-05-14,paid_search,United States,iOS,free,18-24,7.0.0,17.0
u_205464,2026-05-24,app_store_browse,United States,iOS,free,18-24,7.1.0,18.0
u_205465,2026-03-19,influencer,Turkey,iOS,free,25-34,7.1.0,17.0
u_205466,2026-03-27,paid_social,Philippines,iOS,pro_monthly,18-24,6.9.0,17.4
u_205467,2026-04-11,organic_search,United States,iOS,free,18-24,6.9.2,18.0
u_205468,2026-06-05,paid_social,Turkey,iOS,free,25-34,7.0.1,17.4
u_205469,2026-05-20,paid_social,United Kingdom,iOS,free,45+,7.0.1,17.4
u_205470,2026-05-13,paid_social,Pakistan,iOS,free,25-34,6.9.2,18.0
u_205471,2026-04-10,influencer,Germany,Android,free,35-44,6.8.0,15
u_205472,2026-06-11,referral,Brazil,Android,free,18-24,7.0.0,15
u_205473,2026-06-14,organic_search,Pakistan,Android,free,25-34,7.0.1,13
u_205474,2026-06-13,organic_search,United States,Android,free,25-34,7.0.1,13
u_205475,2026-04-05,paid_search,Nigeria,Android,free,18-24,7.0.0,13
u_205476,2026-04-30,influencer,India,Android,free,25-34,7.1.0,15
u_205477,2026-03-23,influencer,Pakistan,Web,pro_annual,25-34,7.0.0,n/a
u_205478,2026-05-08,app_store_browse,Pakistan,iOS,free,25-34,7.1.0,18.0
u_205479,2026-06-20,paid_social,Nigeria,iOS,free,45+,7.0.1,17.0
u_205480,2026-04-08,organic_search,Philippines,Web,free,18-24,7.1.0,n/a
u_205481,2026-03-28,influencer,United States,Android,free,18-24,7.1.0,12
u_205482,2026-03-15,paid_search,Brazil,iOS,pro_annual,45+,7.0.0,18.0
u_205483,2026-06-01,paid_social,Indonesia,Android,free,25-34,7.0.1,15
u_205484,2026-03-07,app_store_browse,United States,Android,free,25-34,7.0.1,12
u_205485,2026-03-23,organic_search,Saudi Arabia,Web,pro_monthly,18-24,7.0.0,n/a
u_205486,2026-03-14,organic_search,United States,Android,pro_monthly,18-24,6.8.0,15
u_205487,2026-03-02,organic_search,Turkey,Android,free,35-44,7.0.1,14
u_205488,2026-03-04,organic_search,Brazil,iOS,free,18-24,7.0.0,17.0
u_205489,2026-05-27,referral,Philippines,iOS,free,18-24,7.1.0,17.0
u_205490,2026-06-10,organic_search,United States,iOS,free,25-34,7.0.1,17.0
u_205491,2026-05-28,app_store_browse,Pakistan,Android,free,18-24,6.8.0,12
u_205492,2026-03-14,influencer,Brazil,Android,free,25-34,6.9.2,14
u_205493,2026-05-31,paid_social,Turkey,Android,pro_monthly,18-24,7.1.0,12
u_205494,2026-06-15,app_store_browse,Brazil,iOS,free,25-34,7.1.0,17.0
u_205495,2026-05-31,organic_search,Pakistan,Android,free,25-34,6.9.2,12
u_205496,2026-03-01,paid_search,Indonesia,iOS,pro_monthly,25-34,7.0.0,18.2
u_205497,2026-03-28,paid_search,Brazil,Android,free,18-24,7.0.0,12
u_205498,2026-04-07,organic_search,United States,Android,free,35-44,7.0.1,12
u_205499,2026-04-23,paid_social,Germany,Android,free,13-17,7.1.0,14
u_205500,2026-05-17,paid_social,United Kingdom,iOS,pro_monthly,18-24,7.1.0,17.0
u_205501,2026-03-03,referral,Brazil,iOS,free,18-24,7.1.0,18.2
u_205502,2026-03-20,paid_search,Saudi Arabia,Android,pro_annual,25-34,6.9.0,14
u_205503,2026-04-18,paid_search,United States,Android,free,25-34,7.0.1,15
u_205504,2026-05-21,referral,United Arab Emirates,Android,free,18-24,7.1.0,15
u_205505,2026-06-10,paid_social,India,iOS,free,25-34,6.9.2,18.2
u_205506,2026-04-09,organic_search,Turkey,iOS,free,25-34,6.9.0,16.5
u_205507,2026-06-14,app_store_browse,Brazil,Web,free,18-24,7.0.1,n/a
u_205508,2026-03-19,organic_search,Pakistan,Web,free,13-17,6.9.2,n/a
u_205509,2026-05-24,influencer,Indonesia,iOS,free,18-24,7.0.1,17.0
u_205510,2026-05-06,organic_search,Pakistan,Android,pro_monthly,18-24,6.9.2,15
u_205511,2026-05-06,organic_search,India,Android,free,35-44,7.0.1,12
u_205512,2026-03-12,influencer,Nigeria,iOS,free,18-24,7.1.0,16.5
u_205513,2026-04-02,organic_search,United Arab Emirates,iOS,free,25-34,7.0.1,17.0
u_205514,2026-06-16,paid_social,United Kingdom,iOS,free,18-24,7.1.0,18.0
u_205515,2026-04-17,app_store_browse,United States,Web,free,18-24,7.1.0,n/a
u_205516,2026-03-21,organic_search,India,Android,pro_annual,18-24,6.9.2,15
u_205517,2026-05-18,paid_social,India,iOS,free,25-34,6.9.2,17.4
u_205518,2026-05-12,influencer,Brazil,iOS,pro_annual,25-34,7.1.0,18.0
u_205519,2026-03-01,organic_search,United Kingdom,Android,free,18-24,7.1.0,13
u_205520,2026-04-20,app_store_browse,Nigeria,Android,free,25-34,7.0.1,13
u_205521,2026-05-12,influencer,Nigeria,Android,free,25-34,6.9.2,13
u_205522,2026-05-27,paid_social,India,Android,free,25-34,7.0.0,12
u_205523,2026-05-19,paid_social,Turkey,Android,pro_monthly,18-24,7.0.1,13
u_205524,2026-05-27,app_store_browse,Brazil,Web,free,18-24,7.1.0,n/a
u_205525,2026-05-14,paid_search,Turkey,iOS,free,18-24,7.1.0,18.2
u_205526,2026-03-25,paid_search,India,Android,free,18-24,7.0.1,12
u_205527,2026-03-14,paid_search,Pakistan,iOS,free,25-34,7.1.0,16.5
u_205528,2026-03-20,paid_search,Germany,Android,free,13-17,7.0.1,13
u_205529,2026-05-24,paid_search,Saudi Arabia,Android,free,25-34,6.9.2,12
u_205530,2026-03-02,paid_social,Saudi Arabia,iOS,free,25-34,7.1.0,18.0
u_205531,2026-05-03,organic_search,Nigeria,Android,free,25-34,7.1.0,13
u_205532,2026-04-13,influencer,Pakistan,Android,free,18-24,7.0.1,13
u_205533,2026-03-08,paid_search,Nigeria,Web,free,25-34,7.1.0,n/a
u_205534,2026-05-11,organic_search,Nigeria,iOS,pro_monthly,18-24,7.0.1,18.0
u_205535,2026-03-06,paid_social,Indonesia,Android,pro_monthly,45+,7.0.1,14
u_205536,2026-04-21,paid_social,India,Web,free,25-34,7.1.0,n/a
u_205537,2026-06-11,organic_search,United Arab Emirates,Android,free,45+,7.1.0,15
u_205538,2026-03-28,influencer,United States,iOS,free,18-24,7.0.1,18.0
u_205539,2026-06-12,organic_search,Pakistan,Web,pro_monthly,25-34,6.9.2,n/a
u_205540,2026-03-26,app_store_browse,United Kingdom,Android,free,35-44,7.1.0,13
u_205541,2026-03-06,referral,United States,Android,free,18-24,6.9.2,12
u_205542,2026-03-28,paid_search,Philippines,Android,pro_annual,25-34,6.9.2,14
u_205543,2026-03-10,paid_social,Pakistan,Android,pro_annual,25-34,7.0.1,13
u_205544,2026-04-09,paid_social,Saudi Arabia,Web,free,35-44,6.9.0,n/a
u_205545,2026-05-22,influencer,Indonesia,iOS,free,45+,7.1.0,17.0
u_205546,2026-03-04,paid_social,United Kingdom,Android,free,45+,7.0.1,13
u_205547,2026-05-03,paid_social,United States,Web,free,45+,6.9.0,n/a
u_205548,2026-05-28,organic_search,Pakistan,Android,free,35-44,7.0.1,13
u_205549,2026-05-17,paid_search,Saudi Arabia,Android,free,18-24,6.8.0,15
u_205550,2026-03-16,paid_social,Pakistan,iOS,free,25-34,6.9.2,17.0
u_205551,2026-04-11,app_store_browse,Philippines,Web,free,25-34,6.9.2,n/a
u_205552,2026-03-17,paid_social,Pakistan,iOS,free,18-24,7.1.0,17.0
u_205553,2026-03-29,organic_search,Turkey,iOS,free,25-34,7.1.0,17.0
u_205554,2026-03-26,paid_social,Pakistan,Android,free,25-34,6.9.2,14
u_205555,2026-04-26,referral,United Kingdom,Android,free,45+,7.0.1,15
u_205556,2026-04-22,influencer,Pakistan,Android,free,35-44,7.1.0,12
u_205557,2026-05-12,paid_social,Saudi Arabia,Android,free,18-24,6.9.0,14
u_205558,2026-03-03,paid_social,United Kingdom,Android,free,35-44,7.1.0,14
u_205559,2026-06-09,organic_search,United Kingdom,iOS,free,18-24,7.1.0,17.0
u_205560,2026-06-21,paid_social,India,iOS,free,13-17,7.1.0,16.5
u_205561,2026-04-23,organic_search,United States,Web,free,18-24,7.0.1,n/a
u_205562,2026-04-29,paid_social,India,Android,free,35-44,7.0.1,12
u_205563,2026-04-06,organic_search,Indonesia,Web,pro_monthly,35-44,6.9.2,n/a
u_205564,2026-06-11,organic_search,India,Android,pro_monthly,18-24,7.1.0,15
u_205565,2026-03-30,influencer,Germany,iOS,pro_annual,35-44,7.0.0,17.4
u_205566,2026-03-11,paid_social,Indonesia,iOS,free,18-24,6.8.0,17.4
u_205567,2026-04-18,organic_search,United Arab Emirates,Android,free,18-24,7.0.0,12
u_205568,2026-03-11,paid_social,United States,Web,free,35-44,6.9.2,n/a
u_205569,2026-03-04,referral,India,Web,free,18-24,7.1.0,n/a
u_205570,2026-06-15,paid_social,United Kingdom,iOS,free,35-44,6.9.2,18.2
u_205571,2026-03-13,referral,Philippines,iOS,free,35-44,7.0.0,18.2
u_205572,2026-06-15,paid_search,United States,Android,free,25-34,7.1.0,14
u_205573,2026-03-15,paid_social,Philippines,iOS,free,25-34,6.9.2,18.0
u_205574,2026-04-08,app_store_browse,United States,Android,free,25-34,7.1.0,13
u_205575,2026-06-10,organic_search,Indonesia,iOS,free,35-44,7.1.0,16.5
u_205576,2026-03-24,paid_social,Turkey,Android,free,25-34,7.0.1,13
u_205577,2026-06-12,organic_search,Germany,Web,pro_annual,18-24,6.9.2,n/a
u_205578,2026-04-23,organic_search,Philippines,Android,free,18-24,7.1.0,12
u_205579,2026-04-25,organic_search,United States,iOS,pro_annual,18-24,6.9.0,17.0
u_205580,2026-04-18,influencer,Nigeria,Android,free,18-24,7.0.0,12
u_205581,2026-05-09,influencer,United Arab Emirates,Web,free,25-34,6.8.0,n/a
u_205582,2026-05-02,organic_search,United Kingdom,Android,free,18-24,7.0.1,15
u_205583,2026-06-13,referral,United Arab Emirates,iOS,free,18-24,7.0.1,17.4
u_205584,2026-03-26,influencer,India,Android,pro_annual,35-44,7.0.1,14
u_205585,2026-03-28,paid_search,Turkey,iOS,pro_monthly,45+,7.1.0,18.2
u_205586,2026-05-12,organic_search,India,Android,free,25-34,7.0.0,13
u_205587,2026-06-15,paid_social,United States,Android,pro_annual,25-34,6.8.0,14
u_205588,2026-03-14,referral,Germany,Android,free,18-24,7.1.0,15
u_205589,2026-03-10,organic_search,United States,Android,free,18-24,6.9.0,13
u_205590,2026-05-12,influencer,Saudi Arabia,iOS,free,18-24,7.1.0,18.2
u_205591,2026-03-31,referral,Turkey,Android,free,25-34,7.1.0,13
u_205592,2026-04-20,referral,Brazil,iOS,free,25-34,7.0.1,18.2
u_205593,2026-03-25,referral,United Arab Emirates,Android,pro_monthly,18-24,6.9.2,12
u_205594,2026-05-19,paid_search,India,Web,free,18-24,6.8.0,n/a
u_205595,2026-06-14,influencer,United States,Web,free,18-24,7.0.1,n/a
u_205596,2026-05-31,influencer,India,Android,pro_annual,35-44,7.1.0,12
u_205597,2026-03-12,paid_social,United States,Web,free,45+,7.0.1,n/a
u_205598,2026-03-15,paid_social,India,Android,free,25-34,7.0.0,13
u_205599,2026-06-21,paid_social,Turkey,iOS,free,13-17,7.1.0,16.5
u_205600,2026-06-02,paid_search,Nigeria,iOS,free,18-24,7.0.0,17.4
u_205601,2026-06-11,paid_social,United States,iOS,free,18-24,6.9.0,16.5
u_205602,2026-04-03,paid_social,Germany,Android,pro_annual,18-24,7.0.0,14
u_205603,2026-04-11,paid_social,Nigeria,Web,free,25-34,7.1.0,n/a
u_205604,2026-06-09,organic_search,Germany,iOS,free,18-24,6.9.2,18.2
u_205605,2026-03-22,organic_search,Pakistan,Android,free,18-24,6.9.2,15
u_205606,2026-06-06,paid_search,United Kingdom,Web,free,25-34,7.0.1,n/a
u_205607,2026-03-09,paid_social,India,Web,free,45+,7.0.1,n/a
u_205608,2026-05-27,organic_search,United Kingdom,Android,pro_monthly,18-24,7.0.0,15
u_205609,2026-03-12,influencer,Pakistan,Android,free,18-24,7.0.1,14
u_205610,2026-04-17,influencer,India,iOS,free,25-34,6.9.2,17.4
u_205611,2026-03-24,paid_search,Turkey,Android,free,18-24,7.0.1,12
u_205612,2026-04-24,organic_search,India,Android,free,18-24,7.0.1,15
u_205613,2026-03-27,organic_search,United States,Android,pro_monthly,35-44,7.1.0,13
u_205614,2026-04-21,paid_search,Philippines,Android,free,45+,6.9.2,12
u_205615,2026-05-10,paid_social,India,Android,free,18-24,6.9.0,12
u_205616,2026-06-05,app_store_browse,Pakistan,Android,enterprise,25-34,7.1.0,14
u_205617,2026-03-28,paid_social,United States,Android,free,35-44,7.1.0,14
u_205618,2026-03-22,paid_social,Turkey,Android,free,25-34,7.1.0,12
u_205619,2026-06-14,paid_search,United Arab Emirates,Android,free,18-24,7.1.0,13
u_205620,2026-04-08,paid_social,Saudi Arabia,Android,pro_annual,25-34,7.0.1,12
u_205621,2026-05-04,influencer,United Kingdom,iOS,free,25-34,7.1.0,18.2
u_205622,2026-05-24,influencer,United States,iOS,free,25-34,7.1.0,18.2
u_205623,2026-05-25,paid_social,Brazil,iOS,pro_monthly,45+,7.1.0,18.0
u_205624,2026-04-15,organic_search,United Arab Emirates,iOS,free,18-24,7.1.0,17.4
u_205625,2026-06-21,organic_search,India,Android,free,45+,7.0.1,12
u_205626,2026-04-22,influencer,United Arab Emirates,iOS,free,45+,7.0.1,18.0
u_205627,2026-03-19,referral,Indonesia,iOS,free,25-34,7.1.0,16.5
u_205628,2026-04-12,paid_search,United States,Android,free,35-44,7.0.1,13
u_205629,2026-06-17,paid_social,Pakistan,iOS,free,45+,6.9.0,18.2
u_205630,2026-06-11,paid_social,Indonesia,iOS,pro_monthly,13-17,7.1.0,18.2
u_205631,2026-04-24,paid_social,Philippines,iOS,free,18-24,7.0.0,17.4
u_205632,2026-05-05,organic_search,Saudi Arabia,Android,pro_monthly,35-44,7.0.1,15
u_205633,2026-05-10,paid_search,United States,iOS,free,13-17,7.1.0,18.2
u_205634,2026-05-02,paid_social,Philippines,Android,free,13-17,7.0.1,13
u_205635,2026-06-12,organic_search,Indonesia,iOS,free,25-34,7.1.0,17.0
u_205636,2026-04-08,paid_search,Turkey,Android,free,18-24,7.0.0,13
u_205637,2026-05-01,paid_social,Turkey,iOS,free,45+,6.9.2,18.0
u_205638,2026-03-24,paid_social,United Kingdom,Android,free,45+,7.0.0,15
u_205639,2026-04-18,referral,Pakistan,Android,free,25-34,7.0.1,15
u_205640,2026-05-01,organic_search,Pakistan,iOS,free,25-34,7.1.0,16.5
u_205641,2026-04-16,organic_search,Pakistan,iOS,free,18-24,6.9.2,17.0
u_205642,2026-05-08,paid_social,Brazil,Android,free,25-34,7.0.0,12
u_205643,2026-03-12,referral,Pakistan,iOS,free,45+,7.1.0,18.0
u_205644,2026-04-06,app_store_browse,United Kingdom,iOS,free,25-34,6.8.0,18.0
u_205645,2026-04-07,paid_social,Saudi Arabia,Android,free,25-34,6.9.2,15
u_205646,2026-06-01,paid_social,Philippines,Android,free,25-34,7.1.0,13
u_205647,2026-05-31,app_store_browse,United States,iOS,pro_annual,25-34,6.9.2,18.2
u_205648,2026-04-12,paid_search,India,iOS,free,45+,7.1.0,16.5
u_205649,2026-04-29,app_store_browse,United Arab Emirates,Android,free,25-34,7.0.1,15
u_205650,2026-04-11,organic_search,Philippines,iOS,free,18-24,7.0.1,17.4
u_205651,2026-03-14,referral,United Arab Emirates,Android,free,25-34,7.1.0,13
u_205652,2026-05-14,paid_search,India,Android,free,25-34,6.9.2,13
u_205653,2026-06-05,app_store_browse,Germany,iOS,free,25-34,7.1.0,18.0
u_205654,2026-04-28,app_store_browse,Saudi Arabia,Android,pro_monthly,25-34,7.1.0,15
u_205655,2026-05-08,paid_social,United States,iOS,free,25-34,7.1.0,16.5
u_205656,2026-03-09,influencer,Saudi Arabia,Android,free,35-44,6.8.0,13
u_205657,2026-03-21,referral,United Arab Emirates,iOS,free,35-44,7.1.0,16.5
u_205658,2026-04-06,influencer,India,Android,free,18-24,6.9.0,15
u_205659,2026-06-21,paid_social,United States,iOS,free,35-44,6.9.0,18.0
u_205660,2026-05-09,organic_search,Indonesia,iOS,free,18-24,7.1.0,17.4
u_205661,2026-03-05,paid_social,Philippines,Android,free,18-24,7.0.0,13
u_205662,2026-04-16,influencer,India,iOS,free,25-34,7.0.0,17.4
u_205663,2026-05-23,influencer,Pakistan,iOS,free,18-24,7.0.1,18.2
u_205664,2026-03-04,referral,Indonesia,Android,free,18-24,7.1.0,14
u_205665,2026-03-05,paid_social,United States,Android,free,35-44,7.1.0,15
u_205666,2026-04-24,paid_social,Pakistan,iOS,free,18-24,6.9.2,17.0
u_205667,2026-04-04,paid_search,Turkey,Android,free,25-34,7.1.0,14
u_205668,2026-04-22,paid_social,India,iOS,free,45+,7.0.1,16.5
u_205669,2026-03-19,paid_social,Pakistan,Android,pro_monthly,18-24,6.9.0,12
u_205670,2026-03-23,organic_search,Germany,Android,free,18-24,7.1.0,14
u_205671,2026-05-19,paid_search,India,iOS,pro_annual,25-34,7.0.1,17.4
u_205672,2026-05-02,app_store_browse,United States,iOS,pro_monthly,25-34,7.1.0,18.2
u_205673,2026-03-09,organic_search,Saudi Arabia,Android,free,25-34,7.1.0,15
u_205674,2026-06-17,influencer,Pakistan,Android,free,25-34,6.9.2,12
u_205675,2026-03-09,organic_search,United States,Android,pro_annual,18-24,6.9.2,13
u_205676,2026-03-16,influencer,United Arab Emirates,iOS,free,18-24,7.0.1,18.0
u_205677,2026-05-04,referral,United States,Android,free,35-44,6.9.0,14
u_205678,2026-06-19,paid_search,United Arab Emirates,Android,free,35-44,7.0.0,13
u_205679,2026-06-01,organic_search,United States,Android,free,18-24,6.9.0,13
u_205680,2026-06-11,paid_search,United States,Android,free,18-24,7.1.0,14
u_205681,2026-05-28,organic_search,United Arab Emirates,Android,enterprise,25-34,7.0.1,14
u_205682,2026-06-13,paid_social,Turkey,Android,free,25-34,7.0.0,12
u_205683,2026-03-10,organic_search,Brazil,Android,free,35-44,6.9.2,14
u_205684,2026-04-05,app_store_browse,United States,iOS,free,25-34,6.9.2,18.0
u_205685,2026-03-06,referral,India,iOS,free,13-17,6.9.2,18.0
u_205686,2026-04-16,app_store_browse,United States,iOS,free,25-34,7.0.1,17.4
u_205687,2026-06-18,app_store_browse,India,Android,free,25-34,6.8.0,14
u_205688,2026-06-09,organic_search,United States,iOS,free,18-24,7.0.0,18.0
u_205689,2026-05-02,paid_social,Saudi Arabia,iOS,free,18-24,7.1.0,16.5
u_205690,2026-04-09,app_store_browse,Philippines,Android,pro_annual,35-44,6.9.0,15
u_205691,2026-05-02,organic_search,United States,iOS,free,35-44,6.9.2,17.4
u_205692,2026-04-28,organic_search,United Kingdom,Android,free,35-44,6.9.2,14
u_205693,2026-03-23,paid_search,United States,Android,free,18-24,7.1.0,15
u_205694,2026-06-09,paid_social,Saudi Arabia,Android,free,25-34,7.0.1,13
u_205695,2026-04-30,app_store_browse,India,iOS,pro_monthly,25-34,7.0.0,17.4
u_205696,2026-04-30,organic_search,Pakistan,Web,free,18-24,7.1.0,n/a
u_205697,2026-05-01,organic_search,United States,iOS,free,18-24,7.0.0,17.0
u_205698,2026-04-16,referral,United States,Android,free,18-24,6.9.0,14
u_205699,2026-04-19,app_store_browse,United Arab Emirates,Android,free,35-44,7.1.0,12
u_205700,2026-06-06,paid_search,United States,Web,free,18-24,7.1.0,n/a
u_205701,2026-06-15,app_store_browse,United States,Android,free,25-34,7.0.1,15
u_205702,2026-03-27,paid_social,India,Android,free,25-34,7.1.0,14
u_205703,2026-04-03,app_store_browse,Pakistan,iOS,free,35-44,7.1.0,18.0
u_205704,2026-06-16,influencer,United States,Web,free,13-17,7.0.1,n/a
u_205705,2026-04-11,influencer,Pakistan,iOS,pro_monthly,18-24,7.0.1,18.0
u_205706,2026-04-08,paid_search,United States,iOS,free,35-44,7.0.1,18.0
u_205707,2026-03-21,referral,United States,Android,free,25-34,7.1.0,14
u_205708,2026-04-09,paid_social,Pakistan,Android,free,25-34,7.1.0,14
u_205709,2026-03-08,organic_search,Indonesia,Android,free,45+,6.8.0,13
u_205710,2026-03-14,organic_search,Turkey,iOS,free,25-34,6.9.0,17.4
u_205711,2026-04-10,paid_search,Brazil,Android,pro_monthly,25-34,7.0.1,14
u_205712,2026-04-12,organic_search,India,Android,free,25-34,7.1.0,14
u_205713,2026-04-08,organic_search,United Kingdom,Android,free,18-24,7.1.0,14
u_205714,2026-06-13,organic_search,Brazil,Android,free,45+,6.9.2,14
u_205715,2026-03-05,paid_social,India,Android,free,25-34,6.9.2,12
u_205716,2026-06-15,paid_search,United States,Android,free,18-24,7.1.0,15
u_205717,2026-05-26,paid_social,India,Web,free,25-34,7.1.0,n/a
u_205718,2026-03-06,referral,India,Web,free,35-44,7.1.0,n/a
u_205719,2026-06-16,paid_social,Nigeria,iOS,free,25-34,7.1.0,17.4
u_205720,2026-04-20,influencer,United Kingdom,Android,free,18-24,7.1.0,15
u_205721,2026-05-23,app_store_browse,United States,Web,free,13-17,7.1.0,n/a
u_205722,2026-03-17,app_store_browse,Philippines,iOS,pro_monthly,35-44,7.0.0,17.0
u_205723,2026-04-04,paid_search,Pakistan,iOS,free,45+,7.0.0,18.2
u_205724,2026-03-08,paid_social,India,iOS,free,25-34,7.0.1,18.0
u_205725,2026-04-10,app_store_browse,United States,Android,free,18-24,6.9.0,13
u_205726,2026-06-19,paid_search,India,Android,free,18-24,7.1.0,15
u_205727,2026-04-11,app_store_browse,Brazil,Web,free,18-24,7.1.0,n/a
u_205728,2026-06-08,paid_social,United States,iOS,free,18-24,7.0.1,18.0
u_205729,2026-03-14,influencer,Pakistan,iOS,free,25-34,7.1.0,18.0
u_205730,2026-06-02,paid_search,United Kingdom,iOS,free,35-44,7.1.0,17.0
u_205731,2026-03-28,influencer,United States,iOS,free,25-34,7.0.0,18.2
u_205732,2026-04-02,paid_search,Nigeria,Android,free,18-24,7.0.1,15
u_205733,2026-04-16,organic_search,Brazil,Android,free,25-34,6.9.2,12
u_205734,2026-03-24,organic_search,Pakistan,Web,pro_monthly,18-24,7.0.1,n/a
u_205735,2026-05-19,paid_search,United Kingdom,iOS,free,18-24,7.0.1,17.4
u_205736,2026-06-02,organic_search,Saudi Arabia,Web,free,35-44,7.0.1,n/a
u_205737,2026-04-21,paid_social,India,Android,free,45+,7.1.0,13
u_205738,2026-03-01,paid_social,Indonesia,Android,enterprise,25-34,7.0.1,14
u_205739,2026-05-28,paid_search,Germany,Android,free,13-17,7.1.0,15
u_205740,2026-03-04,organic_search,India,Android,free,25-34,7.1.0,12
u_205741,2026-04-27,organic_search,Pakistan,Android,free,45+,6.9.2,13
u_205742,2026-03-12,referral,India,Android,enterprise,18-24,7.0.1,12
u_205743,2026-03-08,influencer,United States,Android,free,18-24,6.9.0,14
u_205744,2026-04-30,paid_social,Nigeria,Android,pro_monthly,25-34,6.9.0,15
u_205745,2026-03-29,paid_search,Indonesia,Android,free,18-24,6.9.2,15
u_205746,2026-03-23,paid_search,United Arab Emirates,iOS,free,25-34,7.1.0,18.2
u_205747,2026-04-26,app_store_browse,United Arab Emirates,iOS,free,25-34,7.0.1,17.0
u_205748,2026-03-15,organic_search,United States,Android,free,35-44,7.0.0,13
u_205749,2026-04-13,referral,United Arab Emirates,iOS,free,18-24,7.0.1,17.4
u_205750,2026-06-01,influencer,India,Web,free,25-34,7.0.0,n/a
u_205751,2026-04-06,app_store_browse,Germany,Android,free,18-24,7.0.1,15
u_205752,2026-06-04,paid_social,United States,Android,pro_annual,35-44,7.1.0,12
u_205753,2026-03-04,referral,Germany,iOS,free,35-44,6.9.0,17.0
u_205754,2026-06-19,paid_social,Brazil,iOS,pro_monthly,35-44,7.0.0,17.0
u_205755,2026-04-24,paid_social,Saudi Arabia,Android,free,35-44,7.0.1,13
u_205756,2026-05-04,paid_social,Indonesia,iOS,pro_annual,45+,7.1.0,18.0
u_205757,2026-04-24,referral,United States,iOS,free,25-34,6.9.2,16.5
u_205758,2026-06-13,paid_search,Pakistan,Web,free,25-34,7.0.1,n/a
u_205759,2026-04-23,influencer,United States,Android,pro_monthly,35-44,7.0.1,15
u_205760,2026-04-30,influencer,United States,Android,pro_monthly,35-44,7.0.1,14
u_205761,2026-03-06,organic_search,United States,iOS,free,18-24,6.8.0,16.5
u_205762,2026-06-21,organic_search,Philippines,Web,free,35-44,7.0.1,n/a
u_205763,2026-05-11,paid_search,Nigeria,Web,pro_annual,18-24,7.0.0,n/a
u_205764,2026-04-05,paid_social,Pakistan,Android,free,35-44,7.0.1,14
u_205765,2026-04-13,paid_social,India,Android,free,18-24,7.1.0,13
u_205766,2026-04-02,app_store_browse,Saudi Arabia,Web,pro_annual,35-44,7.1.0,n/a
u_205767,2026-04-14,organic_search,Philippines,iOS,free,25-34,7.0.1,17.4
u_205768,2026-05-24,referral,India,Android,pro_monthly,25-34,6.9.0,12
u_205769,2026-05-27,app_store_browse,United States,iOS,free,18-24,7.0.1,18.0
u_205770,2026-03-17,paid_social,Nigeria,Android,free,18-24,7.1.0,12
u_205771,2026-06-03,organic_search,India,iOS,free,25-34,7.1.0,17.0
u_205772,2026-06-14,organic_search,Nigeria,Android,free,45+,7.1.0,12
u_205773,2026-05-13,paid_social,Indonesia,Web,free,25-34,7.0.1,n/a
u_205774,2026-06-21,influencer,Brazil,Android,free,18-24,6.8.0,13
u_205775,2026-06-10,influencer,Turkey,iOS,free,25-34,7.0.1,16.5
u_205776,2026-06-17,paid_social,United States,iOS,free,18-24,6.9.2,17.0
u_205777,2026-04-05,paid_social,Germany,Android,free,18-24,7.1.0,12
u_205778,2026-03-11,paid_search,United Kingdom,iOS,free,45+,6.9.0,18.0
u_205779,2026-05-20,organic_search,India,Android,free,25-34,7.0.0,15
u_205780,2026-03-06,organic_search,Germany,Android,free,18-24,7.0.0,14
u_205781,2026-03-25,paid_search,Saudi Arabia,Android,free,18-24,7.1.0,13
u_205782,2026-06-14,paid_social,India,Android,free,18-24,7.1.0,13
u_205783,2026-04-19,paid_search,Saudi Arabia,Web,free,18-24,7.1.0,n/a
u_205784,2026-04-18,influencer,Brazil,Android,pro_annual,35-44,7.0.0,12
u_205785,2026-04-01,app_store_browse,India,Android,free,25-34,7.1.0,12
u_205786,2026-06-10,organic_search,Brazil,iOS,free,25-34,7.0.1,17.0
u_205787,2026-05-20,app_store_browse,India,Android,free,25-34,6.9.0,15
u_205788,2026-05-27,paid_social,United Kingdom,iOS,free,35-44,7.1.0,18.0
u_205789,2026-06-19,paid_social,Germany,iOS,free,35-44,6.8.0,18.2
u_205790,2026-04-17,paid_social,United Arab Emirates,Android,free,25-34,7.0.0,15
u_205791,2026-03-30,organic_search,United States,Android,pro_monthly,35-44,7.0.1,13
u_205792,2026-03-01,referral,Nigeria,Android,free,25-34,7.1.0,14
u_205793,2026-04-30,paid_search,Turkey,Android,enterprise,18-24,6.9.2,13
u_205794,2026-03-15,paid_search,India,iOS,free,18-24,7.1.0,16.5
u_205795,2026-06-14,app_store_browse,Nigeria,Android,free,25-34,7.1.0,15
u_205796,2026-06-19,paid_social,United States,iOS,free,35-44,7.1.0,18.0
u_205797,2026-05-23,paid_social,Indonesia,Android,free,13-17,7.1.0,13
u_205798,2026-05-01,referral,Pakistan,Android,free,18-24,7.1.0,14
u_205799,2026-04-17,influencer,United States,iOS,free,18-24,7.0.1,17.4
u_205800,2026-05-30,paid_search,India,Android,pro_monthly,18-24,7.1.0,15
u_205801,2026-05-17,app_store_browse,Indonesia,Android,free,13-17,7.0.1,13
u_205802,2026-03-30,referral,Brazil,Android,free,45+,7.0.1,12
u_205803,2026-04-02,paid_social,United Arab Emirates,Android,free,25-34,7.1.0,12
u_205804,2026-05-07,influencer,Germany,iOS,free,18-24,6.9.2,18.2
u_205805,2026-05-14,paid_social,Germany,Android,free,45+,6.9.0,13
u_205806,2026-06-20,paid_search,India,Android,pro_monthly,35-44,7.0.0,15
u_205807,2026-04-28,paid_search,India,Web,free,18-24,7.1.0,n/a
u_205808,2026-05-10,organic_search,Indonesia,Web,free,13-17,7.1.0,n/a
u_205809,2026-04-24,organic_search,Nigeria,Web,free,25-34,6.9.0,n/a
u_205810,2026-03-02,app_store_browse,India,Android,free,35-44,6.8.0,15
u_205811,2026-05-28,paid_social,United States,Web,free,18-24,6.9.0,n/a
u_205812,2026-05-14,paid_social,United Kingdom,Android,free,25-34,7.0.1,15
u_205813,2026-04-21,referral,Nigeria,iOS,free,18-24,6.9.0,17.4
u_205814,2026-04-27,organic_search,Saudi Arabia,iOS,free,25-34,7.0.1,16.5
u_205815,2026-03-29,organic_search,India,iOS,free,25-34,7.0.1,18.2
u_205816,2026-03-21,influencer,Pakistan,Android,free,18-24,6.9.0,15
u_205817,2026-05-04,paid_social,Nigeria,Android,free,25-34,7.0.1,12
u_205818,2026-04-08,organic_search,India,Android,pro_monthly,25-34,7.0.0,14
u_205819,2026-05-04,influencer,United Kingdom,iOS,pro_annual,18-24,7.1.0,16.5
u_205820,2026-04-16,influencer,United Arab Emirates,iOS,pro_monthly,13-17,7.1.0,17.4
u_205821,2026-05-11,organic_search,United States,iOS,free,25-34,7.1.0,17.4
u_205822,2026-03-14,organic_search,United Kingdom,iOS,free,18-24,7.0.1,16.5
u_205823,2026-05-06,organic_search,Pakistan,Web,free,25-34,7.1.0,n/a
u_205824,2026-05-31,influencer,Philippines,Web,free,13-17,7.0.0,n/a
u_205825,2026-03-30,influencer,Philippines,iOS,pro_monthly,45+,6.9.0,17.4
u_205826,2026-05-28,referral,United Kingdom,Android,free,25-34,7.0.1,12
u_205827,2026-04-18,influencer,United States,Android,free,18-24,6.9.2,13
u_205828,2026-04-29,paid_social,Brazil,Web,free,45+,7.0.1,n/a
u_205829,2026-05-22,app_store_browse,India,Web,free,18-24,7.0.0,n/a
u_205830,2026-06-08,organic_search,Pakistan,Android,pro_monthly,18-24,7.1.0,12
u_205831,2026-05-03,paid_social,United States,Web,free,18-24,7.0.0,n/a
u_205832,2026-04-14,paid_social,Turkey,Android,free,18-24,7.0.1,14
u_205833,2026-03-10,paid_social,India,Android,free,45+,7.1.0,13
u_205834,2026-05-14,app_store_browse,India,iOS,free,25-34,7.1.0,18.2
u_205835,2026-03-30,paid_social,Germany,iOS,free,18-24,7.0.0,17.4
u_205836,2026-03-01,organic_search,Brazil,Android,pro_monthly,13-17,7.0.0,13
u_205837,2026-03-17,influencer,India,Android,pro_monthly,13-17,6.9.2,12
u_205838,2026-04-29,paid_social,Germany,iOS,pro_monthly,25-34,7.0.1,18.0
u_205839,2026-05-12,organic_search,United States,Web,free,25-34,7.0.1,n/a
u_205840,2026-05-14,paid_social,United States,Android,free,25-34,7.0.1,15
u_205841,2026-05-23,organic_search,Pakistan,Android,free,18-24,7.0.0,15
u_205842,2026-04-16,app_store_browse,Turkey,iOS,pro_annual,18-24,7.1.0,18.0
u_205843,2026-06-19,influencer,United Kingdom,iOS,free,35-44,7.1.0,17.0
u_205844,2026-05-16,paid_social,Nigeria,iOS,free,25-34,7.1.0,17.0
u_205845,2026-05-21,paid_social,India,Android,free,18-24,7.0.1,12
u_205846,2026-03-09,referral,Turkey,iOS,pro_monthly,25-34,7.0.1,16.5
u_205847,2026-04-03,referral,United States,iOS,free,35-44,7.1.0,18.0
u_205848,2026-06-15,influencer,Nigeria,iOS,pro_annual,18-24,7.0.1,18.0
u_205849,2026-05-14,paid_search,Germany,Android,free,18-24,6.9.2,15
u_205850,2026-04-04,organic_search,India,Android,free,35-44,7.1.0,12
u_205851,2026-05-31,paid_search,United Arab Emirates,iOS,free,18-24,7.1.0,16.5
u_205852,2026-03-04,paid_social,Pakistan,Android,free,18-24,7.0.0,14
u_205853,2026-05-23,influencer,Pakistan,Android,free,25-34,7.0.1,12
u_205854,2026-05-24,paid_social,Pakistan,Android,free,18-24,7.0.1,14
u_205855,2026-06-15,influencer,United Arab Emirates,Android,pro_monthly,18-24,7.1.0,13
u_205856,2026-05-10,organic_search,United Kingdom,iOS,free,25-34,6.9.2,18.0
u_205857,2026-04-02,paid_search,Brazil,Android,free,18-24,6.8.0,15
u_205858,2026-05-26,referral,Germany,iOS,free,35-44,7.1.0,18.2
u_205859,2026-04-17,app_store_browse,United Arab Emirates,Android,free,18-24,7.0.1,12
u_205860,2026-06-13,paid_social,United Arab Emirates,Android,free,18-24,6.8.0,15
u_205861,2026-05-30,organic_search,India,iOS,free,35-44,7.0.1,17.4
u_205862,2026-03-27,paid_social,Germany,iOS,pro_monthly,18-24,7.1.0,18.0
u_205863,2026-04-05,influencer,United Arab Emirates,iOS,free,18-24,7.1.0,17.4
u_205864,2026-05-25,influencer,India,iOS,free,18-24,7.1.0,18.2
u_205865,2026-05-27,paid_social,Pakistan,Android,pro_annual,35-44,7.1.0,13
u_205866,2026-05-09,app_store_browse,United Kingdom,Android,free,35-44,7.1.0,14
u_205867,2026-05-20,paid_social,United Arab Emirates,iOS,free,18-24,7.0.1,18.2
u_205868,2026-03-25,paid_social,Pakistan,Android,free,18-24,6.8.0,12
u_205869,2026-05-29,organic_search,Nigeria,Android,free,18-24,7.0.1,12
u_205870,2026-04-30,organic_search,Brazil,Android,pro_annual,18-24,7.0.1,14
u_205871,2026-03-25,paid_search,Pakistan,Android,free,25-34,6.9.0,12
u_205872,2026-04-23,influencer,Indonesia,Android,pro_annual,18-24,7.1.0,12
u_205873,2026-06-20,influencer,United States,Android,free,18-24,7.1.0,14
u_205874,2026-04-28,paid_social,United States,iOS,free,18-24,7.0.1,18.0
u_205875,2026-06-11,referral,Indonesia,Android,pro_monthly,25-34,6.8.0,12
u_205876,2026-05-24,paid_social,Nigeria,Android,enterprise,18-24,6.8.0,13
u_205877,2026-06-18,organic_search,India,Android,free,18-24,7.0.1,14
u_205878,2026-06-05,influencer,Nigeria,Android,free,25-34,7.0.1,12
u_205879,2026-04-04,paid_social,Germany,iOS,free,45+,6.9.2,18.2
u_205880,2026-03-06,app_store_browse,United Kingdom,iOS,free,18-24,7.0.1,17.4
u_205881,2026-05-30,influencer,United States,Android,free,18-24,7.0.1,13
u_205882,2026-04-16,influencer,United Kingdom,Web,free,25-34,6.8.0,n/a
u_205883,2026-04-05,paid_search,United States,Android,free,45+,7.1.0,13
u_205884,2026-05-20,influencer,Indonesia,Web,free,18-24,6.8.0,n/a
u_205885,2026-06-11,influencer,Germany,iOS,free,18-24,7.1.0,18.2
u_205886,2026-06-13,organic_search,Turkey,Android,free,18-24,7.1.0,13
u_205887,2026-04-30,paid_social,United States,Web,free,25-34,7.0.1,n/a
u_205888,2026-04-19,paid_social,India,iOS,free,25-34,7.0.0,17.0
u_205889,2026-04-21,influencer,United States,Web,free,25-34,6.9.2,n/a
u_205890,2026-06-15,app_store_browse,United States,Android,free,25-34,7.1.0,15
u_205891,2026-03-13,organic_search,United States,Android,free,45+,7.0.1,12
u_205892,2026-06-15,paid_search,United States,Android,free,45+,6.9.2,15
u_205893,2026-04-18,app_store_browse,United States,Android,free,25-34,7.0.1,15
u_205894,2026-06-02,app_store_browse,Nigeria,iOS,free,25-34,7.1.0,17.4
u_205895,2026-06-02,paid_social,Pakistan,iOS,free,18-24,7.1.0,17.0
u_205896,2026-04-28,influencer,United Arab Emirates,Android,pro_monthly,18-24,7.0.0,13
u_205897,2026-06-11,organic_search,Pakistan,iOS,free,25-34,7.0.1,17.0
u_205898,2026-04-15,paid_social,Pakistan,iOS,free,25-34,7.0.1,16.5
u_205899,2026-04-01,paid_search,United Kingdom,Web,free,45+,7.1.0,n/a
u_205900,2026-04-03,paid_social,Turkey,iOS,pro_monthly,45+,7.1.0,17.4
u_205901,2026-06-06,paid_search,United Arab Emirates,iOS,pro_annual,18-24,7.0.0,17.4
u_205902,2026-06-01,organic_search,United Kingdom,Android,enterprise,18-24,6.9.0,13
u_205903,2026-03-23,paid_search,Pakistan,Android,pro_monthly,25-34,7.1.0,12
u_205904,2026-04-07,paid_social,Turkey,Android,free,25-34,7.0.0,12
u_205905,2026-03-13,paid_search,United States,iOS,free,25-34,7.0.0,16.5
u_205906,2026-06-20,organic_search,Brazil,Android,free,25-34,7.1.0,15
u_205907,2026-04-15,influencer,Indonesia,iOS,free,18-24,6.9.2,18.2
u_205908,2026-06-21,influencer,India,Android,pro_monthly,35-44,7.1.0,13
u_205909,2026-05-08,referral,Brazil,iOS,free,25-34,6.9.2,17.0
u_205910,2026-04-13,organic_search,Pakistan,Android,free,25-34,6.9.0,13
u_205911,2026-03-11,paid_social,India,Android,free,25-34,7.0.0,15
u_205912,2026-05-04,influencer,United States,Android,free,18-24,7.0.0,13
u_205913,2026-04-13,referral,United States,iOS,pro_monthly,35-44,7.0.0,16.5
u_205914,2026-03-14,influencer,Indonesia,iOS,free,45+,7.1.0,16.5
u_205915,2026-05-03,paid_social,Indonesia,iOS,enterprise,35-44,7.0.0,18.0
u_205916,2026-05-27,paid_search,India,Web,free,45+,7.1.0,n/a
u_205917,2026-05-01,influencer,Indonesia,iOS,free,18-24,7.0.0,18.2
u_205918,2026-03-21,paid_search,Pakistan,Android,free,13-17,6.9.2,14
u_205919,2026-05-10,paid_search,Turkey,iOS,free,25-34,6.9.2,18.0
u_205920,2026-06-12,paid_search,Philippines,iOS,free,18-24,7.1.0,18.0
u_205921,2026-04-18,app_store_browse,Pakistan,iOS,pro_monthly,25-34,7.0.1,16.5
u_205922,2026-03-19,influencer,Pakistan,iOS,free,18-24,7.0.0,17.0
u_205923,2026-06-02,paid_search,United States,Android,pro_monthly,25-34,7.0.1,13
u_205924,2026-04-10,influencer,Pakistan,Android,free,18-24,6.9.0,15
u_205925,2026-03-11,organic_search,India,iOS,free,25-34,6.9.2,17.4
u_205926,2026-03-20,referral,United Arab Emirates,iOS,free,25-34,7.0.0,18.0
u_205927,2026-04-10,influencer,United Arab Emirates,iOS,free,18-24,6.8.0,17.4
u_205928,2026-06-18,organic_search,Saudi Arabia,iOS,pro_annual,45+,7.1.0,18.2
u_205929,2026-04-06,organic_search,Indonesia,Android,free,35-44,7.1.0,14
u_205930,2026-03-18,paid_social,United States,Android,free,18-24,7.0.1,14
u_205931,2026-05-11,paid_search,Nigeria,iOS,free,18-24,7.0.1,18.0
u_205932,2026-05-27,paid_social,Brazil,Android,free,25-34,6.8.0,15
u_205933,2026-06-14,app_store_browse,India,iOS,free,25-34,7.0.0,17.0
u_205934,2026-03-18,paid_social,Pakistan,iOS,free,45+,7.1.0,18.2
u_205935,2026-04-12,paid_search,Philippines,Android,pro_monthly,25-34,7.1.0,13
u_205936,2026-03-24,paid_search,Turkey,iOS,pro_annual,45+,7.0.1,18.0
u_205937,2026-03-28,organic_search,Pakistan,Web,pro_monthly,25-34,7.0.1,n/a
u_205938,2026-05-11,referral,India,iOS,pro_annual,25-34,7.0.1,16.5
u_205939,2026-06-12,paid_social,Saudi Arabia,Android,free,25-34,7.0.1,12
u_205940,2026-03-05,paid_social,United Arab Emirates,Android,free,18-24,7.0.1,14
u_205941,2026-06-15,organic_search,Pakistan,Android,free,18-24,7.0.1,15
u_205942,2026-04-08,organic_search,United States,Android,free,35-44,6.9.2,12
u_205943,2026-05-27,paid_social,United States,iOS,free,18-24,7.1.0,17.4
u_205944,2026-05-24,influencer,Brazil,Android,free,45+,7.0.1,14
u_205945,2026-03-04,influencer,Saudi Arabia,Web,free,18-24,6.8.0,n/a
u_205946,2026-04-22,organic_search,Nigeria,Android,free,18-24,6.9.2,15
u_205947,2026-06-17,organic_search,Pakistan,iOS,free,35-44,7.0.0,18.0
u_205948,2026-04-20,organic_search,India,Web,free,18-24,7.1.0,n/a
u_205949,2026-06-09,referral,India,Android,free,45+,6.9.0,13
u_205950,2026-05-27,organic_search,Pakistan,Android,pro_annual,35-44,7.0.1,12
u_205951,2026-05-14,organic_search,United Arab Emirates,Android,free,25-34,7.0.1,14
u_205952,2026-03-21,influencer,Pakistan,Web,free,18-24,7.1.0,n/a
u_205953,2026-05-24,paid_social,United States,iOS,pro_monthly,18-24,7.0.0,18.0
u_205954,2026-05-12,paid_search,United States,Android,free,45+,7.1.0,12
u_205955,2026-06-04,app_store_browse,United States,iOS,free,18-24,7.1.0,17.0
u_205956,2026-04-15,organic_search,India,iOS,free,25-34,7.0.1,17.0
u_205957,2026-04-24,organic_search,India,iOS,free,25-34,7.0.1,18.0
u_205958,2026-05-31,organic_search,Philippines,iOS,free,18-24,6.9.0,18.2
u_205959,2026-03-06,app_store_browse,United States,Android,free,35-44,7.1.0,12
u_205960,2026-03-02,paid_social,Turkey,iOS,free,35-44,7.0.0,16.5
u_205961,2026-03-08,app_store_browse,India,iOS,pro_annual,13-17,7.0.0,17.4
u_205962,2026-03-27,paid_social,Turkey,iOS,free,18-24,7.0.0,16.5
u_205963,2026-06-01,paid_social,India,Android,free,25-34,7.0.0,13
u_205964,2026-06-16,influencer,United Kingdom,iOS,pro_monthly,35-44,7.0.1,17.0
u_205965,2026-04-07,paid_social,Turkey,iOS,free,35-44,7.1.0,17.0
u_205966,2026-03-09,paid_search,India,iOS,free,18-24,7.1.0,18.2
u_205967,2026-06-06,organic_search,India,Web,free,35-44,7.1.0,n/a
u_205968,2026-05-25,paid_social,Saudi Arabia,Android,free,35-44,7.0.1,14
u_205969,2026-05-01,paid_social,United States,Android,free,18-24,7.0.0,15
u_205970,2026-05-13,paid_social,India,Android,free,25-34,7.0.0,15
u_205971,2026-04-04,paid_search,Pakistan,Web,free,25-34,7.1.0,n/a
u_205972,2026-05-06,paid_social,India,Android,free,13-17,6.9.0,15
u_205973,2026-06-02,paid_social,Indonesia,Android,free,13-17,7.1.0,15
u_205974,2026-04-21,paid_social,Indonesia,iOS,free,25-34,6.9.2,18.2
u_205975,2026-05-18,referral,Nigeria,Android,free,18-24,6.9.2,15
u_205976,2026-05-31,influencer,United Kingdom,Android,free,13-17,7.0.0,14
u_205977,2026-03-17,influencer,Pakistan,iOS,free,18-24,6.9.0,18.0
u_205978,2026-06-01,app_store_browse,India,iOS,free,25-34,7.0.0,18.2
u_205979,2026-04-04,paid_social,Pakistan,iOS,free,35-44,7.0.1,18.0
u_205980,2026-04-22,paid_social,Indonesia,Android,pro_annual,25-34,7.0.1,15
u_205981,2026-05-28,paid_search,Brazil,Android,free,25-34,7.0.0,14
u_205982,2026-04-06,organic_search,Philippines,Web,free,18-24,7.0.0,n/a
u_205983,2026-04-29,paid_social,India,Android,free,18-24,7.0.1,12
u_205984,2026-04-26,paid_search,Nigeria,Android,pro_monthly,13-17,7.0.1,15
u_205985,2026-04-21,paid_search,Nigeria,iOS,pro_annual,18-24,7.0.1,17.0
u_205986,2026-06-21,app_store_browse,Pakistan,Android,free,25-34,7.1.0,12
u_205987,2026-05-17,organic_search,United States,Android,free,18-24,7.0.0,14
u_205988,2026-05-23,organic_search,Pakistan,iOS,pro_annual,25-34,7.1.0,17.4
u_205989,2026-04-19,paid_social,United Kingdom,Android,free,45+,6.9.0,13
u_205990,2026-04-21,app_store_browse,Saudi Arabia,Android,free,25-34,7.1.0,15
u_205991,2026-05-01,paid_social,Nigeria,Android,free,18-24,7.1.0,14
u_205992,2026-05-22,influencer,Pakistan,Android,pro_annual,35-44,7.0.1,13
u_205993,2026-04-14,organic_search,Saudi Arabia,Android,pro_monthly,18-24,7.1.0,12
u_205994,2026-05-10,referral,United States,Android,pro_monthly,35-44,7.0.1,14
u_205995,2026-03-19,organic_search,Saudi Arabia,Android,free,35-44,7.1.0,14
u_205996,2026-03-13,app_store_browse,United States,iOS,pro_monthly,45+,6.9.2,16.5
u_205997,2026-03-30,app_store_browse,United States,Android,free,25-34,6.9.0,12
u_205998,2026-03-13,influencer,India,Android,free,25-34,6.9.0,13
u_205999,2026-06-07,organic_search,Philippines,iOS,free,35-44,7.0.1,18.0
u_206000,2026-03-09,organic_search,United States,Android,free,25-34,7.1.0,12
u_206001,2026-05-29,influencer,Brazil,Android,pro_monthly,25-34,7.1.0,15
u_206002,2026-05-20,influencer,Brazil,Android,free,45+,6.9.2,15
u_206003,2026-03-14,paid_social,United Arab Emirates,Android,free,18-24,6.9.2,15
u_206004,2026-05-02,organic_search,Germany,Android,free,25-34,7.0.0,15
u_206005,2026-03-18,app_store_browse,United States,Web,free,18-24,7.0.1,n/a
u_206006,2026-04-23,paid_social,India,iOS,free,18-24,6.9.0,16.5
u_206007,2026-04-26,organic_search,United States,Android,pro_monthly,18-24,6.9.2,12
u_206008,2026-04-08,paid_social,United Kingdom,Android,pro_monthly,18-24,7.1.0,13
u_206009,2026-05-20,paid_search,Philippines,iOS,free,18-24,6.8.0,17.0
u_206010,2026-06-12,paid_social,Pakistan,Android,free,25-34,7.0.1,13
u_206011,2026-03-08,paid_social,Indonesia,Android,free,25-34,6.9.0,15
u_206012,2026-06-18,paid_social,India,Android,free,35-44,7.1.0,14
u_206013,2026-05-19,referral,Nigeria,Android,free,35-44,6.9.2,15
u_206014,2026-04-16,paid_social,Pakistan,Web,free,13-17,7.0.1,n/a
u_206015,2026-05-26,organic_search,Philippines,Android,free,25-34,7.1.0,12
u_206016,2026-03-22,paid_social,India,iOS,free,18-24,7.1.0,17.0
u_206017,2026-05-15,influencer,Philippines,iOS,pro_monthly,18-24,7.1.0,17.4
u_206018,2026-04-15,organic_search,India,Android,free,35-44,7.1.0,12
u_206019,2026-05-07,paid_social,Germany,Android,free,35-44,7.0.0,12
u_206020,2026-06-14,paid_social,India,iOS,free,25-34,7.0.1,17.0
u_206021,2026-04-26,paid_social,India,Web,free,18-24,6.9.2,n/a
u_206022,2026-04-26,app_store_browse,United States,Android,free,13-17,7.1.0,15
u_206023,2026-03-29,paid_social,United States,iOS,free,13-17,7.0.0,17.4
u_206024,2026-04-14,influencer,India,Android,free,18-24,7.0.1,12
u_206025,2026-06-19,organic_search,India,Android,free,18-24,6.9.2,14
u_206026,2026-06-03,organic_search,Turkey,iOS,free,18-24,6.9.2,18.2
u_206027,2026-03-31,paid_social,Saudi Arabia,Android,free,13-17,6.9.2,13
u_206028,2026-03-09,paid_social,United Kingdom,Android,pro_monthly,35-44,7.0.1,12
u_206029,2026-04-22,organic_search,Nigeria,Web,free,25-34,7.1.0,n/a
u_206030,2026-05-25,influencer,United Arab Emirates,Web,free,25-34,7.0.1,n/a
u_206031,2026-04-22,paid_social,Turkey,iOS,pro_monthly,25-34,7.0.1,16.5
u_206032,2026-06-20,referral,Pakistan,iOS,pro_annual,35-44,6.9.2,18.2
u_206033,2026-06-04,paid_social,Brazil,Android,pro_monthly,45+,7.1.0,12
u_206034,2026-03-29,paid_search,Indonesia,iOS,free,45+,7.0.0,17.4
u_206035,2026-03-19,paid_social,Pakistan,iOS,free,25-34,7.0.0,18.0
u_206036,2026-05-30,paid_social,United Arab Emirates,Android,free,18-24,7.1.0,13
u_206037,2026-03-30,organic_search,Pakistan,Android,pro_annual,18-24,6.8.0,14
u_206038,2026-06-10,app_store_browse,United Arab Emirates,Android,pro_annual,18-24,7.1.0,15
u_206039,2026-03-10,paid_social,United Arab Emirates,Android,free,35-44,6.9.0,14
u_206040,2026-03-19,app_store_browse,Turkey,Android,free,25-34,7.0.0,14
u_206041,2026-05-13,organic_search,United Kingdom,Web,free,25-34,7.1.0,n/a
u_206042,2026-04-26,paid_social,Pakistan,iOS,free,45+,7.0.1,17.0
u_206043,2026-05-22,paid_search,United Kingdom,iOS,free,18-24,7.1.0,17.4
u_206044,2026-04-24,paid_social,Philippines,Android,free,18-24,6.8.0,13
u_206045,2026-05-27,paid_search,Nigeria,Android,free,25-34,6.9.2,12
u_206046,2026-03-25,paid_social,India,iOS,pro_annual,18-24,6.9.0,17.4
u_206047,2026-04-14,paid_social,United States,Web,free,18-24,7.0.1,n/a
u_206048,2026-04-06,paid_social,Pakistan,iOS,free,18-24,7.1.0,17.0
u_206049,2026-04-27,app_store_browse,India,Android,free,18-24,7.0.1,14
u_206050,2026-04-24,paid_social,Germany,Android,free,13-17,7.1.0,15
u_206051,2026-06-02,referral,United States,Android,pro_annual,45+,7.0.1,12
u_206052,2026-05-04,app_store_browse,India,Android,pro_annual,25-34,7.1.0,13
u_206053,2026-04-10,paid_search,Pakistan,iOS,pro_monthly,25-34,7.1.0,18.0
u_206054,2026-05-10,app_store_browse,Turkey,Web,pro_monthly,13-17,7.1.0,n/a
u_206055,2026-05-18,referral,United Kingdom,iOS,free,35-44,7.0.1,16.5
u_206056,2026-04-07,influencer,United States,Android,free,45+,7.0.1,12
u_206057,2026-05-13,app_store_browse,Pakistan,iOS,free,25-34,7.1.0,18.2
u_206058,2026-05-09,organic_search,Philippines,Android,free,18-24,7.0.1,14
u_206059,2026-04-19,organic_search,United States,iOS,free,18-24,7.1.0,16.5
u_206060,2026-04-02,organic_search,United Arab Emirates,iOS,free,18-24,7.1.0,18.0
u_206061,2026-05-11,organic_search,Turkey,Android,free,25-34,7.0.0,12
u_206062,2026-06-07,influencer,India,iOS,free,25-34,7.0.1,18.2
u_206063,2026-05-27,paid_social,United States,Web,free,18-24,7.0.1,n/a
u_206064,2026-04-21,influencer,United States,Android,pro_monthly,18-24,7.0.0,12
u_206065,2026-03-18,paid_social,United States,iOS,free,18-24,7.1.0,17.0
u_206066,2026-05-04,referral,United Arab Emirates,iOS,free,45+,7.1.0,17.0
u_206067,2026-04-06,influencer,Indonesia,Android,pro_monthly,18-24,7.0.0,15
u_206068,2026-06-02,influencer,Brazil,Android,free,25-34,7.1.0,15
u_206069,2026-03-05,paid_search,Pakistan,Web,pro_monthly,25-34,7.1.0,n/a
u_206070,2026-03-30,referral,Turkey,Android,free,25-34,7.0.1,15
u_206071,2026-06-07,organic_search,United States,iOS,free,25-34,7.0.1,16.5
u_206072,2026-04-16,influencer,Nigeria,iOS,free,45+,7.0.1,16.5
u_206073,2026-06-01,influencer,United States,iOS,free,18-24,6.9.0,16.5
u_206074,2026-04-01,referral,Pakistan,iOS,free,25-34,6.8.0,16.5
u_206075,2026-03-03,organic_search,Saudi Arabia,Android,free,25-34,7.1.0,14
u_206076,2026-03-11,influencer,Pakistan,Android,free,25-34,6.9.0,14
u_206077,2026-06-15,influencer,Pakistan,iOS,free,25-34,6.9.2,17.4
u_206078,2026-05-27,organic_search,Saudi Arabia,iOS,free,18-24,6.8.0,17.4
u_206079,2026-04-07,organic_search,United Arab Emirates,Android,pro_monthly,25-34,7.0.1,15
u_206080,2026-05-17,paid_social,United States,Android,free,25-34,7.0.1,13
u_206081,2026-03-28,organic_search,United States,iOS,free,18-24,6.9.2,17.4
u_206082,2026-03-02,paid_search,India,iOS,enterprise,13-17,6.9.2,18.0
u_206083,2026-05-20,referral,United States,Android,free,25-34,7.0.1,13
u_206084,2026-05-18,influencer,Germany,Android,free,25-34,7.1.0,12
u_206085,2026-04-12,app_store_browse,Pakistan,Android,free,25-34,7.1.0,14
u_206086,2026-03-26,influencer,United Arab Emirates,Android,free,18-24,7.0.0,12
u_206087,2026-05-21,organic_search,United States,iOS,pro_monthly,35-44,7.1.0,17.4
u_206088,2026-06-21,organic_search,Pakistan,Web,free,18-24,7.1.0,n/a
u_206089,2026-05-23,influencer,United States,Web,pro_annual,18-24,7.1.0,n/a
u_206090,2026-06-08,influencer,Germany,Web,pro_monthly,45+,7.1.0,n/a
u_206091,2026-03-12,paid_social,Indonesia,Android,free,18-24,7.1.0,13
u_206092,2026-04-05,paid_social,India,iOS,free,25-34,7.0.0,17.0
u_206093,2026-05-16,paid_social,Pakistan,Web,pro_monthly,25-34,7.0.0,n/a
u_206094,2026-06-13,paid_search,United States,Android,free,45+,6.9.2,12
u_206095,2026-05-01,referral,United Arab Emirates,Android,free,18-24,7.0.1,12
u_206096,2026-05-14,organic_search,United States,iOS,free,18-24,7.0.1,18.0
u_206097,2026-06-18,organic_search,United Arab Emirates,iOS,pro_annual,35-44,7.1.0,17.4
u_206098,2026-05-10,influencer,Saudi Arabia,Android,free,18-24,7.1.0,15
u_206099,2026-05-23,referral,Turkey,Android,pro_monthly,25-34,7.1.0,15
u_206100,2026-05-17,referral,United States,Android,free,35-44,7.1.0,15
u_206101,2026-03-07,paid_social,Brazil,Web,pro_monthly,18-24,6.9.2,n/a
u_206102,2026-03-09,paid_search,Nigeria,iOS,free,18-24,7.1.0,17.0
u_206103,2026-04-13,app_store_browse,United Kingdom,Android,free,18-24,6.9.0,12
u_206104,2026-05-29,paid_social,India,iOS,free,25-34,6.8.0,18.0
u_206105,2026-05-17,paid_social,India,Android,free,25-34,7.1.0,12
u_206106,2026-04-10,paid_search,Indonesia,Android,free,35-44,7.1.0,13
u_206107,2026-06-16,organic_search,United States,iOS,free,45+,7.1.0,16.5
u_206108,2026-03-07,influencer,Germany,Android,free,25-34,7.0.0,14
u_206109,2026-06-02,influencer,Indonesia,iOS,free,25-34,7.0.0,17.4
u_206110,2026-05-17,paid_social,India,iOS,free,18-24,7.0.1,17.4
u_206111,2026-05-12,app_store_browse,United States,Android,free,18-24,7.0.1,13
u_206112,2026-04-11,app_store_browse,Nigeria,Android,pro_monthly,25-34,7.1.0,14
u_206113,2026-04-11,paid_search,Pakistan,Android,free,25-34,7.0.0,14
u_206114,2026-04-16,influencer,India,Android,free,18-24,6.9.2,12
u_206115,2026-04-08,paid_social,Philippines,iOS,free,35-44,6.9.2,18.2
u_206116,2026-05-10,paid_search,Turkey,iOS,free,25-34,7.1.0,16.5
u_206117,2026-06-18,app_store_browse,Pakistan,iOS,pro_monthly,35-44,7.0.1,18.0
u_206118,2026-03-20,paid_social,Brazil,Android,free,35-44,6.8.0,15
u_206119,2026-05-02,organic_search,United Kingdom,iOS,free,25-34,7.1.0,17.0
u_206120,2026-06-11,paid_social,Brazil,iOS,free,25-34,7.1.0,17.0
u_206121,2026-03-21,organic_search,United Kingdom,iOS,free,13-17,7.1.0,17.0
u_206122,2026-03-18,paid_social,Brazil,Android,pro_annual,18-24,7.1.0,15
u_206123,2026-05-06,paid_search,United Kingdom,iOS,free,13-17,6.9.0,17.0
u_206124,2026-04-22,influencer,Philippines,iOS,free,18-24,7.0.1,18.2
u_206125,2026-06-17,app_store_browse,Brazil,Android,free,35-44,7.0.1,15
u_206126,2026-05-10,paid_social,Indonesia,Android,free,25-34,7.1.0,13
u_206127,2026-06-20,app_store_browse,Nigeria,Android,free,25-34,6.8.0,13
u_206128,2026-05-20,organic_search,Pakistan,Android,free,18-24,7.1.0,15
u_206129,2026-05-21,influencer,Saudi Arabia,Web,free,18-24,7.1.0,n/a
u_206130,2026-03-03,organic_search,United Kingdom,Android,free,45+,7.1.0,15
u_206131,2026-03-13,app_store_browse,United States,Web,free,35-44,7.0.1,n/a
u_206132,2026-05-21,paid_search,Germany,Android,free,35-44,7.0.0,12
u_206133,2026-05-01,influencer,Pakistan,Android,free,18-24,7.0.1,12
u_206134,2026-06-10,paid_search,Indonesia,Android,free,35-44,7.1.0,13
u_206135,2026-04-05,influencer,United States,iOS,free,18-24,6.9.0,17.0
u_206136,2026-06-01,organic_search,United States,Android,pro_monthly,35-44,7.1.0,13
u_206137,2026-04-19,paid_social,Pakistan,Android,free,18-24,7.0.0,12
u_206138,2026-03-10,influencer,India,iOS,free,25-34,7.1.0,17.4
u_206139,2026-03-29,referral,Philippines,iOS,free,18-24,7.1.0,17.0
u_206140,2026-03-18,influencer,Indonesia,iOS,free,18-24,7.1.0,18.2
u_206141,2026-05-08,paid_social,India,iOS,free,45+,6.9.0,17.4
u_206142,2026-05-16,app_store_browse,United States,iOS,free,35-44,7.1.0,18.0
u_206143,2026-05-31,paid_social,United States,Android,free,18-24,7.1.0,12
u_206144,2026-03-17,app_store_browse,Nigeria,Android,free,18-24,6.8.0,15
u_206145,2026-06-18,paid_social,India,Android,free,45+,7.1.0,15
u_206146,2026-03-30,influencer,United States,Web,free,13-17,7.0.1,n/a
u_206147,2026-05-29,organic_search,United States,Android,free,45+,7.0.0,14
u_206148,2026-03-26,app_store_browse,Pakistan,Web,free,35-44,7.0.0,n/a
u_206149,2026-03-07,paid_social,Philippines,iOS,free,25-34,7.1.0,16.5
u_206150,2026-05-25,paid_social,Pakistan,Web,free,25-34,7.1.0,n/a
u_206151,2026-05-04,paid_social,Brazil,Android,free,18-24,7.1.0,15
u_206152,2026-03-10,organic_search,Indonesia,Android,free,18-24,7.1.0,12
u_206153,2026-05-29,paid_social,Saudi Arabia,iOS,free,13-17,7.1.0,18.2
u_206154,2026-03-31,paid_social,Brazil,Android,pro_annual,18-24,7.0.0,14
u_206155,2026-05-29,paid_search,Nigeria,Web,enterprise,18-24,7.0.1,n/a
u_206156,2026-05-22,app_store_browse,United States,Android,free,35-44,7.1.0,13
u_206157,2026-05-06,organic_search,India,iOS,free,45+,6.9.2,16.5
u_206158,2026-04-21,influencer,United States,Web,pro_monthly,45+,7.0.1,n/a
u_206159,2026-04-06,organic_search,United States,Android,free,25-34,7.1.0,14
u_206160,2026-03-09,organic_search,India,Android,free,13-17,6.9.0,12
u_206161,2026-06-11,paid_social,India,Android,free,45+,6.9.2,14
u_206162,2026-04-20,paid_social,United Kingdom,Android,free,25-34,7.1.0,15
u_206163,2026-04-14,paid_social,United States,iOS,free,18-24,7.0.0,17.4
u_206164,2026-05-25,paid_social,India,iOS,free,35-44,7.1.0,17.4
u_206165,2026-04-20,paid_social,United States,Web,free,35-44,7.1.0,n/a
u_206166,2026-03-25,paid_social,Germany,Android,free,18-24,7.0.1,13
u_206167,2026-06-07,paid_social,United States,Web,pro_monthly,18-24,7.0.1,n/a
u_206168,2026-05-27,paid_search,Philippines,Web,free,35-44,7.1.0,n/a
u_206169,2026-06-09,app_store_browse,United Arab Emirates,iOS,pro_monthly,35-44,7.0.1,18.0
u_206170,2026-06-01,paid_social,United States,iOS,pro_annual,35-44,6.9.2,17.4
u_206171,2026-03-18,paid_search,Philippines,Android,free,18-24,7.0.1,12
u_206172,2026-05-29,app_store_browse,United States,iOS,free,18-24,7.0.0,18.2
u_206173,2026-06-07,organic_search,United Arab Emirates,Web,free,25-34,7.1.0,n/a
u_206174,2026-04-14,paid_social,United Arab Emirates,iOS,pro_annual,18-24,6.9.0,16.5
u_206175,2026-04-19,influencer,United Arab Emirates,iOS,free,18-24,7.0.1,18.2
u_206176,2026-06-12,referral,India,iOS,free,35-44,6.9.2,18.2
u_206177,2026-05-24,paid_search,United States,iOS,free,18-24,7.1.0,18.0
u_206178,2026-05-14,organic_search,Indonesia,Android,free,18-24,6.8.0,12
u_206179,2026-03-30,paid_social,Pakistan,iOS,pro_monthly,18-24,7.1.0,17.4
u_206180,2026-05-14,paid_social,United States,Android,enterprise,45+,7.0.0,12
u_206181,2026-06-19,paid_social,Turkey,iOS,pro_monthly,18-24,6.9.0,17.4
u_206182,2026-06-06,paid_social,Saudi Arabia,Android,pro_monthly,45+,7.0.0,12
u_206183,2026-04-26,paid_search,Pakistan,Android,pro_monthly,18-24,7.0.1,12
u_206184,2026-05-25,organic_search,United States,Web,free,25-34,7.0.1,n/a
u_206185,2026-04-16,organic_search,Brazil,Android,free,25-34,7.0.0,15
u_206186,2026-06-19,app_store_browse,United Arab Emirates,Android,free,35-44,7.1.0,13
u_206187,2026-06-17,influencer,United States,Android,free,18-24,6.9.0,12
u_206188,2026-06-19,organic_search,United Arab Emirates,iOS,free,25-34,6.9.2,17.0
u_206189,2026-04-05,referral,United Kingdom,Android,free,25-34,7.1.0,12
u_206190,2026-05-22,organic_search,India,Web,free,25-34,7.0.1,n/a
u_206191,2026-04-05,paid_social,United States,iOS,free,18-24,7.1.0,17.0
u_206192,2026-03-08,paid_social,Indonesia,Android,pro_monthly,18-24,7.1.0,14
u_206193,2026-05-26,paid_search,Indonesia,Android,free,18-24,7.0.0,15
u_206194,2026-06-13,influencer,Indonesia,Android,pro_monthly,18-24,7.0.1,15
u_206195,2026-06-14,paid_social,United States,Android,pro_monthly,25-34,6.9.2,13
u_206196,2026-06-03,influencer,Indonesia,iOS,free,35-44,6.9.2,16.5
u_206197,2026-06-18,influencer,India,iOS,free,45+,7.1.0,16.5
u_206198,2026-04-29,app_store_browse,Turkey,Android,pro_monthly,13-17,6.8.0,13
u_206199,2026-03-24,influencer,United States,Android,free,35-44,6.9.2,14
u_206200,2026-05-28,app_store_browse,United States,iOS,free,18-24,6.8.0,17.0
u_206201,2026-03-09,paid_search,United States,iOS,pro_annual,35-44,7.0.0,17.0
u_206202,2026-04-27,referral,Philippines,Android,free,18-24,7.0.1,13
u_206203,2026-05-21,referral,United Arab Emirates,Android,free,35-44,7.1.0,14
u_206204,2026-04-11,app_store_browse,Saudi Arabia,Android,free,35-44,6.9.2,14
u_206205,2026-06-05,organic_search,India,Android,free,35-44,7.0.1,14
u_206206,2026-06-13,influencer,Indonesia,iOS,free,18-24,7.1.0,17.0
u_206207,2026-05-08,referral,Saudi Arabia,iOS,free,18-24,7.0.0,17.0
u_206208,2026-04-27,paid_social,India,Android,free,25-34,6.9.2,12
u_206209,2026-04-16,paid_social,Pakistan,Web,pro_monthly,25-34,7.0.1,n/a
u_206210,2026-04-27,paid_social,United States,Web,free,13-17,7.0.1,n/a
u_206211,2026-05-03,referral,Turkey,iOS,free,18-24,7.1.0,16.5
u_206212,2026-03-04,paid_social,Philippines,iOS,free,35-44,7.1.0,16.5
u_206213,2026-05-27,paid_search,United Kingdom,iOS,free,25-34,7.1.0,17.4
u_206214,2026-03-30,app_store_browse,Indonesia,Android,free,45+,7.0.1,12
u_206215,2026-03-20,paid_social,United States,iOS,free,25-34,7.0.0,18.2
u_206216,2026-04-18,influencer,Saudi Arabia,Android,free,18-24,7.1.0,12
u_206217,2026-03-11,referral,Nigeria,iOS,free,35-44,7.1.0,17.0
u_206218,2026-03-21,paid_social,Pakistan,Web,free,18-24,7.0.1,n/a
u_206219,2026-06-12,influencer,Pakistan,Android,enterprise,18-24,7.0.1,14
u_206220,2026-05-19,paid_search,Brazil,Android,free,18-24,7.1.0,15
u_206221,2026-05-19,organic_search,Indonesia,Web,free,35-44,6.9.2,n/a
u_206222,2026-03-14,organic_search,United States,iOS,pro_monthly,45+,6.9.0,18.2
u_206223,2026-04-19,app_store_browse,Turkey,iOS,free,35-44,7.0.1,16.5
u_206224,2026-04-13,app_store_browse,India,Android,free,45+,7.1.0,12
u_206225,2026-03-04,paid_social,Indonesia,Web,pro_annual,18-24,7.1.0,n/a
u_206226,2026-05-31,paid_social,India,iOS,pro_monthly,18-24,7.0.1,18.0
u_206227,2026-04-04,paid_search,Turkey,Android,free,35-44,7.0.1,12
u_206228,2026-05-09,organic_search,United Arab Emirates,iOS,free,45+,7.1.0,18.2
u_206229,2026-05-16,paid_social,Philippines,Android,free,45+,7.1.0,15
u_206230,2026-04-06,organic_search,Pakistan,iOS,enterprise,25-34,6.9.2,16.5
u_206231,2026-04-28,paid_social,United States,iOS,free,35-44,7.0.1,17.0
u_206232,2026-04-20,app_store_browse,India,Android,pro_monthly,18-24,7.0.0,13
u_206233,2026-06-16,influencer,India,Web,free,18-24,7.0.1,n/a
u_206234,2026-04-04,paid_social,Pakistan,Android,free,25-34,7.0.0,14
u_206235,2026-04-02,influencer,United Kingdom,Web,pro_annual,25-34,7.0.0,n/a
u_206236,2026-05-13,paid_social,United States,Android,pro_monthly,13-17,7.1.0,14
u_206237,2026-06-10,paid_search,Philippines,Android,free,45+,7.0.1,14
u_206238,2026-04-16,organic_search,United States,Android,free,25-34,6.9.2,15
u_206239,2026-03-29,organic_search,Pakistan,Web,free,45+,6.8.0,n/a
u_206240,2026-05-10,organic_search,Pakistan,Android,free,18-24,7.1.0,13
u_206241,2026-04-26,paid_social,Turkey,iOS,enterprise,18-24,6.9.2,17.0
u_206242,2026-05-09,organic_search,Brazil,iOS,free,25-34,7.1.0,17.0
u_206243,2026-04-04,paid_search,Philippines,iOS,free,45+,7.0.0,17.4
u_206244,2026-03-13,paid_social,United States,Web,free,45+,6.8.0,n/a
u_206245,2026-03-10,paid_social,United States,Android,free,35-44,7.0.1,12
u_206246,2026-04-13,paid_social,Brazil,Android,enterprise,45+,6.9.2,15
u_206247,2026-03-17,paid_search,United States,Android,free,25-34,6.9.2,12
u_206248,2026-03-06,app_store_browse,India,Android,free,45+,7.0.1,14
u_206249,2026-05-25,organic_search,Pakistan,iOS,free,18-24,7.0.1,16.5
u_206250,2026-03-19,organic_search,India,iOS,free,45+,7.1.0,18.2
u_206251,2026-05-01,paid_search,Pakistan,iOS,free,35-44,7.1.0,16.5
u_206252,2026-04-20,app_store_browse,Brazil,Android,free,18-24,7.1.0,12
u_206253,2026-03-02,organic_search,Pakistan,iOS,free,35-44,7.1.0,18.0
u_206254,2026-03-09,app_store_browse,Turkey,iOS,pro_annual,18-24,7.1.0,17.4
u_206255,2026-03-17,organic_search,United States,Web,free,25-34,6.8.0,n/a
u_206256,2026-05-17,influencer,Pakistan,Android,enterprise,25-34,6.8.0,12
u_206257,2026-04-22,organic_search,Indonesia,iOS,free,25-34,6.9.0,17.4
u_206258,2026-03-31,app_store_browse,Germany,iOS,free,18-24,7.0.0,17.0
u_206259,2026-05-21,paid_social,Philippines,Android,pro_annual,25-34,7.0.0,13
u_206260,2026-05-15,influencer,Saudi Arabia,Android,free,25-34,6.8.0,12
u_206261,2026-04-27,paid_social,India,iOS,free,45+,6.9.0,17.0
u_206262,2026-03-21,organic_search,United Kingdom,Android,free,18-24,7.1.0,13
u_206263,2026-06-02,influencer,Turkey,Android,pro_monthly,25-34,7.1.0,14
u_206264,2026-03-04,paid_search,United States,Android,free,18-24,7.1.0,14
u_206265,2026-04-28,paid_search,India,iOS,free,45+,7.0.1,18.0
u_206266,2026-03-22,paid_search,India,iOS,free,18-24,6.9.2,17.4
u_206267,2026-04-13,app_store_browse,Pakistan,Android,free,25-34,7.0.1,14
u_206268,2026-03-07,paid_social,India,Android,free,18-24,7.1.0,12
u_206269,2026-03-09,influencer,Pakistan,iOS,free,25-34,6.9.0,16.5
u_206270,2026-04-22,influencer,Indonesia,Android,free,25-34,7.1.0,15
u_206271,2026-04-30,paid_social,India,iOS,free,35-44,6.8.0,16.5
u_206272,2026-03-02,paid_social,Nigeria,Web,free,25-34,7.0.1,n/a
u_206273,2026-05-10,paid_social,Pakistan,iOS,enterprise,18-24,7.1.0,16.5
u_206274,2026-05-06,app_store_browse,United States,Android,free,25-34,7.1.0,15
u_206275,2026-05-08,organic_search,Philippines,Web,free,35-44,6.9.0,n/a
u_206276,2026-04-22,referral,Nigeria,iOS,pro_monthly,18-24,7.1.0,17.4
u_206277,2026-05-20,paid_social,Brazil,Android,free,18-24,6.8.0,14
u_206278,2026-05-20,app_store_browse,Philippines,Web,free,45+,7.0.1,n/a
u_206279,2026-03-07,organic_search,Germany,Web,free,18-24,7.0.1,n/a
u_206280,2026-03-15,paid_social,United States,Android,free,35-44,7.1.0,13
u_206281,2026-05-16,organic_search,Pakistan,iOS,free,45+,7.0.1,18.2
u_206282,2026-03-11,paid_search,Philippines,Android,free,35-44,7.1.0,14
u_206283,2026-04-24,app_store_browse,United Kingdom,Android,pro_annual,35-44,7.0.1,15
u_206284,2026-06-10,paid_social,United States,Android,free,18-24,7.1.0,13
u_206285,2026-05-22,referral,Saudi Arabia,Android,free,25-34,7.0.0,13
u_206286,2026-06-17,paid_social,Turkey,iOS,free,25-34,7.1.0,17.4
u_206287,2026-03-06,paid_social,Pakistan,Android,pro_monthly,25-34,6.9.0,14
u_206288,2026-03-16,organic_search,United States,iOS,free,35-44,6.9.2,16.5
u_206289,2026-03-06,influencer,United States,Android,free,25-34,6.9.0,15
u_206290,2026-03-20,paid_social,Pakistan,iOS,free,45+,7.1.0,18.0
u_206291,2026-04-02,paid_social,Turkey,iOS,free,18-24,6.9.0,18.0
u_206292,2026-03-07,organic_search,United Kingdom,Android,free,45+,7.0.1,14
u_206293,2026-05-10,paid_social,Turkey,iOS,free,25-34,7.0.1,17.0
u_206294,2026-03-25,paid_social,Philippines,Android,free,18-24,7.1.0,14
u_206295,2026-03-07,paid_search,Saudi Arabia,iOS,free,35-44,7.0.0,18.2
u_206296,2026-03-05,referral,Pakistan,iOS,free,13-17,7.0.1,16.5
u_206297,2026-04-26,app_store_browse,Saudi Arabia,Android,free,18-24,7.0.1,13
u_206298,2026-04-14,influencer,India,iOS,free,18-24,6.8.0,18.0
u_206299,2026-04-06,organic_search,Turkey,iOS,pro_monthly,45+,7.0.1,17.0
u_206300,2026-06-16,paid_social,United States,iOS,free,35-44,6.9.2,16.5
u_206301,2026-03-11,organic_search,Pakistan,iOS,pro_monthly,13-17,7.0.0,16.5
u_206302,2026-03-25,paid_social,Nigeria,iOS,pro_annual,25-34,6.9.2,18.2
u_206303,2026-04-23,organic_search,United States,Android,free,25-34,7.0.0,14
u_206304,2026-03-01,influencer,United Arab Emirates,iOS,free,18-24,7.0.1,18.2
u_206305,2026-06-17,referral,India,Android,pro_annual,18-24,6.9.2,12
u_206306,2026-05-25,influencer,Pakistan,Web,free,45+,7.0.0,n/a
u_206307,2026-03-07,referral,United States,Android,free,25-34,7.1.0,12
u_206308,2026-04-17,referral,India,Android,free,35-44,6.9.0,12
u_206309,2026-05-07,paid_social,Pakistan,Web,free,25-34,6.9.2,n/a
u_206310,2026-03-21,paid_social,United Kingdom,Web,pro_monthly,18-24,7.1.0,n/a
u_206311,2026-06-13,paid_social,Saudi Arabia,Android,free,18-24,7.1.0,13
u_206312,2026-05-14,organic_search,Pakistan,Android,free,25-34,7.1.0,14
u_206313,2026-04-14,app_store_browse,United States,iOS,free,18-24,6.9.2,18.2
u_206314,2026-04-04,app_store_browse,India,Android,free,18-24,7.1.0,15
u_206315,2026-06-12,organic_search,Pakistan,Android,free,25-34,7.1.0,12
u_206316,2026-05-24,referral,United Arab Emirates,Android,free,45+,6.9.2,15
u_206317,2026-06-11,paid_social,United States,Web,pro_annual,35-44,7.1.0,n/a
u_206318,2026-03-17,paid_social,United States,Android,free,18-24,7.0.1,13
u_206319,2026-06-03,organic_search,India,iOS,free,18-24,7.1.0,16.5
u_206320,2026-04-24,paid_social,Saudi Arabia,Android,free,25-34,7.1.0,14
u_206321,2026-03-08,paid_search,Indonesia,Android,free,35-44,7.1.0,13
u_206322,2026-03-24,referral,United States,Android,free,25-34,7.0.1,12
u_206323,2026-05-13,paid_social,Pakistan,iOS,free,25-34,7.0.1,18.2
u_206324,2026-04-10,referral,Indonesia,Android,pro_monthly,25-34,7.0.1,13
u_206325,2026-03-21,paid_search,Nigeria,iOS,free,25-34,6.9.0,17.4
u_206326,2026-04-28,referral,United Arab Emirates,Android,pro_annual,18-24,7.0.1,15
u_206327,2026-03-21,influencer,United Arab Emirates,iOS,pro_annual,18-24,7.1.0,17.0
u_206328,2026-05-30,paid_search,United States,Android,pro_monthly,25-34,6.9.2,14
u_206329,2026-04-10,paid_search,Nigeria,iOS,free,18-24,6.8.0,18.0
u_206330,2026-05-16,paid_social,Pakistan,Web,free,25-34,7.1.0,n/a
u_206331,2026-05-08,influencer,Germany,iOS,pro_annual,25-34,7.1.0,18.0
u_206332,2026-03-16,paid_search,Turkey,iOS,free,45+,6.9.0,17.4
u_206333,2026-04-19,paid_search,Turkey,iOS,free,45+,7.0.1,17.4
u_206334,2026-03-27,paid_social,Saudi Arabia,iOS,free,18-24,6.9.2,16.5
u_206335,2026-04-05,paid_search,Turkey,iOS,free,35-44,6.8.0,18.0
u_206336,2026-05-29,paid_social,Turkey,Android,free,13-17,7.1.0,15
u_206337,2026-05-22,paid_social,United States,Android,free,18-24,7.1.0,15
u_206338,2026-03-03,paid_search,Pakistan,iOS,free,25-34,7.1.0,17.0
u_206339,2026-03-27,paid_social,Pakistan,Android,free,13-17,7.1.0,12
u_206340,2026-04-17,influencer,Pakistan,Web,pro_annual,35-44,7.1.0,n/a
u_206341,2026-05-06,referral,United Arab Emirates,Android,free,25-34,7.1.0,13
u_206342,2026-05-28,paid_social,Indonesia,Android,free,18-24,7.1.0,12
u_206343,2026-05-09,paid_social,Indonesia,iOS,free,25-34,7.0.1,18.2
u_206344,2026-06-03,paid_social,Pakistan,Web,free,25-34,7.0.1,n/a
u_206345,2026-05-10,app_store_browse,Pakistan,iOS,free,25-34,6.8.0,17.0
u_206346,2026-04-24,paid_search,Germany,iOS,free,18-24,7.0.1,16.5
u_206347,2026-04-14,paid_social,United Kingdom,iOS,free,25-34,7.0.1,16.5
u_206348,2026-05-09,referral,Brazil,iOS,free,35-44,7.0.1,17.4
u_206349,2026-05-02,paid_social,United States,Android,free,13-17,6.8.0,12
u_206350,2026-05-08,paid_search,Saudi Arabia,iOS,free,25-34,7.0.1,17.4
u_206351,2026-05-05,influencer,Turkey,iOS,free,18-24,6.9.0,17.4
u_206352,2026-06-10,influencer,Pakistan,Android,free,18-24,6.9.2,15
u_206353,2026-05-22,paid_search,United States,Android,free,25-34,7.0.0,14
u_206354,2026-06-15,organic_search,India,Android,free,13-17,7.0.1,12
u_206355,2026-05-07,organic_search,Saudi Arabia,Android,pro_monthly,25-34,7.1.0,15
u_206356,2026-03-17,organic_search,Germany,Android,free,18-24,6.9.0,12
u_206357,2026-06-06,influencer,United States,iOS,free,25-34,6.8.0,17.0
u_206358,2026-06-12,app_store_browse,Pakistan,Web,free,18-24,7.1.0,n/a
u_206359,2026-05-27,app_store_browse,United Kingdom,iOS,pro_monthly,25-34,7.1.0,18.2
u_206360,2026-03-23,organic_search,Pakistan,Android,free,35-44,7.0.0,14
u_206361,2026-05-11,paid_search,United States,iOS,free,35-44,7.1.0,18.2
u_206362,2026-03-13,app_store_browse,United States,Android,free,25-34,7.1.0,14
u_206363,2026-04-13,paid_social,Turkey,Android,free,35-44,6.9.2,15
u_206364,2026-04-21,paid_social,United Arab Emirates,Web,pro_annual,45+,7.1.0,n/a
u_206365,2026-03-25,influencer,Brazil,Android,pro_annual,25-34,7.1.0,13
u_206366,2026-04-19,paid_search,Saudi Arabia,iOS,free,18-24,6.8.0,18.2
u_206367,2026-05-22,organic_search,United Kingdom,Android,pro_monthly,18-24,7.0.0,15
u_206368,2026-03-21,influencer,United Arab Emirates,Android,free,25-34,7.1.0,15
u_206369,2026-04-18,paid_search,Pakistan,iOS,free,18-24,7.1.0,16.5
u_206370,2026-04-22,influencer,Germany,iOS,free,18-24,7.0.1,17.4
u_206371,2026-04-28,influencer,Turkey,iOS,free,45+,7.1.0,18.0
u_206372,2026-03-24,paid_social,Brazil,iOS,free,35-44,7.1.0,16.5
u_206373,2026-06-21,influencer,India,Android,free,18-24,6.9.0,13
u_206374,2026-03-28,influencer,United States,Android,pro_monthly,35-44,7.0.0,14
u_206375,2026-04-15,paid_search,Pakistan,iOS,free,25-34,7.0.1,17.0
u_206376,2026-05-13,organic_search,Turkey,Web,free,18-24,7.1.0,n/a
u_206377,2026-06-19,paid_social,United Kingdom,Web,free,25-34,7.1.0,n/a
u_206378,2026-03-18,app_store_browse,India,iOS,free,18-24,7.1.0,18.0
u_206379,2026-05-22,influencer,United Kingdom,Android,pro_annual,25-34,6.9.2,13
u_206380,2026-03-15,paid_social,United Arab Emirates,Android,free,25-34,7.0.1,12
u_206381,2026-03-12,paid_social,United States,iOS,free,18-24,7.1.0,16.5
u_206382,2026-03-16,influencer,Brazil,iOS,free,13-17,7.1.0,18.0
u_206383,2026-03-09,organic_search,Indonesia,iOS,free,45+,6.9.0,17.4
u_206384,2026-06-17,paid_social,Nigeria,iOS,free,13-17,7.1.0,17.4
u_206385,2026-05-13,paid_social,Indonesia,iOS,free,18-24,7.0.1,18.2
u_206386,2026-03-23,referral,Pakistan,Android,free,35-44,7.0.1,14
u_206387,2026-04-01,paid_search,United Arab Emirates,Android,free,35-44,6.9.0,12
u_206388,2026-05-18,app_store_browse,United States,Android,free,18-24,7.0.1,13
u_206389,2026-05-24,paid_social,United States,Android,free,18-24,7.1.0,14
u_206390,2026-03-26,referral,United Kingdom,iOS,pro_monthly,25-34,7.0.1,16.5
u_206391,2026-06-06,paid_social,Brazil,iOS,free,35-44,7.0.1,17.0
u_206392,2026-04-27,influencer,Pakistan,Web,free,25-34,6.8.0,n/a
u_206393,2026-05-13,organic_search,United States,Android,free,18-24,7.0.1,12
u_206394,2026-03-16,organic_search,United States,iOS,pro_monthly,18-24,7.0.1,18.0
u_206395,2026-05-01,paid_social,United States,iOS,free,18-24,7.0.1,18.0
u_206396,2026-04-21,app_store_browse,United States,iOS,pro_annual,18-24,7.0.1,16.5
u_206397,2026-03-03,organic_search,United States,Web,free,18-24,6.9.2,n/a
u_206398,2026-04-06,paid_social,United States,Android,free,25-34,7.0.1,12
u_206399,2026-06-09,organic_search,Turkey,Android,pro_annual,35-44,7.0.0,15
u_206400,2026-03-01,referral,United Arab Emirates,Android,free,18-24,7.1.0,15
u_206401,2026-04-26,paid_social,Saudi Arabia,iOS,free,18-24,6.9.2,18.0
u_206402,2026-05-15,organic_search,United Arab Emirates,iOS,free,18-24,7.0.1,17.4
u_206403,2026-04-30,paid_social,Brazil,Android,free,25-34,7.0.1,15
u_206404,2026-04-14,influencer,Pakistan,Android,free,18-24,7.0.0,14
u_206405,2026-06-21,influencer,United States,Android,pro_monthly,18-24,7.1.0,14
u_206406,2026-04-07,organic_search,United States,iOS,free,35-44,7.0.0,18.2
u_206407,2026-03-19,paid_social,Nigeria,Web,free,18-24,7.1.0,n/a
u_206408,2026-06-14,referral,Nigeria,Android,free,25-34,7.1.0,13
u_206409,2026-06-08,paid_social,Nigeria,iOS,pro_annual,25-34,7.0.0,18.0
u_206410,2026-05-17,paid_social,India,Web,free,18-24,7.0.1,n/a
u_206411,2026-06-04,paid_search,Saudi Arabia,Web,free,18-24,7.0.0,n/a
u_206412,2026-05-15,paid_social,Saudi Arabia,Android,free,25-34,7.0.1,12
u_206413,2026-05-19,paid_social,Indonesia,Android,pro_monthly,25-34,7.0.0,12
u_206414,2026-03-19,paid_social,Pakistan,Android,free,45+,7.0.1,13
u_206415,2026-03-22,paid_social,United States,Web,free,18-24,6.9.0,n/a
u_206416,2026-04-11,app_store_browse,United States,iOS,free,18-24,6.9.2,17.0
u_206417,2026-03-03,paid_social,Pakistan,Web,pro_annual,25-34,7.0.1,n/a
u_206418,2026-05-15,influencer,Nigeria,Android,free,18-24,7.1.0,13
u_206419,2026-03-03,influencer,Pakistan,Android,pro_monthly,18-24,7.1.0,14
u_206420,2026-04-16,influencer,United States,iOS,free,25-34,7.1.0,17.0
u_206421,2026-05-29,app_store_browse,Turkey,Android,free,35-44,7.1.0,14
u_206422,2026-05-03,organic_search,India,Android,free,18-24,6.9.2,15
u_206423,2026-03-27,paid_search,United Arab Emirates,Web,free,45+,7.0.1,n/a
u_206424,2026-05-30,referral,Pakistan,Android,pro_monthly,25-34,7.0.1,15
u_206425,2026-06-14,app_store_browse,Nigeria,Android,free,18-24,7.1.0,12
u_206426,2026-05-11,paid_social,Indonesia,iOS,free,18-24,7.1.0,17.4
u_206427,2026-05-19,paid_social,Pakistan,Android,free,25-34,7.1.0,13
u_206428,2026-05-14,influencer,United Kingdom,iOS,enterprise,35-44,7.0.1,17.0
u_206429,2026-03-19,organic_search,United States,Android,free,35-44,6.9.0,13
u_206430,2026-05-15,app_store_browse,Indonesia,Web,free,25-34,6.9.0,n/a
u_206431,2026-04-25,app_store_browse,Germany,Android,free,25-34,7.1.0,12
u_206432,2026-04-11,paid_social,India,Android,free,25-34,7.1.0,15
u_206433,2026-04-15,paid_social,Brazil,Android,pro_monthly,25-34,7.0.1,15
u_206434,2026-06-15,influencer,Germany,Android,free,18-24,7.1.0,13
u_206435,2026-03-17,organic_search,Saudi Arabia,iOS,free,25-34,6.8.0,16.5
u_206436,2026-03-12,paid_social,United States,iOS,free,35-44,7.1.0,18.0
u_206437,2026-06-02,organic_search,Pakistan,Android,free,18-24,7.0.0,14
u_206438,2026-03-30,paid_search,Germany,iOS,free,35-44,6.9.2,18.2
u_206439,2026-03-02,paid_social,United Arab Emirates,Android,free,25-34,7.0.1,13
u_206440,2026-05-20,paid_search,Germany,Web,free,45+,7.0.1,n/a
u_206441,2026-05-20,referral,United States,iOS,free,18-24,6.9.0,17.0
u_206442,2026-06-04,referral,United States,iOS,free,25-34,7.1.0,18.2
u_206443,2026-06-01,organic_search,Indonesia,iOS,free,25-34,7.0.0,18.2
u_206444,2026-06-09,paid_search,United States,iOS,pro_annual,25-34,7.1.0,17.0
u_206445,2026-05-29,influencer,United States,Android,free,18-24,7.0.1,13
u_206446,2026-05-13,organic_search,Saudi Arabia,Android,free,25-34,7.0.0,14
u_206447,2026-05-16,influencer,Turkey,Android,free,25-34,7.0.1,14
u_206448,2026-03-31,paid_search,Brazil,Android,free,25-34,7.1.0,13
u_206449,2026-05-04,paid_search,India,Web,free,18-24,7.0.0,n/a
u_206450,2026-05-16,influencer,Brazil,Android,pro_annual,25-34,6.9.2,15
u_206451,2026-05-17,app_store_browse,Saudi Arabia,Android,free,18-24,7.0.1,15
u_206452,2026-05-23,referral,Indonesia,iOS,free,35-44,7.1.0,17.0
u_206453,2026-06-06,paid_search,United Kingdom,Android,free,35-44,7.0.1,14
u_206454,2026-05-23,influencer,Pakistan,iOS,free,18-24,7.0.0,18.0
u_206455,2026-04-06,organic_search,India,iOS,free,25-34,7.0.1,17.4
u_206456,2026-06-16,organic_search,India,Web,free,35-44,6.9.0,n/a
u_206457,2026-06-07,paid_social,Brazil,Web,free,25-34,7.1.0,n/a
u_206458,2026-05-17,paid_search,Pakistan,iOS,free,18-24,7.0.1,18.0
u_206459,2026-04-15,paid_search,United Kingdom,iOS,free,25-34,7.0.0,18.0
u_206460,2026-05-02,organic_search,Brazil,Android,free,45+,7.0.1,13
u_206461,2026-06-08,paid_social,Brazil,iOS,pro_monthly,35-44,7.0.0,17.4
u_206462,2026-04-10,paid_social,United States,Android,free,18-24,7.0.0,13
u_206463,2026-04-18,paid_social,Brazil,iOS,free,18-24,7.1.0,17.0
u_206464,2026-03-04,organic_search,India,Android,pro_annual,25-34,6.9.2,15
u_206465,2026-05-29,organic_search,Saudi Arabia,iOS,free,45+,7.1.0,18.2
u_206466,2026-04-27,paid_social,India,Web,pro_annual,35-44,6.9.0,n/a
u_206467,2026-03-31,paid_social,Nigeria,iOS,free,18-24,6.9.0,18.0
u_206468,2026-05-09,organic_search,Indonesia,Web,free,25-34,6.9.0,n/a
u_206469,2026-03-07,influencer,Indonesia,iOS,free,25-34,6.9.2,17.4
u_206470,2026-05-22,app_store_browse,Indonesia,Web,free,18-24,7.1.0,n/a
u_206471,2026-05-23,paid_search,United Kingdom,Android,free,25-34,7.0.1,13
u_206472,2026-05-29,app_store_browse,Indonesia,Android,free,35-44,7.1.0,14
u_206473,2026-04-02,organic_search,United Arab Emirates,iOS,free,18-24,7.1.0,18.2
u_206474,2026-04-10,paid_search,United States,iOS,pro_annual,18-24,7.0.0,18.0
u_206475,2026-05-12,paid_social,United Kingdom,Android,free,18-24,7.1.0,15
u_206476,2026-04-04,influencer,United Arab Emirates,iOS,free,25-34,7.0.1,18.2
u_206477,2026-04-08,paid_social,Philippines,iOS,free,25-34,7.0.1,17.0
u_206478,2026-03-16,organic_search,United Kingdom,Web,free,25-34,7.1.0,n/a
u_206479,2026-05-16,organic_search,United States,Web,free,45+,7.1.0,n/a
u_206480,2026-05-22,app_store_browse,United States,Android,free,25-34,6.9.2,14
u_206481,2026-03-07,influencer,Pakistan,iOS,free,18-24,7.0.1,16.5
u_206482,2026-03-09,influencer,Saudi Arabia,Android,free,18-24,7.1.0,13
u_206483,2026-06-17,referral,Pakistan,Android,free,25-34,7.0.1,12
u_206484,2026-04-27,paid_social,India,Android,pro_monthly,18-24,7.0.0,14
u_206485,2026-04-13,referral,United Arab Emirates,Web,free,25-34,7.0.0,n/a
u_206486,2026-05-19,paid_social,India,iOS,free,25-34,7.0.0,17.4
u_206487,2026-04-10,paid_social,United Arab Emirates,Android,free,45+,6.9.0,12
u_206488,2026-03-29,organic_search,Nigeria,Web,free,35-44,7.0.1,n/a
u_206489,2026-04-21,paid_social,India,Android,free,18-24,7.1.0,15
u_206490,2026-05-21,paid_social,Pakistan,Web,free,45+,7.1.0,n/a
u_206491,2026-05-30,app_store_browse,India,Android,pro_monthly,18-24,7.1.0,13
u_206492,2026-04-11,paid_social,Philippines,iOS,free,18-24,7.1.0,17.4
u_206493,2026-06-04,influencer,United States,iOS,free,25-34,7.1.0,17.0
u_206494,2026-06-15,paid_social,United Arab Emirates,Android,free,18-24,7.1.0,14
u_206495,2026-03-01,organic_search,United Arab Emirates,Android,pro_annual,25-34,7.0.1,12
u_206496,2026-03-07,paid_search,Saudi Arabia,Android,free,45+,7.1.0,12
u_206497,2026-03-30,influencer,United States,Android,free,35-44,7.0.0,13
u_206498,2026-03-12,app_store_browse,Indonesia,Android,free,35-44,7.0.0,13
u_206499,2026-04-28,paid_social,United Kingdom,Android,free,25-34,7.0.1,12
u_206500,2026-06-08,paid_social,United States,Android,free,18-24,7.0.1,15
u_206501,2026-03-19,app_store_browse,Brazil,Web,free,18-24,7.0.0,n/a
u_206502,2026-03-30,paid_search,Pakistan,Android,free,35-44,7.1.0,15
u_206503,2026-04-15,organic_search,United Arab Emirates,Android,free,18-24,7.1.0,14
u_206504,2026-04-15,paid_social,Pakistan,iOS,free,35-44,6.9.0,17.4
u_206505,2026-04-01,paid_search,United States,Web,free,18-24,6.9.2,n/a
u_206506,2026-04-29,paid_search,United Arab Emirates,Web,pro_monthly,13-17,7.1.0,n/a
u_206507,2026-06-13,paid_social,Germany,Web,free,45+,7.0.1,n/a
u_206508,2026-05-30,influencer,United Kingdom,iOS,pro_monthly,18-24,6.8.0,16.5
u_206509,2026-04-28,organic_search,Turkey,iOS,pro_monthly,45+,7.1.0,18.0
u_206510,2026-04-07,app_store_browse,Pakistan,iOS,free,18-24,7.1.0,18.2
u_206511,2026-05-21,paid_social,India,Android,free,25-34,7.0.1,14
u_206512,2026-05-06,influencer,United Kingdom,Web,free,18-24,6.9.0,n/a
u_206513,2026-03-28,organic_search,Philippines,Android,free,45+,7.0.1,13
u_206514,2026-04-08,paid_social,Pakistan,Web,free,45+,7.1.0,n/a
u_206515,2026-03-13,paid_social,United States,iOS,free,25-34,6.9.0,17.4
u_206516,2026-04-29,app_store_browse,Saudi Arabia,Android,free,25-34,6.8.0,13
u_206517,2026-03-07,paid_search,Brazil,Web,pro_monthly,25-34,7.0.0,n/a
u_206518,2026-03-22,organic_search,United Kingdom,Web,free,45+,7.1.0,n/a
u_206519,2026-06-06,app_store_browse,India,Android,free,25-34,7.0.1,12
u_206520,2026-03-14,influencer,India,iOS,free,18-24,7.0.1,18.0
u_206521,2026-03-31,organic_search,Philippines,iOS,free,25-34,7.0.1,17.0
u_206522,2026-04-01,organic_search,United States,iOS,free,18-24,7.0.0,18.2
u_206523,2026-03-27,influencer,India,Android,free,25-34,7.0.0,12
u_206524,2026-05-14,influencer,India,Android,free,18-24,7.1.0,14
u_206525,2026-05-05,referral,United Kingdom,Android,pro_annual,25-34,7.1.0,14
u_206526,2026-03-23,organic_search,Saudi Arabia,Web,free,18-24,6.9.2,n/a
u_206527,2026-03-27,paid_social,Pakistan,iOS,free,18-24,7.1.0,16.5
u_206528,2026-03-23,paid_search,India,Android,free,25-34,6.9.0,13
u_206529,2026-06-07,organic_search,India,iOS,free,18-24,7.0.0,18.2
u_206530,2026-04-12,referral,Philippines,iOS,free,18-24,7.1.0,16.5
u_206531,2026-05-12,paid_search,Turkey,Web,free,18-24,7.0.1,n/a
u_206532,2026-04-10,organic_search,Turkey,Web,free,35-44,7.0.1,n/a
u_206533,2026-05-18,influencer,United Kingdom,Android,free,18-24,7.1.0,13
u_206534,2026-05-31,paid_search,Saudi Arabia,Android,free,25-34,6.9.0,12
u_206535,2026-03-04,paid_social,Saudi Arabia,iOS,free,18-24,7.1.0,18.0
u_206536,2026-06-21,referral,Brazil,Android,free,18-24,6.8.0,15
u_206537,2026-06-16,influencer,India,iOS,free,18-24,7.0.1,17.0
u_206538,2026-05-04,organic_search,United Kingdom,Android,free,35-44,7.0.1,15
u_206539,2026-05-10,paid_social,Pakistan,iOS,free,35-44,7.0.1,17.4
u_206540,2026-06-20,app_store_browse,United States,Android,free,13-17,7.0.1,13
u_206541,2026-06-03,paid_search,India,Android,pro_monthly,18-24,7.0.0,14
u_206542,2026-04-05,organic_search,United Arab Emirates,Android,free,45+,7.1.0,13
u_206543,2026-05-19,organic_search,Nigeria,Android,free,25-34,6.9.2,12
u_206544,2026-04-17,app_store_browse,India,iOS,free,45+,7.0.0,17.4
u_206545,2026-04-22,influencer,Pakistan,iOS,free,18-24,7.1.0,17.0
u_206546,2026-05-11,paid_search,Pakistan,Web,free,25-34,7.1.0,n/a
u_206547,2026-03-18,organic_search,Turkey,Android,free,25-34,7.0.1,15
u_206548,2026-04-05,paid_social,Turkey,Android,free,18-24,7.0.0,13
u_206549,2026-03-31,paid_social,Indonesia,iOS,pro_monthly,18-24,7.1.0,16.5
u_206550,2026-05-11,influencer,India,Web,free,18-24,7.1.0,n/a
u_206551,2026-04-12,influencer,Saudi Arabia,Android,free,35-44,7.0.1,12
u_206552,2026-03-20,influencer,Indonesia,Android,pro_monthly,45+,7.1.0,14
u_206553,2026-06-18,app_store_browse,Indonesia,Web,free,45+,7.1.0,n/a
u_206554,2026-03-02,referral,Turkey,iOS,free,25-34,7.0.1,17.4
u_206555,2026-03-11,organic_search,Philippines,iOS,free,13-17,7.0.1,17.4
u_206556,2026-04-02,organic_search,Indonesia,Web,free,25-34,7.0.1,n/a
u_206557,2026-03-04,paid_social,United States,Android,free,18-24,7.1.0,13
u_206558,2026-03-02,organic_search,United States,Android,free,45+,6.9.2,14
u_206559,2026-04-10,organic_search,Indonesia,Android,free,25-34,7.0.1,13
u_206560,2026-06-13,influencer,India,Android,free,25-34,7.0.0,13
u_206561,2026-04-03,paid_social,Pakistan,Web,free,35-44,7.1.0,n/a
u_206562,2026-03-01,influencer,United States,iOS,free,18-24,7.1.0,18.2
u_206563,2026-04-10,influencer,United Kingdom,iOS,free,25-34,7.1.0,18.0
u_206564,2026-04-29,influencer,United States,Android,free,18-24,7.1.0,15
u_206565,2026-03-31,paid_social,Philippines,Android,free,18-24,7.0.1,15
u_206566,2026-04-23,influencer,India,Web,free,25-34,6.9.0,n/a
u_206567,2026-04-13,paid_search,United Kingdom,Android,free,45+,7.1.0,15
u_206568,2026-06-20,paid_social,Nigeria,Web,free,25-34,7.0.1,n/a
u_206569,2026-03-31,app_store_browse,India,Android,pro_annual,25-34,6.9.2,15
u_206570,2026-05-30,organic_search,Nigeria,Android,pro_monthly,18-24,7.1.0,15
u_206571,2026-04-01,paid_social,United Arab Emirates,Android,free,18-24,7.0.1,12
u_206572,2026-03-03,paid_social,Brazil,Android,free,25-34,7.0.1,15
u_206573,2026-03-03,app_store_browse,United States,iOS,free,18-24,7.1.0,17.0
u_206574,2026-03-03,paid_social,Turkey,Web,free,35-44,6.9.2,n/a
u_206575,2026-06-11,influencer,United States,Android,free,35-44,6.9.2,14
u_206576,2026-05-27,organic_search,Saudi Arabia,Android,free,35-44,7.0.1,15
u_206577,2026-04-15,organic_search,Indonesia,iOS,free,18-24,7.0.0,18.0
u_206578,2026-05-19,paid_search,United Arab Emirates,Android,free,35-44,6.9.0,15
u_206579,2026-06-02,paid_search,United States,iOS,free,18-24,6.9.2,18.0
u_206580,2026-04-14,organic_search,United Arab Emirates,Android,free,35-44,7.1.0,12
u_206581,2026-03-14,organic_search,United Kingdom,Android,free,45+,7.0.1,14
u_206582,2026-03-30,organic_search,United Kingdom,iOS,free,25-34,7.0.1,16.5
u_206583,2026-05-27,paid_search,United Arab Emirates,iOS,free,25-34,7.1.0,17.0
u_206584,2026-05-22,paid_social,Brazil,iOS,pro_annual,18-24,6.9.2,18.0
u_206585,2026-05-14,influencer,Saudi Arabia,Android,free,35-44,7.0.1,13
u_206586,2026-03-28,paid_social,United States,Android,free,25-34,7.1.0,15
u_206587,2026-05-17,paid_social,Pakistan,iOS,free,35-44,7.0.1,17.4
u_206588,2026-05-29,paid_search,Nigeria,Android,free,18-24,7.1.0,13
u_206589,2026-05-28,paid_social,United Arab Emirates,iOS,free,45+,7.1.0,16.5
u_206590,2026-03-18,influencer,United Kingdom,Android,free,45+,6.9.2,15
u_206591,2026-04-06,paid_social,India,Web,free,18-24,7.1.0,n/a
u_206592,2026-05-19,paid_social,Pakistan,Android,free,25-34,7.0.1,15
u_206593,2026-03-14,paid_search,United States,Android,free,25-34,7.0.1,13
u_206594,2026-05-24,organic_search,Turkey,iOS,free,45+,7.1.0,16.5
u_206595,2026-06-19,app_store_browse,United Arab Emirates,iOS,pro_monthly,25-34,6.9.2,17.0
u_206596,2026-04-18,paid_social,United Kingdom,Web,free,25-34,7.1.0,n/a
u_206597,2026-05-17,paid_search,Brazil,Android,free,18-24,7.1.0,15
u_206598,2026-03-05,influencer,Turkey,iOS,free,25-34,7.1.0,16.5
u_206599,2026-06-06,organic_search,India,iOS,pro_annual,25-34,7.1.0,18.2
u_206600,2026-04-24,paid_search,United Arab Emirates,iOS,free,25-34,7.1.0,17.0
u_206601,2026-03-16,paid_search,Saudi Arabia,Android,free,35-44,6.9.0,15
u_206602,2026-05-12,organic_search,Brazil,Web,free,18-24,7.1.0,n/a
u_206603,2026-04-17,paid_social,United Kingdom,Web,free,25-34,7.1.0,n/a
u_206604,2026-06-15,paid_social,Germany,Android,free,13-17,6.9.2,15
u_206605,2026-03-08,paid_search,United Kingdom,iOS,free,35-44,7.0.1,18.0
u_206606,2026-06-12,paid_search,United Kingdom,iOS,pro_monthly,13-17,7.1.0,17.0
u_206607,2026-04-28,organic_search,Pakistan,iOS,free,45+,7.1.0,18.0
u_206608,2026-04-15,organic_search,Pakistan,iOS,free,25-34,7.0.1,16.5
u_206609,2026-06-03,referral,Brazil,Android,pro_annual,25-34,7.0.0,15
u_206610,2026-03-12,influencer,Pakistan,Android,free,25-34,7.0.1,14
u_206611,2026-05-03,paid_social,Nigeria,Android,pro_annual,25-34,7.0.0,14
u_206612,2026-05-14,organic_search,Turkey,iOS,free,13-17,6.9.2,18.2
u_206613,2026-04-07,referral,United States,Android,free,18-24,7.0.1,12
u_206614,2026-04-18,organic_search,Nigeria,iOS,pro_annual,18-24,7.0.1,17.4
u_206615,2026-05-26,paid_social,United States,iOS,free,35-44,7.0.0,18.2
u_206616,2026-05-16,influencer,Indonesia,iOS,pro_monthly,13-17,7.0.1,17.4
u_206617,2026-04-23,influencer,Indonesia,Android,free,45+,7.0.1,15
u_206618,2026-03-26,app_store_browse,United States,Android,free,25-34,6.9.2,13
u_206619,2026-04-13,influencer,United Kingdom,Web,enterprise,35-44,7.0.0,n/a
u_206620,2026-06-11,influencer,United States,Android,free,25-34,7.1.0,13
u_206621,2026-05-02,organic_search,United States,Android,free,18-24,7.0.0,13
u_206622,2026-06-09,organic_search,United Arab Emirates,Android,free,25-34,6.9.2,14
u_206623,2026-06-04,paid_social,India,Android,free,25-34,7.1.0,14
u_206624,2026-04-17,organic_search,United States,Web,free,45+,7.0.1,n/a
u_206625,2026-03-24,organic_search,United Kingdom,Android,pro_annual,35-44,7.0.1,12
u_206626,2026-06-04,paid_search,Pakistan,Android,pro_monthly,35-44,7.1.0,15
u_206627,2026-03-10,paid_social,Germany,Android,free,25-34,7.1.0,15
u_206628,2026-05-05,paid_search,Pakistan,iOS,free,35-44,6.9.0,18.2
u_206629,2026-06-17,influencer,United States,Android,free,18-24,6.9.0,14
u_206630,2026-04-13,paid_social,United States,Android,free,18-24,7.1.0,14
u_206631,2026-04-14,organic_search,United Arab Emirates,Android,pro_monthly,45+,7.0.0,15
u_206632,2026-04-28,referral,Saudi Arabia,Web,free,18-24,7.0.1,n/a
u_206633,2026-03-08,organic_search,Pakistan,iOS,free,25-34,7.1.0,17.0
u_206634,2026-04-21,influencer,United States,Android,free,18-24,7.0.0,12
u_206635,2026-05-27,paid_social,Pakistan,iOS,free,25-34,6.9.2,18.0
u_206636,2026-05-13,app_store_browse,Indonesia,Android,free,25-34,7.0.0,12
u_206637,2026-03-16,influencer,United Kingdom,Android,free,18-24,7.1.0,15
u_206638,2026-03-22,organic_search,Pakistan,Android,free,18-24,6.9.0,13
u_206639,2026-03-23,referral,United Arab Emirates,iOS,free,35-44,6.9.0,16.5
u_206640,2026-05-11,organic_search,United States,Android,free,45+,7.0.1,15
u_206641,2026-04-03,influencer,Philippines,iOS,free,18-24,7.0.1,16.5
u_206642,2026-05-29,paid_social,United Kingdom,Web,free,25-34,7.1.0,n/a
u_206643,2026-04-22,referral,Pakistan,Android,free,18-24,7.0.1,15
u_206644,2026-03-30,organic_search,Indonesia,iOS,pro_monthly,45+,7.1.0,17.4
u_206645,2026-04-17,organic_search,Pakistan,Android,free,35-44,7.1.0,14
u_206646,2026-03-13,paid_search,India,Android,free,25-34,7.0.1,13
u_206647,2026-04-16,organic_search,Philippines,Android,free,25-34,7.0.0,13
u_206648,2026-05-07,organic_search,United States,Android,pro_monthly,25-34,6.9.2,13
u_206649,2026-03-30,organic_search,Pakistan,Android,free,18-24,6.8.0,12
u_206650,2026-06-19,paid_social,United States,Android,free,18-24,7.0.1,15
u_206651,2026-05-31,app_store_browse,Saudi Arabia,iOS,free,35-44,7.1.0,17.4
u_206652,2026-03-26,referral,United States,Web,free,18-24,7.1.0,n/a
u_206653,2026-05-08,organic_search,United Kingdom,iOS,enterprise,25-34,7.0.1,17.4
u_206654,2026-06-12,app_store_browse,Pakistan,Android,free,18-24,7.0.0,14
u_206655,2026-03-29,organic_search,India,iOS,free,18-24,7.0.0,17.4
u_206656,2026-03-17,paid_search,Nigeria,Android,free,25-34,7.1.0,15
u_206657,2026-06-18,referral,Indonesia,iOS,enterprise,35-44,7.1.0,16.5
u_206658,2026-03-19,paid_social,Saudi Arabia,Web,free,45+,7.0.1,n/a
u_206659,2026-04-28,paid_search,Nigeria,Web,free,18-24,7.1.0,n/a
u_206660,2026-05-22,paid_social,Turkey,Android,free,25-34,7.0.0,13
u_206661,2026-03-01,organic_search,Saudi Arabia,iOS,pro_annual,25-34,7.1.0,18.0
u_206662,2026-06-10,influencer,Indonesia,iOS,free,25-34,6.9.0,16.5
u_206663,2026-04-04,paid_search,India,Android,free,25-34,7.1.0,13
u_206664,2026-06-21,app_store_browse,India,Android,free,35-44,7.0.1,15
u_206665,2026-04-13,influencer,India,Android,free,45+,6.9.2,13
u_206666,2026-06-06,organic_search,Turkey,Android,free,18-24,7.1.0,12
u_206667,2026-06-14,paid_social,United States,iOS,free,18-24,7.0.1,17.4
u_206668,2026-04-18,paid_social,Nigeria,iOS,free,18-24,7.0.0,16.5
u_206669,2026-06-21,organic_search,India,Web,free,25-34,6.9.0,n/a
u_206670,2026-05-09,referral,United States,iOS,free,35-44,6.9.2,16.5
u_206671,2026-03-30,app_store_browse,Brazil,Web,free,25-34,7.0.0,n/a
u_206672,2026-05-10,paid_social,Germany,Web,free,35-44,7.0.1,n/a
u_206673,2026-06-10,paid_social,United States,iOS,free,25-34,7.1.0,17.4
u_206674,2026-03-17,referral,Germany,iOS,free,18-24,7.0.1,17.4
u_206675,2026-06-21,organic_search,Brazil,Android,pro_monthly,25-34,7.1.0,13
u_206676,2026-03-10,organic_search,United Arab Emirates,iOS,free,18-24,6.9.2,17.0
u_206677,2026-04-05,paid_search,Turkey,iOS,free,45+,6.9.2,16.5
u_206678,2026-03-01,paid_social,United Kingdom,iOS,free,18-24,7.1.0,16.5
u_206679,2026-05-25,app_store_browse,United States,iOS,free,35-44,7.1.0,18.0
u_206680,2026-06-19,influencer,Saudi Arabia,Android,free,18-24,7.0.1,15
u_206681,2026-06-16,app_store_browse,Pakistan,Android,free,45+,6.9.2,13
u_206682,2026-03-26,influencer,India,iOS,free,35-44,7.0.0,17.4
u_206683,2026-06-09,organic_search,Pakistan,Android,free,18-24,7.1.0,15
u_206684,2026-04-09,paid_social,United States,Web,free,25-34,7.1.0,n/a
u_206685,2026-04-04,organic_search,United States,iOS,free,25-34,7.1.0,17.4
u_206686,2026-03-29,paid_social,United States,Web,free,13-17,7.1.0,n/a
u_206687,2026-06-11,paid_social,Saudi Arabia,iOS,pro_monthly,25-34,6.9.2,18.0
u_206688,2026-04-05,organic_search,United States,iOS,pro_monthly,13-17,7.1.0,17.0
u_206689,2026-05-20,influencer,United Kingdom,Android,free,35-44,6.9.2,15
u_206690,2026-04-25,influencer,India,Android,pro_monthly,25-34,6.9.0,13
u_206691,2026-04-18,app_store_browse,United States,iOS,pro_monthly,18-24,6.9.2,17.0
u_206692,2026-05-20,paid_search,India,iOS,free,18-24,7.1.0,18.0
u_206693,2026-06-20,paid_search,Pakistan,iOS,free,18-24,7.0.1,17.0
u_206694,2026-04-08,paid_social,Turkey,Android,free,45+,6.9.2,12
u_206695,2026-04-11,organic_search,India,iOS,free,18-24,7.1.0,17.0
u_206696,2026-05-13,paid_social,Pakistan,Web,free,18-24,7.1.0,n/a
u_206697,2026-03-23,referral,Saudi Arabia,Android,free,18-24,7.1.0,13
u_206698,2026-03-26,paid_search,Pakistan,iOS,pro_monthly,25-34,7.0.1,18.2
u_206699,2026-06-04,paid_search,United Arab Emirates,Android,free,35-44,7.1.0,15
u_206700,2026-05-20,organic_search,United States,Android,pro_monthly,45+,6.9.2,14
u_206701,2026-05-14,paid_social,Brazil,Web,pro_annual,13-17,7.1.0,n/a
u_206702,2026-04-24,influencer,United Kingdom,iOS,free,25-34,6.9.2,17.4
u_206703,2026-05-10,paid_social,United States,Android,pro_annual,18-24,7.0.1,14
u_206704,2026-05-29,paid_social,Indonesia,iOS,free,13-17,7.1.0,18.2
u_206705,2026-05-04,organic_search,United Arab Emirates,iOS,free,18-24,6.9.0,18.0
u_206706,2026-03-07,organic_search,United States,iOS,free,25-34,6.8.0,16.5
u_206707,2026-05-05,paid_social,Indonesia,Android,free,25-34,7.1.0,14
u_206708,2026-04-18,app_store_browse,Nigeria,Android,free,25-34,7.1.0,13
u_206709,2026-04-28,paid_social,United Kingdom,iOS,free,35-44,7.1.0,17.0
u_206710,2026-03-22,organic_search,United States,Android,free,18-24,7.1.0,15
u_206711,2026-04-25,referral,United Kingdom,Android,free,25-34,6.9.2,13
u_206712,2026-04-07,influencer,Nigeria,Android,free,35-44,7.0.0,14
u_206713,2026-04-24,paid_social,India,iOS,free,25-34,6.9.2,18.0
u_206714,2026-05-25,paid_social,United Arab Emirates,iOS,free,18-24,7.0.1,17.0
u_206715,2026-04-15,organic_search,Indonesia,Android,free,35-44,7.0.0,12
u_206716,2026-03-24,paid_social,Pakistan,Android,free,13-17,7.0.1,15
u_206717,2026-06-03,paid_social,Saudi Arabia,iOS,free,25-34,7.0.0,18.0
u_206718,2026-06-21,referral,Indonesia,Android,free,13-17,6.9.0,12
u_206719,2026-05-22,paid_social,United Arab Emirates,iOS,free,18-24,7.1.0,17.4
u_206720,2026-06-04,referral,Pakistan,Web,free,18-24,7.0.0,n/a
u_206721,2026-05-25,app_store_browse,Philippines,Android,pro_monthly,25-34,7.0.0,12
u_206722,2026-03-18,organic_search,India,iOS,free,18-24,7.0.1,16.5
u_206723,2026-04-17,organic_search,United Kingdom,Android,free,35-44,6.8.0,14
u_206724,2026-06-14,organic_search,Indonesia,Web,free,35-44,6.9.2,n/a
u_206725,2026-06-17,organic_search,India,iOS,free,18-24,7.0.1,17.4
u_206726,2026-05-03,paid_social,Nigeria,Android,free,25-34,7.0.1,14
u_206727,2026-04-24,organic_search,United States,iOS,pro_monthly,25-34,7.0.1,18.2
u_206728,2026-03-07,organic_search,United States,Android,pro_monthly,18-24,7.0.1,14
u_206729,2026-04-01,app_store_browse,Germany,Android,free,35-44,7.1.0,15
u_206730,2026-06-06,paid_social,Saudi Arabia,iOS,free,13-17,7.1.0,17.0
u_206731,2026-04-02,paid_social,Pakistan,Android,free,25-34,7.1.0,13
u_206732,2026-06-18,paid_social,Nigeria,Android,free,18-24,7.0.1,13
u_206733,2026-03-10,organic_search,United States,iOS,free,35-44,7.1.0,18.2
u_206734,2026-03-04,organic_search,Indonesia,Web,free,35-44,7.1.0,n/a
u_206735,2026-06-13,referral,Indonesia,Android,pro_monthly,45+,7.1.0,14
u_206736,2026-05-19,paid_social,United States,iOS,pro_monthly,18-24,7.1.0,18.2
u_206737,2026-03-13,paid_social,India,Android,free,25-34,6.9.2,12
u_206738,2026-05-30,referral,Turkey,Android,free,18-24,6.8.0,15
u_206739,2026-03-03,paid_social,Turkey,Android,free,25-34,7.0.1,15
u_206740,2026-03-08,organic_search,United Kingdom,Android,free,25-34,7.0.1,14
u_206741,2026-05-06,paid_search,India,iOS,pro_monthly,25-34,6.9.2,18.0
u_206742,2026-03-20,paid_social,Saudi Arabia,Android,free,35-44,7.1.0,14
u_206743,2026-05-09,paid_search,India,iOS,free,13-17,7.0.0,16.5
u_206744,2026-06-16,influencer,United Kingdom,iOS,free,18-24,6.9.2,16.5
u_206745,2026-03-08,app_store_browse,United Arab Emirates,Android,free,13-17,7.1.0,13
u_206746,2026-04-05,influencer,Indonesia,Android,free,25-34,7.0.1,14
u_206747,2026-03-10,referral,United States,Android,free,25-34,7.1.0,14
u_206748,2026-03-12,paid_social,United Kingdom,iOS,free,25-34,7.1.0,18.0
u_206749,2026-04-28,referral,Brazil,iOS,free,18-24,7.0.1,17.4
u_206750,2026-03-25,paid_search,India,iOS,free,45+,6.9.2,16.5
u_206751,2026-06-01,paid_social,Pakistan,Android,free,18-24,7.0.1,15
u_206752,2026-04-25,organic_search,Brazil,Android,free,35-44,6.9.2,15
u_206753,2026-06-16,app_store_browse,United Kingdom,Android,free,45+,7.0.1,14
u_206754,2026-06-06,paid_search,Brazil,Android,free,45+,7.0.1,13
u_206755,2026-04-01,paid_search,Saudi Arabia,Android,free,18-24,7.0.0,13
u_206756,2026-05-07,paid_social,Indonesia,Android,pro_annual,18-24,6.9.2,14
u_206757,2026-05-09,organic_search,India,iOS,free,18-24,7.0.1,17.4
u_206758,2026-04-27,paid_social,Saudi Arabia,Android,free,25-34,6.9.0,15
u_206759,2026-04-16,organic_search,Pakistan,Android,pro_annual,25-34,7.1.0,13
u_206760,2026-04-17,app_store_browse,Brazil,Web,free,45+,7.0.1,n/a
u_206761,2026-03-07,paid_social,India,Web,free,18-24,7.0.0,n/a
u_206762,2026-05-19,app_store_browse,Pakistan,Android,free,25-34,6.9.2,15
u_206763,2026-04-30,paid_social,Indonesia,iOS,pro_monthly,18-24,7.0.1,17.0
u_206764,2026-03-11,paid_social,United States,Android,enterprise,45+,7.1.0,13
u_206765,2026-04-05,paid_social,Pakistan,Android,free,13-17,7.0.0,14
u_206766,2026-04-30,app_store_browse,United Kingdom,Android,free,35-44,7.0.0,12
u_206767,2026-03-05,organic_search,India,iOS,free,35-44,7.0.1,17.0
u_206768,2026-05-30,referral,Brazil,iOS,pro_monthly,18-24,7.0.0,17.0
u_206769,2026-04-19,organic_search,United Arab Emirates,Android,free,25-34,7.0.0,12
u_206770,2026-03-08,organic_search,United States,Android,free,35-44,7.0.1,14
u_206771,2026-06-14,paid_social,Pakistan,Android,free,18-24,7.1.0,14
u_206772,2026-04-23,app_store_browse,Brazil,iOS,pro_annual,25-34,7.1.0,17.4
u_206773,2026-03-05,organic_search,United States,iOS,free,45+,7.1.0,18.2
u_206774,2026-03-29,influencer,India,Android,free,18-24,6.9.0,14
u_206775,2026-04-16,paid_search,Germany,iOS,free,18-24,7.0.0,18.0
u_206776,2026-03-14,paid_search,Brazil,Android,free,45+,7.1.0,14
u_206777,2026-04-24,organic_search,Pakistan,iOS,free,18-24,7.0.0,17.4
u_206778,2026-03-23,influencer,Saudi Arabia,iOS,free,18-24,7.1.0,17.4
u_206779,2026-06-08,influencer,Pakistan,Android,free,25-34,6.8.0,13
u_206780,2026-04-22,organic_search,United States,Android,free,18-24,6.9.2,12
u_206781,2026-05-24,paid_search,India,Android,free,25-34,7.1.0,15
u_206782,2026-06-12,app_store_browse,Turkey,iOS,free,35-44,7.1.0,18.2
u_206783,2026-05-17,influencer,India,Android,free,18-24,6.9.2,12
u_206784,2026-03-28,paid_search,United Arab Emirates,Android,free,25-34,7.0.1,15
u_206785,2026-03-06,influencer,Philippines,iOS,free,35-44,7.0.1,18.2
u_206786,2026-05-28,app_store_browse,India,iOS,free,45+,7.1.0,18.0
u_206787,2026-06-09,paid_social,India,Android,pro_monthly,35-44,6.9.0,14
u_206788,2026-03-26,paid_search,Philippines,Android,free,18-24,7.0.0,14
u_206789,2026-04-27,influencer,United States,Android,free,35-44,7.1.0,14
u_206790,2026-03-14,paid_social,Germany,iOS,free,25-34,7.0.1,16.5
u_206791,2026-06-06,paid_search,Germany,Android,free,25-34,7.0.0,13
u_206792,2026-04-06,organic_search,United States,Android,pro_annual,18-24,7.0.1,14
u_206793,2026-05-30,organic_search,United States,Web,free,18-24,7.1.0,n/a
u_206794,2026-04-04,organic_search,United States,iOS,free,18-24,7.0.0,18.2
u_206795,2026-03-24,app_store_browse,India,Android,free,25-34,7.0.1,14
u_206796,2026-06-18,paid_search,Turkey,iOS,free,18-24,7.0.1,16.5
u_206797,2026-05-15,paid_social,United States,iOS,free,35-44,7.1.0,17.4
u_206798,2026-06-12,paid_social,Turkey,iOS,free,35-44,6.9.2,17.4
u_206799,2026-05-18,paid_social,Indonesia,Android,free,35-44,7.0.1,15
u_206800,2026-04-25,paid_social,United Arab Emirates,Android,pro_annual,35-44,6.9.2,15
u_206801,2026-05-12,organic_search,Turkey,Web,pro_monthly,13-17,7.0.1,n/a
u_206802,2026-04-17,paid_search,United Kingdom,iOS,pro_monthly,45+,7.1.0,16.5
u_206803,2026-06-04,organic_search,United States,Android,pro_monthly,18-24,7.0.0,13
u_206804,2026-03-23,influencer,Germany,Web,free,18-24,7.0.0,n/a
u_206805,2026-03-20,paid_social,United Arab Emirates,Android,free,35-44,7.0.1,13
u_206806,2026-04-12,app_store_browse,Turkey,iOS,free,18-24,6.9.2,18.0
u_206807,2026-03-02,paid_social,Pakistan,Android,pro_monthly,18-24,6.8.0,12
u_206808,2026-03-19,influencer,Indonesia,iOS,free,25-34,7.0.0,17.0
u_206809,2026-04-08,paid_social,United Arab Emirates,Android,free,18-24,6.9.2,14
u_206810,2026-03-31,influencer,Saudi Arabia,iOS,free,35-44,7.1.0,17.4
u_206811,2026-03-15,paid_social,India,iOS,free,35-44,7.0.1,16.5
u_206812,2026-05-30,influencer,Indonesia,iOS,free,25-34,7.1.0,17.0
u_206813,2026-04-25,paid_social,United States,iOS,free,25-34,6.9.0,16.5
u_206814,2026-04-08,influencer,United Arab Emirates,iOS,free,25-34,7.1.0,17.4
u_206815,2026-05-24,app_store_browse,Turkey,iOS,pro_monthly,25-34,7.0.1,18.2
u_206816,2026-04-03,influencer,India,Android,free,25-34,7.0.1,13
u_206817,2026-05-30,organic_search,United States,iOS,free,18-24,7.0.1,17.0
u_206818,2026-05-12,paid_search,United Arab Emirates,Web,free,35-44,7.1.0,n/a
u_206819,2026-06-19,referral,India,iOS,pro_annual,18-24,6.9.0,18.2
u_206820,2026-03-10,organic_search,United States,iOS,free,35-44,7.0.1,17.0
u_206821,2026-03-07,influencer,Turkey,iOS,free,25-34,7.1.0,16.5
u_206822,2026-03-25,paid_social,United Kingdom,Web,free,25-34,7.0.0,n/a
u_206823,2026-06-16,app_store_browse,United Arab Emirates,iOS,free,25-34,7.1.0,18.2
u_206824,2026-04-29,organic_search,Saudi Arabia,iOS,pro_monthly,18-24,7.1.0,17.4
u_206825,2026-04-06,paid_social,Pakistan,iOS,free,25-34,7.0.0,18.2
u_206826,2026-06-02,referral,Germany,iOS,free,35-44,7.1.0,17.4
u_206827,2026-05-01,referral,India,Web,free,18-24,7.0.0,n/a
u_206828,2026-04-03,organic_search,Brazil,iOS,free,25-34,6.9.2,17.0
u_206829,2026-04-30,influencer,Nigeria,Android,free,18-24,6.9.2,15
u_206830,2026-06-01,organic_search,Pakistan,Android,pro_annual,45+,7.0.1,14
u_206831,2026-03-29,paid_social,United States,iOS,free,25-34,7.0.1,18.0
u_206832,2026-03-11,paid_search,India,iOS,pro_monthly,13-17,7.0.1,16.5
u_206833,2026-04-09,paid_social,Germany,iOS,free,18-24,6.9.2,17.4
u_206834,2026-04-08,influencer,India,iOS,free,25-34,7.0.1,18.0
u_206835,2026-03-04,paid_social,Germany,iOS,free,25-34,7.1.0,16.5
u_206836,2026-04-04,organic_search,United Arab Emirates,Android,free,45+,6.9.2,14
u_206837,2026-06-13,paid_social,United Arab Emirates,Android,free,25-34,7.1.0,12
u_206838,2026-03-29,paid_social,Indonesia,iOS,free,18-24,7.1.0,17.0
u_206839,2026-03-01,paid_search,United States,Android,free,35-44,7.1.0,15
u_206840,2026-05-14,influencer,India,Android,pro_annual,25-34,7.0.0,12
u_206841,2026-05-31,paid_search,Pakistan,Web,free,18-24,7.0.1,n/a
u_206842,2026-05-21,app_store_browse,India,iOS,free,45+,6.9.2,16.5
u_206843,2026-03-02,paid_search,India,Android,free,25-34,7.0.1,15
u_206844,2026-04-20,paid_social,United Arab Emirates,Android,pro_monthly,18-24,7.1.0,12
u_206845,2026-05-03,organic_search,United States,Web,free,35-44,7.0.0,n/a
u_206846,2026-05-11,paid_social,Pakistan,Web,free,25-34,6.8.0,n/a
u_206847,2026-03-03,paid_search,United Arab Emirates,iOS,pro_annual,18-24,7.0.1,18.0
u_206848,2026-05-19,paid_search,Pakistan,iOS,pro_monthly,18-24,7.0.0,16.5
u_206849,2026-03-12,organic_search,Pakistan,iOS,free,25-34,7.0.1,17.4
u_206850,2026-03-15,paid_social,United States,Android,free,25-34,7.0.0,12
u_206851,2026-06-02,paid_search,Saudi Arabia,iOS,free,45+,7.1.0,18.2
u_206852,2026-06-05,organic_search,United States,Android,free,25-34,6.9.2,13
u_206853,2026-04-04,organic_search,United States,Web,free,18-24,7.1.0,n/a
u_206854,2026-04-02,app_store_browse,Pakistan,Web,free,35-44,7.0.0,n/a
u_206855,2026-04-22,app_store_browse,United Kingdom,Android,free,25-34,7.1.0,12
u_206856,2026-06-09,referral,United States,Web,pro_annual,25-34,7.0.0,n/a
u_206857,2026-03-29,paid_social,United States,iOS,free,25-34,7.0.1,17.4
u_206858,2026-03-30,paid_social,United Arab Emirates,Android,pro_monthly,25-34,7.0.1,12
u_206859,2026-05-09,influencer,Indonesia,iOS,pro_monthly,35-44,6.9.2,18.0
u_206860,2026-06-16,organic_search,Germany,Android,free,18-24,7.0.1,13
u_206861,2026-03-05,paid_search,Germany,Web,free,18-24,7.1.0,n/a
u_206862,2026-05-24,influencer,Pakistan,Android,free,18-24,7.0.1,12
u_206863,2026-03-22,organic_search,Pakistan,Android,free,25-34,7.0.0,13
u_206864,2026-04-03,organic_search,Pakistan,Android,free,13-17,6.9.0,12
u_206865,2026-05-01,organic_search,United States,Android,free,35-44,6.9.2,15
u_206866,2026-03-19,paid_social,United Arab Emirates,iOS,free,45+,7.0.1,17.4
u_206867,2026-05-21,influencer,United States,iOS,pro_monthly,45+,7.1.0,16.5
u_206868,2026-06-05,referral,United Arab Emirates,Android,pro_annual,25-34,7.1.0,14
u_206869,2026-06-13,organic_search,Brazil,iOS,free,35-44,7.0.0,16.5
u_206870,2026-06-13,paid_social,United States,Android,free,45+,7.0.1,12
u_206871,2026-06-05,app_store_browse,Turkey,iOS,free,45+,7.1.0,16.5
u_206872,2026-03-24,paid_social,United Kingdom,Android,free,18-24,6.9.2,14
u_206873,2026-03-20,paid_social,Turkey,Android,free,18-24,7.0.1,14
u_206874,2026-05-11,organic_search,United Kingdom,Android,free,25-34,7.1.0,12
u_206875,2026-04-02,paid_social,United Arab Emirates,iOS,free,45+,7.1.0,18.0
u_206876,2026-05-20,influencer,India,Android,free,35-44,7.0.1,15
u_206877,2026-04-18,influencer,United States,iOS,free,25-34,6.9.0,18.2
u_206878,2026-05-02,paid_social,United States,iOS,free,25-34,6.8.0,18.0
u_206879,2026-03-11,paid_search,Turkey,iOS,free,18-24,7.1.0,18.0
u_206880,2026-03-22,paid_search,United States,Android,free,18-24,7.0.1,14
u_206881,2026-03-20,organic_search,Pakistan,Android,free,35-44,7.0.1,15
u_206882,2026-05-03,influencer,Pakistan,Android,free,25-34,7.0.0,13
u_206883,2026-06-14,influencer,Turkey,Web,free,13-17,7.0.1,n/a
u_206884,2026-05-30,paid_social,India,iOS,free,13-17,6.9.2,16.5
u_206885,2026-05-01,referral,Brazil,Android,free,35-44,6.9.2,13
u_206886,2026-04-16,organic_search,United Arab Emirates,Android,free,45+,7.0.1,15
u_206887,2026-04-26,paid_social,United Arab Emirates,iOS,free,25-34,7.1.0,17.4
u_206888,2026-06-18,influencer,United States,Web,free,25-34,6.8.0,n/a
u_206889,2026-05-12,organic_search,United States,iOS,enterprise,18-24,7.0.0,18.2
u_206890,2026-05-20,referral,Indonesia,iOS,free,18-24,7.1.0,17.4
u_206891,2026-06-21,paid_search,Saudi Arabia,Android,free,35-44,7.1.0,15
u_206892,2026-05-03,paid_social,Indonesia,Web,free,25-34,7.1.0,n/a
u_206893,2026-03-27,influencer,India,Android,free,25-34,7.1.0,12
u_206894,2026-04-07,referral,Indonesia,Android,free,18-24,6.8.0,13
u_206895,2026-05-03,organic_search,United States,iOS,free,25-34,7.1.0,17.4
u_206896,2026-05-22,influencer,United States,iOS,free,18-24,7.0.0,16.5
u_206897,2026-04-04,paid_social,United States,Web,free,13-17,7.1.0,n/a
u_206898,2026-04-17,organic_search,United States,Android,free,18-24,7.0.1,12
u_206899,2026-05-13,app_store_browse,Pakistan,iOS,free,35-44,7.0.0,18.2
u_206900,2026-03-02,paid_search,Indonesia,iOS,free,13-17,7.0.1,17.0
u_206901,2026-04-09,app_store_browse,United States,iOS,free,25-34,7.1.0,17.0
u_206902,2026-05-08,influencer,United Arab Emirates,iOS,free,35-44,6.9.2,17.4
u_206903,2026-03-07,paid_social,Nigeria,iOS,free,18-24,6.9.2,18.0
u_206904,2026-06-12,organic_search,United States,Web,free,25-34,6.8.0,n/a
u_206905,2026-04-22,organic_search,Brazil,iOS,free,18-24,7.0.1,17.4
u_206906,2026-03-21,paid_search,Brazil,Web,free,18-24,7.0.0,n/a
u_206907,2026-04-12,paid_search,United States,iOS,pro_monthly,18-24,7.1.0,18.0
u_206908,2026-04-03,paid_social,Indonesia,iOS,free,18-24,6.8.0,16.5
u_206909,2026-05-09,influencer,United States,Web,free,25-34,7.1.0,n/a
u_206910,2026-06-10,paid_social,Brazil,iOS,free,35-44,7.1.0,16.5
u_206911,2026-04-27,referral,India,iOS,free,25-34,7.1.0,18.0
u_206912,2026-03-20,referral,Turkey,Android,free,13-17,7.1.0,15
u_206913,2026-04-23,paid_social,United States,Android,free,35-44,7.0.0,13
u_206914,2026-05-07,paid_social,Indonesia,Web,pro_annual,25-34,7.0.1,n/a
u_206915,2026-03-11,paid_social,United Kingdom,iOS,free,25-34,7.0.1,17.0
u_206916,2026-04-02,influencer,Pakistan,iOS,free,25-34,7.1.0,18.0
u_206917,2026-06-01,paid_social,Saudi Arabia,Android,pro_annual,18-24,7.1.0,12
u_206918,2026-04-12,paid_search,Brazil,iOS,free,35-44,7.0.1,16.5
u_206919,2026-04-12,paid_social,Philippines,Android,pro_monthly,35-44,7.0.0,15
u_206920,2026-03-18,organic_search,Indonesia,Android,free,25-34,7.0.1,13
u_206921,2026-03-08,paid_social,Brazil,Android,free,13-17,7.0.1,13
u_206922,2026-04-11,app_store_browse,United States,Web,free,18-24,7.0.1,n/a
u_206923,2026-05-08,paid_search,Pakistan,Android,free,18-24,7.0.1,14
u_206924,2026-03-04,organic_search,Indonesia,iOS,pro_annual,18-24,7.1.0,16.5
u_206925,2026-05-12,paid_social,United Arab Emirates,Android,free,45+,7.0.1,14
u_206926,2026-05-26,paid_social,India,iOS,free,35-44,6.9.0,17.0
u_206927,2026-05-02,paid_social,India,Web,free,25-34,6.9.2,n/a
u_206928,2026-04-03,app_store_browse,India,iOS,free,45+,7.1.0,18.2
u_206929,2026-04-29,paid_social,United States,Android,free,18-24,7.1.0,13
u_206930,2026-04-08,paid_search,United Arab Emirates,Web,free,25-34,7.0.0,n/a
u_206931,2026-04-10,paid_search,Brazil,Web,free,25-34,7.1.0,n/a
u_206932,2026-06-04,paid_search,Indonesia,Android,free,25-34,6.9.2,14
u_206933,2026-05-16,influencer,United States,Android,free,18-24,7.1.0,13
u_206934,2026-04-23,paid_search,Pakistan,Web,free,35-44,7.0.1,n/a
u_206935,2026-04-22,paid_search,United States,iOS,free,18-24,7.1.0,18.2
u_206936,2026-04-02,app_store_browse,United States,iOS,free,18-24,7.0.1,17.4
u_206937,2026-04-22,organic_search,India,Android,free,35-44,7.0.1,15
u_206938,2026-06-13,influencer,India,iOS,pro_annual,45+,7.0.1,16.5
u_206939,2026-04-11,paid_social,Saudi Arabia,Android,free,45+,7.1.0,12
u_206940,2026-05-07,paid_social,United States,Web,free,25-34,6.9.2,n/a
u_206941,2026-03-21,organic_search,United States,Android,enterprise,25-34,7.0.0,13
u_206942,2026-06-10,paid_social,United States,Web,free,35-44,7.1.0,n/a
u_206943,2026-03-08,influencer,United States,Web,free,25-34,6.9.2,n/a
u_206944,2026-03-13,influencer,United States,Android,free,45+,7.0.0,15
u_206945,2026-05-22,paid_social,United States,Android,free,25-34,7.1.0,14
u_206946,2026-03-21,paid_social,Nigeria,iOS,free,35-44,7.0.1,17.4
u_206947,2026-04-07,paid_social,Nigeria,iOS,pro_monthly,18-24,7.0.1,17.0
u_206948,2026-03-17,influencer,United States,iOS,pro_annual,25-34,7.1.0,18.0
u_206949,2026-05-06,paid_search,United States,iOS,free,35-44,6.9.2,17.0
u_206950,2026-04-30,influencer,Pakistan,iOS,free,25-34,7.1.0,17.0
u_206951,2026-04-09,referral,United States,Web,free,35-44,7.0.1,n/a
u_206952,2026-04-22,paid_social,Pakistan,Web,free,25-34,7.0.1,n/a
u_206953,2026-04-15,paid_social,India,Web,pro_monthly,25-34,7.1.0,n/a
u_206954,2026-03-16,influencer,United Kingdom,Android,free,45+,7.0.0,12
u_206955,2026-03-16,paid_social,United States,iOS,free,25-34,6.9.2,18.0
u_206956,2026-03-16,influencer,Pakistan,Android,free,18-24,7.0.0,12
u_206957,2026-03-21,organic_search,United States,Android,free,18-24,6.8.0,15
u_206958,2026-03-24,paid_social,Pakistan,Web,free,45+,6.9.2,n/a
u_206959,2026-05-27,paid_social,Pakistan,Android,pro_monthly,25-34,6.9.2,12
u_206960,2026-06-11,referral,Turkey,Android,free,45+,7.1.0,13
u_206961,2026-05-06,referral,Saudi Arabia,Android,free,13-17,6.9.0,13
u_206962,2026-06-05,paid_social,Pakistan,Web,free,18-24,7.1.0,n/a
u_206963,2026-04-11,organic_search,United States,iOS,free,18-24,7.1.0,18.2
u_206964,2026-05-20,paid_search,United Kingdom,iOS,free,35-44,7.1.0,16.5
u_206965,2026-03-03,paid_social,United Arab Emirates,Web,free,35-44,7.1.0,n/a
u_206966,2026-04-12,influencer,Saudi Arabia,iOS,free,18-24,7.1.0,17.4
u_206967,2026-06-03,organic_search,United States,Web,pro_monthly,25-34,7.0.1,n/a
u_206968,2026-04-24,organic_search,United Kingdom,Android,free,18-24,6.9.0,13
u_206969,2026-05-07,referral,United States,iOS,free,35-44,7.0.1,18.2
u_206970,2026-03-19,organic_search,Pakistan,Android,free,18-24,7.0.1,15
u_206971,2026-05-09,organic_search,United Arab Emirates,Android,free,45+,7.0.1,14
u_206972,2026-06-15,organic_search,United States,iOS,free,18-24,7.1.0,18.2
u_206973,2026-03-04,referral,India,iOS,pro_monthly,25-34,7.0.1,17.4
u_206974,2026-06-14,organic_search,Saudi Arabia,Web,pro_monthly,18-24,7.1.0,n/a
u_206975,2026-03-31,organic_search,Turkey,Android,free,25-34,7.0.0,12
u_206976,2026-05-10,paid_search,Germany,iOS,free,18-24,6.9.2,16.5
u_206977,2026-05-16,paid_search,Germany,iOS,free,18-24,7.0.1,17.4
u_206978,2026-04-02,app_store_browse,Pakistan,Android,free,18-24,7.1.0,14
u_206979,2026-06-16,referral,Turkey,Android,free,45+,6.9.2,12
u_206980,2026-06-03,paid_search,United States,iOS,free,18-24,7.0.0,17.0
u_206981,2026-06-11,paid_social,United States,iOS,free,18-24,7.1.0,17.4
u_206982,2026-03-24,paid_search,Indonesia,Android,free,25-34,7.0.1,12
u_206983,2026-03-21,paid_social,United Arab Emirates,iOS,free,18-24,7.0.1,18.0
u_206984,2026-05-01,paid_search,India,iOS,free,25-34,7.0.0,17.4
u_206985,2026-05-27,organic_search,United Arab Emirates,iOS,pro_monthly,25-34,6.9.2,16.5
u_206986,2026-03-31,app_store_browse,Philippines,iOS,free,25-34,6.8.0,18.2
u_206987,2026-05-07,influencer,Saudi Arabia,Android,free,25-34,7.0.1,15
u_206988,2026-04-29,paid_search,India,Android,free,18-24,7.0.0,15
u_206989,2026-04-07,paid_search,United States,iOS,pro_monthly,25-34,6.9.2,17.4
u_206990,2026-03-09,organic_search,Philippines,iOS,free,25-34,6.8.0,16.5
u_206991,2026-03-30,influencer,United States,Android,free,18-24,7.0.0,12
u_206992,2026-03-13,referral,United States,iOS,free,45+,7.0.1,18.2
u_206993,2026-05-31,organic_search,Nigeria,Android,pro_monthly,18-24,6.9.0,14
u_206994,2026-04-24,influencer,Indonesia,Android,free,25-34,7.0.1,15
u_206995,2026-04-04,paid_search,Brazil,Android,free,25-34,6.9.2,14
u_206996,2026-05-06,organic_search,United States,Android,free,25-34,7.1.0,13
u_206997,2026-06-19,organic_search,Philippines,Web,free,25-34,7.0.1,n/a
u_206998,2026-06-11,paid_search,Nigeria,Android,free,35-44,7.0.1,12
u_206999,2026-06-01,influencer,Pakistan,Web,pro_annual,25-34,6.8.0,n/a
u_207000,2026-06-21,organic_search,Brazil,Android,pro_monthly,13-17,7.0.1,14
u_207001,2026-05-03,influencer,India,iOS,pro_annual,35-44,6.9.2,18.2
u_207002,2026-03-30,referral,India,iOS,free,25-34,7.0.1,17.4
u_207003,2026-05-14,influencer,United Kingdom,Android,pro_monthly,35-44,6.8.0,13
u_207004,2026-05-29,organic_search,Pakistan,Android,free,25-34,6.9.2,12
u_207005,2026-06-04,influencer,United States,Web,free,18-24,7.1.0,n/a
u_207006,2026-06-21,organic_search,United Kingdom,iOS,pro_annual,25-34,7.0.0,16.5
u_207007,2026-05-24,paid_social,Nigeria,iOS,free,35-44,6.8.0,16.5
u_207008,2026-03-28,organic_search,Brazil,Android,free,35-44,7.0.0,14
u_207009,2026-06-03,app_store_browse,Philippines,Android,free,25-34,6.9.2,12
u_207010,2026-04-16,paid_social,United States,Android,free,25-34,7.0.1,15
u_207011,2026-05-23,influencer,United States,Web,free,45+,6.9.2,n/a
u_207012,2026-03-13,paid_social,India,Android,free,18-24,7.0.0,15
u_207013,2026-06-13,paid_search,Germany,Android,pro_monthly,25-34,7.1.0,14
u_207014,2026-03-13,paid_search,Saudi Arabia,Android,free,35-44,7.0.1,14
u_207015,2026-05-25,paid_social,Saudi Arabia,iOS,pro_monthly,18-24,7.1.0,17.0
u_207016,2026-05-17,organic_search,United States,Android,enterprise,18-24,7.1.0,13
u_207017,2026-03-11,organic_search,United States,iOS,free,25-34,7.1.0,16.5
u_207018,2026-06-11,organic_search,United States,iOS,pro_annual,35-44,7.1.0,18.0
u_207019,2026-06-20,app_store_browse,Pakistan,Android,free,18-24,7.0.1,14
u_207020,2026-06-13,organic_search,United States,Android,free,35-44,7.1.0,14
u_207021,2026-03-21,organic_search,Turkey,iOS,free,18-24,7.0.1,18.2
u_207022,2026-06-03,referral,Turkey,iOS,free,18-24,7.1.0,16.5
u_207023,2026-05-17,organic_search,United Arab Emirates,iOS,free,18-24,7.0.1,18.2
u_207024,2026-04-21,influencer,Nigeria,Android,free,25-34,7.0.1,14
u_207025,2026-04-13,paid_search,India,Android,pro_annual,18-24,7.0.1,13
u_207026,2026-03-20,organic_search,United States,Web,free,18-24,6.9.2,n/a
u_207027,2026-06-21,app_store_browse,United Kingdom,iOS,free,18-24,7.0.0,17.4
u_207028,2026-06-18,app_store_browse,United States,Android,free,25-34,7.0.1,13
u_207029,2026-04-25,referral,United Kingdom,iOS,pro_monthly,25-34,7.0.0,18.0
u_207030,2026-04-20,influencer,Turkey,iOS,free,18-24,7.0.0,16.5
u_207031,2026-03-13,organic_search,India,Android,free,25-34,6.8.0,15
u_207032,2026-06-21,organic_search,India,iOS,free,18-24,7.0.1,18.0
u_207033,2026-04-29,paid_social,India,iOS,free,18-24,6.9.0,18.0
u_207034,2026-06-10,paid_search,Indonesia,Android,free,25-34,6.8.0,12
u_207035,2026-05-29,paid_social,Germany,iOS,free,18-24,6.9.2,18.0
u_207036,2026-03-03,paid_social,Pakistan,iOS,free,13-17,7.0.0,18.0
u_207037,2026-03-08,paid_social,United States,Android,free,25-34,7.0.1,13
u_207038,2026-04-19,app_store_browse,Germany,Web,pro_annual,18-24,7.0.0,n/a
u_207039,2026-05-18,paid_social,India,Android,free,25-34,7.0.1,15
u_207040,2026-05-24,organic_search,United States,iOS,free,18-24,7.0.0,17.0
u_207041,2026-05-01,organic_search,Philippines,Android,free,35-44,7.0.1,13
u_207042,2026-04-21,paid_social,Turkey,iOS,free,18-24,6.9.2,16.5
u_207043,2026-03-04,influencer,Brazil,Android,free,45+,6.9.0,15
u_207044,2026-04-11,paid_social,United States,iOS,free,25-34,7.0.1,18.2
u_207045,2026-03-04,influencer,Turkey,iOS,pro_monthly,35-44,7.1.0,16.5
u_207046,2026-03-15,paid_social,Brazil,Android,pro_monthly,35-44,7.0.0,13
u_207047,2026-05-22,referral,United States,Android,free,25-34,7.0.1,15
u_207048,2026-03-20,app_store_browse,Pakistan,Web,free,45+,6.8.0,n/a
u_207049,2026-05-22,app_store_browse,Nigeria,Android,free,35-44,6.9.2,14
u_207050,2026-05-15,app_store_browse,Brazil,Android,free,25-34,6.9.0,13
u_207051,2026-04-03,influencer,India,Web,pro_monthly,13-17,7.1.0,n/a
u_207052,2026-06-02,paid_social,Pakistan,Android,free,25-34,6.9.2,13
u_207053,2026-04-30,influencer,Saudi Arabia,Web,free,25-34,7.0.1,n/a
u_207054,2026-05-17,paid_search,Nigeria,Android,free,35-44,7.0.0,14
u_207055,2026-05-05,app_store_browse,Pakistan,iOS,pro_monthly,13-17,6.9.0,17.4
u_207056,2026-05-14,influencer,United Arab Emirates,Android,free,25-34,7.0.1,13
u_207057,2026-05-22,organic_search,India,Android,pro_monthly,25-34,7.0.1,13
u_207058,2026-06-12,paid_search,United States,iOS,free,18-24,7.0.1,17.4
u_207059,2026-04-02,influencer,United Arab Emirates,Android,free,35-44,7.0.0,12
u_207060,2026-03-16,organic_search,India,Web,free,35-44,7.1.0,n/a
u_207061,2026-06-04,organic_search,Indonesia,iOS,free,25-34,7.0.1,18.0
u_207062,2026-04-03,paid_search,Brazil,iOS,pro_monthly,45+,6.9.2,17.4
u_207063,2026-04-21,organic_search,United States,iOS,free,18-24,7.1.0,18.2
u_207064,2026-03-20,influencer,United States,Android,free,18-24,6.8.0,12
u_207065,2026-05-24,influencer,United States,Android,free,25-34,6.9.2,15
u_207066,2026-04-07,organic_search,Pakistan,Android,enterprise,25-34,7.1.0,13
u_207067,2026-04-01,influencer,India,Android,free,25-34,7.0.0,14
u_207068,2026-04-03,paid_social,Pakistan,Android,free,25-34,7.0.0,12
u_207069,2026-04-19,influencer,United States,Android,pro_monthly,18-24,7.1.0,15
u_207070,2026-05-10,app_store_browse,Germany,iOS,free,25-34,7.0.1,18.2
u_207071,2026-06-12,paid_search,United States,Android,free,13-17,6.8.0,15
u_207072,2026-03-08,organic_search,Germany,Android,free,25-34,6.9.2,13
u_207073,2026-05-11,influencer,United States,Android,free,13-17,7.1.0,14
u_207074,2026-04-06,paid_social,Brazil,Android,free,25-34,7.0.0,12
u_207075,2026-05-24,app_store_browse,United Kingdom,Android,free,18-24,7.0.0,15
u_207076,2026-03-28,paid_social,United Kingdom,Web,pro_monthly,35-44,7.0.1,n/a
u_207077,2026-03-11,paid_social,United States,Android,free,18-24,6.9.2,12
u_207078,2026-06-01,referral,United Kingdom,Android,free,18-24,7.0.0,12
u_207079,2026-05-16,app_store_browse,Pakistan,Android,free,18-24,6.8.0,13
u_207080,2026-03-24,paid_search,Pakistan,Android,free,35-44,6.8.0,12
u_207081,2026-04-26,referral,India,iOS,free,25-34,7.0.1,17.4
u_207082,2026-04-13,organic_search,United States,Android,free,18-24,7.0.0,15
u_207083,2026-06-04,influencer,Philippines,iOS,free,25-34,7.1.0,16.5
u_207084,2026-03-26,influencer,United Arab Emirates,Web,free,45+,7.0.1,n/a
u_207085,2026-05-31,paid_search,Philippines,iOS,pro_annual,25-34,7.0.1,18.2
u_207086,2026-06-03,paid_search,Brazil,iOS,free,25-34,7.1.0,17.0
u_207087,2026-06-07,paid_social,Nigeria,Web,free,25-34,7.0.1,n/a
u_207088,2026-06-16,influencer,Pakistan,Android,pro_monthly,18-24,7.0.0,13
u_207089,2026-05-13,paid_social,United Arab Emirates,Android,free,18-24,7.0.1,15
u_207090,2026-05-04,paid_search,Pakistan,Android,free,25-34,6.8.0,15
u_207091,2026-03-08,paid_social,India,Android,free,18-24,6.9.0,14
u_207092,2026-06-02,app_store_browse,Germany,Android,free,45+,7.1.0,13
u_207093,2026-05-12,paid_social,United States,Web,free,25-34,6.9.2,n/a
u_207094,2026-04-14,paid_social,Germany,Android,pro_monthly,13-17,6.9.2,14
u_207095,2026-04-19,paid_search,Philippines,Android,free,35-44,6.9.2,14
u_207096,2026-05-22,paid_search,India,Android,free,18-24,7.1.0,14
u_207097,2026-03-16,organic_search,United States,iOS,free,25-34,7.0.1,17.4
u_207098,2026-04-17,paid_social,United States,iOS,pro_monthly,18-24,7.1.0,16.5
u_207099,2026-03-17,paid_social,Turkey,iOS,pro_annual,25-34,6.9.0,16.5
u_207100,2026-04-19,app_store_browse,Nigeria,Android,free,35-44,7.1.0,15
u_207101,2026-05-19,paid_search,United Kingdom,Web,free,25-34,6.8.0,n/a
u_207102,2026-03-30,paid_search,United States,Android,pro_annual,25-34,7.0.0,14
u_207103,2026-06-03,paid_search,Nigeria,Web,free,45+,6.9.0,n/a
u_207104,2026-04-28,paid_social,United States,iOS,free,18-24,6.8.0,18.2
u_207105,2026-03-02,influencer,United States,Android,free,35-44,7.1.0,13
u_207106,2026-06-18,paid_social,Indonesia,Web,free,18-24,7.0.1,n/a
u_207107,2026-04-05,paid_search,United Kingdom,Android,pro_monthly,18-24,6.8.0,12
u_207108,2026-03-14,referral,Philippines,iOS,free,25-34,7.0.1,17.4
u_207109,2026-06-02,influencer,Indonesia,Android,free,25-34,7.1.0,14
u_207110,2026-05-07,paid_social,Brazil,Android,pro_monthly,13-17,7.0.0,15
u_207111,2026-04-22,influencer,United Kingdom,iOS,free,25-34,7.0.0,16.5
u_207112,2026-05-08,organic_search,Pakistan,iOS,free,25-34,7.0.0,18.0
u_207113,2026-03-15,paid_search,United Kingdom,Android,free,25-34,6.9.2,14
u_207114,2026-04-30,paid_search,Indonesia,iOS,pro_monthly,18-24,7.1.0,17.0
u_207115,2026-05-03,paid_search,Turkey,iOS,free,25-34,7.0.1,16.5
u_207116,2026-06-17,paid_social,Pakistan,Web,free,45+,7.0.0,n/a
u_207117,2026-03-17,influencer,Pakistan,Android,pro_monthly,45+,6.9.0,15
u_207118,2026-03-09,influencer,Indonesia,Web,free,18-24,6.9.2,n/a
u_207119,2026-04-10,referral,United States,Web,free,35-44,7.1.0,n/a
u_207120,2026-03-09,influencer,India,Android,free,35-44,6.9.2,14
u_207121,2026-04-12,influencer,United States,iOS,free,18-24,6.9.2,18.2
u_207122,2026-04-15,referral,Pakistan,iOS,free,18-24,7.0.0,17.0
u_207123,2026-04-01,influencer,India,Android,free,18-24,7.0.1,14
u_207124,2026-04-05,paid_social,Saudi Arabia,iOS,free,18-24,6.9.2,17.0
u_207125,2026-04-07,influencer,United Arab Emirates,Android,free,35-44,6.9.0,15
u_207126,2026-04-14,paid_search,India,iOS,free,25-34,7.0.1,17.4
u_207127,2026-05-23,paid_search,Turkey,Android,pro_annual,45+,7.0.1,14
u_207128,2026-04-26,paid_social,United Kingdom,Web,free,18-24,7.1.0,n/a
u_207129,2026-03-08,organic_search,United States,Android,enterprise,25-34,7.0.0,15
u_207130,2026-03-22,paid_social,Pakistan,Android,free,18-24,6.9.0,15
u_207131,2026-06-12,organic_search,Pakistan,Android,free,25-34,7.1.0,13
u_207132,2026-03-04,referral,Indonesia,Android,free,35-44,7.1.0,13
u_207133,2026-05-15,organic_search,United Kingdom,Web,free,25-34,7.1.0,n/a
u_207134,2026-05-21,app_store_browse,Saudi Arabia,iOS,free,25-34,7.1.0,18.2
u_207135,2026-05-01,organic_search,Saudi Arabia,Android,free,18-24,7.0.1,15
u_207136,2026-06-21,paid_social,United States,iOS,pro_monthly,18-24,7.1.0,17.0
u_207137,2026-06-03,organic_search,United Arab Emirates,iOS,free,18-24,7.0.1,17.0
u_207138,2026-06-02,influencer,Pakistan,Web,free,35-44,6.8.0,n/a
u_207139,2026-05-26,paid_search,Indonesia,Android,free,18-24,7.0.1,15
u_207140,2026-05-10,paid_social,United States,Android,free,18-24,7.0.0,13
u_207141,2026-03-21,organic_search,Philippines,iOS,free,35-44,7.1.0,18.2
u_207142,2026-03-12,app_store_browse,Indonesia,Android,free,18-24,7.0.1,15
u_207143,2026-05-29,paid_social,Pakistan,Web,free,35-44,6.9.0,n/a
u_207144,2026-05-11,organic_search,Pakistan,iOS,free,18-24,6.9.2,17.4
u_207145,2026-05-11,paid_social,Pakistan,Android,free,45+,7.1.0,12
u_207146,2026-06-14,app_store_browse,United States,iOS,free,35-44,6.9.0,18.0
u_207147,2026-03-13,paid_social,Philippines,Android,free,13-17,7.0.1,12
u_207148,2026-05-03,influencer,United Arab Emirates,Android,free,25-34,7.1.0,15
u_207149,2026-04-01,influencer,India,iOS,free,25-34,7.1.0,17.0
u_207150,2026-04-23,influencer,Germany,iOS,free,35-44,7.1.0,17.4
u_207151,2026-04-23,organic_search,Turkey,Android,free,13-17,6.9.2,14
u_207152,2026-05-06,influencer,Pakistan,iOS,free,25-34,7.0.0,16.5
u_207153,2026-03-22,paid_social,Indonesia,Android,free,25-34,7.0.1,13
u_207154,2026-03-14,paid_search,United Kingdom,Android,pro_monthly,25-34,7.1.0,13
u_207155,2026-05-30,app_store_browse,United Arab Emirates,iOS,free,18-24,7.0.1,17.4
u_207156,2026-05-07,paid_social,United States,Android,free,18-24,7.0.1,15
u_207157,2026-03-01,paid_social,Nigeria,Android,free,18-24,7.0.1,15
u_207158,2026-06-01,influencer,United States,iOS,pro_monthly,25-34,6.9.2,16.5
u_207159,2026-03-11,app_store_browse,Saudi Arabia,iOS,free,35-44,6.9.0,18.0
u_207160,2026-05-01,paid_social,Philippines,iOS,pro_annual,18-24,6.8.0,17.0
u_207161,2026-06-11,organic_search,Turkey,Android,free,18-24,7.0.1,14
u_207162,2026-06-14,referral,Turkey,Android,free,25-34,6.9.2,15
u_207163,2026-03-05,influencer,United States,iOS,free,45+,7.0.1,17.0
u_207164,2026-04-09,paid_search,Philippines,Android,free,18-24,7.1.0,14
u_207165,2026-05-27,organic_search,Philippines,Web,free,35-44,7.0.0,n/a
u_207166,2026-03-10,paid_search,Pakistan,Android,free,18-24,6.8.0,14
u_207167,2026-04-08,paid_search,Nigeria,Web,free,18-24,7.0.1,n/a
u_207168,2026-05-09,referral,United States,iOS,free,25-34,7.0.0,17.4
u_207169,2026-05-20,paid_social,India,iOS,free,18-24,6.9.0,16.5
u_207170,2026-03-06,paid_search,Indonesia,Android,free,25-34,7.0.0,14
u_207171,2026-05-13,organic_search,United States,Android,pro_annual,25-34,6.8.0,12
u_207172,2026-06-13,organic_search,Pakistan,iOS,free,25-34,7.0.1,16.5
u_207173,2026-06-17,paid_social,Brazil,Android,free,18-24,6.9.2,13
u_207174,2026-04-04,organic_search,India,iOS,free,25-34,6.9.0,18.2
u_207175,2026-04-12,app_store_browse,Nigeria,iOS,free,25-34,7.1.0,18.0
u_207176,2026-06-02,organic_search,United States,Web,pro_annual,35-44,7.1.0,n/a
u_207177,2026-06-05,paid_social,Nigeria,Android,pro_monthly,18-24,7.1.0,13
u_207178,2026-04-09,paid_social,India,iOS,free,35-44,7.1.0,17.4
u_207179,2026-06-01,paid_search,United Kingdom,iOS,free,25-34,7.0.1,18.2
u_207180,2026-05-25,influencer,United States,Android,free,18-24,6.9.0,15
u_207181,2026-04-21,paid_search,India,Android,free,45+,6.9.0,13
u_207182,2026-04-22,organic_search,Indonesia,Android,free,18-24,6.9.2,15
u_207183,2026-04-14,paid_search,United States,iOS,pro_monthly,18-24,7.1.0,17.4
u_207184,2026-04-20,paid_search,Nigeria,Android,pro_monthly,45+,7.1.0,14
u_207185,2026-06-09,organic_search,Pakistan,Web,free,18-24,6.9.0,n/a
u_207186,2026-04-14,app_store_browse,United Arab Emirates,iOS,free,25-34,7.1.0,18.0
u_207187,2026-06-21,paid_social,United Kingdom,Android,free,35-44,6.9.2,13
u_207188,2026-03-16,organic_search,Pakistan,iOS,free,25-34,6.9.0,18.0
u_207189,2026-03-11,paid_social,Saudi Arabia,iOS,free,18-24,7.1.0,18.0
u_207190,2026-04-24,paid_social,Indonesia,Android,free,18-24,6.9.2,14
u_207191,2026-05-13,paid_social,Philippines,iOS,free,25-34,7.1.0,16.5
u_207192,2026-04-20,paid_social,United States,Android,pro_monthly,25-34,7.0.1,12
u_207193,2026-03-13,app_store_browse,Pakistan,Android,free,25-34,7.0.1,12
u_207194,2026-05-17,paid_social,Pakistan,Android,pro_monthly,25-34,7.0.0,15
u_207195,2026-05-28,organic_search,Pakistan,Android,free,18-24,7.0.1,12
u_207196,2026-04-09,organic_search,United Kingdom,iOS,free,45+,7.1.0,17.4
u_207197,2026-05-03,referral,Turkey,Android,free,25-34,7.0.1,13
u_207198,2026-06-05,paid_search,Indonesia,iOS,free,18-24,7.0.1,18.2
u_207199,2026-05-21,paid_social,United Kingdom,Web,free,35-44,7.1.0,n/a
u_207200,2026-05-03,paid_social,Nigeria,Web,free,18-24,7.0.1,n/a
u_207201,2026-03-14,influencer,United Kingdom,iOS,free,35-44,7.1.0,16.5
u_207202,2026-06-03,app_store_browse,United States,iOS,free,18-24,6.9.2,18.2
u_207203,2026-03-12,app_store_browse,Indonesia,iOS,free,18-24,7.1.0,16.5
u_207204,2026-05-10,referral,United Arab Emirates,Web,free,18-24,7.0.1,n/a
u_207205,2026-06-17,app_store_browse,United States,iOS,free,25-34,7.1.0,17.4
u_207206,2026-03-24,paid_search,United States,Android,free,18-24,7.0.1,15
u_207207,2026-06-20,paid_social,United States,iOS,free,35-44,7.1.0,18.2
u_207208,2026-03-15,referral,India,iOS,free,25-34,6.9.2,17.4
u_207209,2026-03-01,paid_social,Pakistan,iOS,free,18-24,7.0.0,18.0
u_207210,2026-03-27,referral,United States,Web,free,35-44,6.9.2,n/a
u_207211,2026-06-01,paid_social,Indonesia,iOS,pro_monthly,18-24,7.1.0,18.2
u_207212,2026-03-20,organic_search,Pakistan,iOS,free,35-44,6.9.2,18.0
u_207213,2026-04-05,paid_social,United States,iOS,free,13-17,6.9.0,18.0
u_207214,2026-06-17,organic_search,Turkey,Android,free,35-44,6.9.2,15
u_207215,2026-06-10,organic_search,Nigeria,Web,free,18-24,6.9.0,n/a
u_207216,2026-06-04,paid_social,United States,Android,free,18-24,7.0.1,14
u_207217,2026-05-27,paid_social,Turkey,Android,free,25-34,6.9.2,14
u_207218,2026-05-21,organic_search,United Kingdom,Android,free,25-34,7.1.0,14
u_207219,2026-03-18,paid_search,Indonesia,Android,free,25-34,7.0.1,12
u_207220,2026-03-15,paid_social,Indonesia,iOS,free,45+,7.0.0,17.4
u_207221,2026-03-25,paid_social,Pakistan,Android,free,35-44,7.0.1,15
u_207222,2026-05-26,paid_search,United States,Android,free,18-24,6.9.2,13
u_207223,2026-06-08,referral,Nigeria,Android,pro_monthly,25-34,6.9.2,15
u_207224,2026-06-14,organic_search,United Kingdom,iOS,free,35-44,7.1.0,17.4
u_207225,2026-05-11,paid_social,Pakistan,Web,free,18-24,7.1.0,n/a
u_207226,2026-05-12,organic_search,Nigeria,Android,free,18-24,7.0.1,12
u_207227,2026-06-15,organic_search,Turkey,Android,free,25-34,7.0.1,12
u_207228,2026-05-03,paid_search,Indonesia,iOS,free,45+,7.0.1,17.4
u_207229,2026-05-29,paid_search,United States,iOS,free,25-34,7.1.0,16.5
u_207230,2026-03-14,app_store_browse,United States,Android,free,18-24,7.1.0,14
u_207231,2026-03-13,app_store_browse,India,Android,free,35-44,7.0.1,13
u_207232,2026-03-14,influencer,United States,iOS,pro_monthly,18-24,7.0.1,18.0
u_207233,2026-05-19,organic_search,Pakistan,Android,free,35-44,6.9.2,14
u_207234,2026-05-07,organic_search,United States,Android,free,35-44,7.0.0,13
u_207235,2026-03-29,influencer,United States,iOS,free,45+,7.0.0,18.2
u_207236,2026-05-01,organic_search,United States,iOS,pro_monthly,45+,6.9.2,18.0
u_207237,2026-03-30,organic_search,Saudi Arabia,iOS,free,25-34,7.1.0,17.0
u_207238,2026-05-24,paid_search,United States,iOS,free,25-34,6.9.2,17.4
u_207239,2026-05-08,paid_social,United Arab Emirates,iOS,free,18-24,6.9.2,16.5
u_207240,2026-04-23,paid_search,United States,Android,free,18-24,7.1.0,13
u_207241,2026-04-15,paid_search,Indonesia,Android,free,18-24,7.1.0,14
u_207242,2026-06-20,paid_social,United Arab Emirates,Android,free,25-34,6.9.2,13
u_207243,2026-04-17,organic_search,United States,Android,pro_monthly,25-34,7.1.0,15
u_207244,2026-04-27,paid_search,India,Android,free,35-44,7.0.1,12
u_207245,2026-06-16,organic_search,Turkey,iOS,pro_monthly,25-34,7.1.0,18.2
u_207246,2026-04-20,paid_social,India,Android,free,25-34,7.1.0,13
u_207247,2026-05-27,paid_search,United States,Web,free,18-24,7.1.0,n/a
u_207248,2026-06-16,paid_search,Pakistan,Android,free,18-24,6.9.2,12
u_207249,2026-06-14,organic_search,India,iOS,free,25-34,6.9.2,17.0
u_207250,2026-04-21,referral,Turkey,Android,free,35-44,7.1.0,12
u_207251,2026-03-29,paid_social,United Arab Emirates,Android,free,35-44,6.9.2,12
u_207252,2026-04-23,influencer,United Kingdom,iOS,free,35-44,7.0.1,18.2
u_207253,2026-05-03,organic_search,United Kingdom,iOS,free,13-17,7.1.0,16.5
u_207254,2026-05-28,paid_social,United States,iOS,free,35-44,6.9.2,18.0
u_207255,2026-03-15,paid_search,United States,iOS,pro_annual,18-24,7.0.1,17.4
u_207256,2026-05-14,app_store_browse,United Arab Emirates,Android,free,18-24,6.9.0,13
u_207257,2026-05-06,influencer,India,iOS,free,45+,7.1.0,17.0
u_207258,2026-04-20,organic_search,Philippines,Android,free,25-34,7.0.1,14
u_207259,2026-06-21,app_store_browse,United Kingdom,Web,pro_monthly,35-44,6.9.2,n/a
u_207260,2026-03-31,paid_search,United Arab Emirates,Web,free,18-24,7.1.0,n/a
u_207261,2026-06-11,organic_search,India,Android,free,18-24,7.0.1,12
u_207262,2026-04-14,paid_social,Germany,Web,free,18-24,7.1.0,n/a
u_207263,2026-03-19,paid_search,Pakistan,iOS,free,35-44,6.9.2,18.0
u_207264,2026-04-11,paid_social,United Arab Emirates,Android,free,18-24,7.0.0,14
u_207265,2026-05-16,influencer,Turkey,iOS,free,25-34,7.0.1,17.4
u_207266,2026-03-17,paid_social,United Arab Emirates,iOS,pro_annual,25-34,6.8.0,18.2
u_207267,2026-05-17,organic_search,Turkey,iOS,free,18-24,7.1.0,18.2
u_207268,2026-03-14,paid_social,Brazil,iOS,free,25-34,7.1.0,16.5
u_207269,2026-04-18,paid_social,Pakistan,Android,free,18-24,7.1.0,15
u_207270,2026-06-18,organic_search,Germany,Android,free,25-34,6.9.2,15
u_207271,2026-03-21,paid_search,United States,Android,free,25-34,7.1.0,15
u_207272,2026-03-23,paid_search,United States,iOS,free,45+,7.0.0,17.4
u_207273,2026-04-04,organic_search,United Kingdom,Android,free,25-34,6.8.0,13
u_207274,2026-04-05,organic_search,India,Android,pro_annual,35-44,7.1.0,15
u_207275,2026-04-08,paid_search,Nigeria,Web,free,45+,7.0.1,n/a
u_207276,2026-05-02,paid_social,Turkey,Web,free,25-34,6.9.0,n/a
u_207277,2026-04-26,organic_search,Indonesia,iOS,pro_monthly,18-24,7.1.0,18.2
u_207278,2026-05-27,app_store_browse,Pakistan,iOS,free,25-34,7.0.1,17.0
u_207279,2026-03-04,app_store_browse,Pakistan,Web,free,45+,6.8.0,n/a
u_207280,2026-05-09,organic_search,India,Android,free,35-44,6.9.2,12
u_207281,2026-05-02,app_store_browse,Turkey,Web,free,18-24,7.0.1,n/a
u_207282,2026-03-25,influencer,Nigeria,Android,free,25-34,7.0.0,14
u_207283,2026-06-06,paid_social,United Kingdom,iOS,free,18-24,7.1.0,18.0
u_207284,2026-05-18,organic_search,India,iOS,free,25-34,7.0.1,16.5
u_207285,2026-05-16,paid_search,Indonesia,iOS,free,35-44,6.9.2,18.0
u_207286,2026-05-01,influencer,United States,Android,free,18-24,7.1.0,15
u_207287,2026-04-26,paid_search,Indonesia,Android,free,25-34,6.8.0,13
u_207288,2026-06-13,influencer,United Arab Emirates,iOS,free,45+,7.0.0,18.0
u_207289,2026-04-13,paid_social,India,Android,free,35-44,7.1.0,13
u_207290,2026-06-01,influencer,United States,Android,free,18-24,6.9.2,12
u_207291,2026-06-07,paid_social,India,iOS,pro_annual,45+,7.0.0,16.5
u_207292,2026-03-15,app_store_browse,Saudi Arabia,iOS,free,25-34,6.9.0,16.5
u_207293,2026-05-30,paid_search,India,Android,free,18-24,6.9.0,13
u_207294,2026-03-08,influencer,United Arab Emirates,Web,free,25-34,7.0.0,n/a
u_207295,2026-05-14,influencer,Nigeria,Android,pro_annual,18-24,7.1.0,12
u_207296,2026-03-08,paid_social,India,Android,pro_annual,25-34,7.0.1,14
u_207297,2026-06-15,paid_social,Indonesia,Web,pro_monthly,25-34,7.1.0,n/a
u_207298,2026-04-25,app_store_browse,United Arab Emirates,Web,free,45+,7.1.0,n/a
u_207299,2026-06-01,influencer,United Kingdom,iOS,free,18-24,6.9.2,18.2
u_207300,2026-03-26,organic_search,Nigeria,Web,free,25-34,7.0.1,n/a
u_207301,2026-06-17,app_store_browse,United States,Android,pro_monthly,18-24,7.1.0,13
u_207302,2026-03-16,influencer,Pakistan,Android,pro_monthly,18-24,6.9.0,15
u_207303,2026-06-09,influencer,India,iOS,free,45+,7.0.0,17.0
u_207304,2026-06-09,influencer,Turkey,iOS,free,18-24,7.0.0,17.4
u_207305,2026-05-07,paid_social,United States,iOS,free,13-17,7.1.0,17.0
u_207306,2026-05-21,paid_social,Philippines,Android,free,25-34,6.9.2,13
u_207307,2026-03-16,organic_search,United Kingdom,Android,free,25-34,7.1.0,13
u_207308,2026-03-11,influencer,Philippines,Web,pro_monthly,35-44,6.9.2,n/a
u_207309,2026-04-27,influencer,Pakistan,Android,free,25-34,7.1.0,14
u_207310,2026-04-08,influencer,Saudi Arabia,Android,enterprise,18-24,6.9.0,12
u_207311,2026-06-11,paid_search,Indonesia,iOS,free,25-34,7.1.0,18.2
u_207312,2026-06-11,paid_social,United Kingdom,Android,free,35-44,6.9.2,14
u_207313,2026-03-20,paid_search,Brazil,iOS,free,18-24,7.1.0,16.5
u_207314,2026-05-21,influencer,Saudi Arabia,Android,free,18-24,7.1.0,15
u_207315,2026-03-23,paid_search,United Kingdom,Android,pro_annual,18-24,7.0.0,14
u_207316,2026-05-11,paid_social,Indonesia,iOS,free,25-34,7.0.0,18.0
u_207317,2026-04-22,paid_social,Saudi Arabia,Web,free,25-34,7.1.0,n/a
u_207318,2026-04-10,paid_social,Nigeria,Android,free,18-24,6.9.2,13
u_207319,2026-05-16,paid_search,United States,iOS,pro_annual,35-44,7.0.0,16.5
u_207320,2026-03-31,influencer,Brazil,Android,free,35-44,7.0.0,13
u_207321,2026-04-10,organic_search,United Arab Emirates,iOS,free,18-24,6.9.2,18.0
u_207322,2026-05-30,paid_search,Pakistan,Android,pro_monthly,18-24,7.0.1,14
u_207323,2026-05-23,organic_search,United Arab Emirates,iOS,free,13-17,6.9.2,17.0
u_207324,2026-05-02,app_store_browse,India,Web,free,25-34,7.1.0,n/a
u_207325,2026-03-19,influencer,Indonesia,Android,free,25-34,7.0.1,13
u_207326,2026-03-22,paid_social,Brazil,iOS,free,25-34,7.0.0,17.0
u_207327,2026-06-13,paid_search,Pakistan,Android,pro_monthly,25-34,6.9.0,12
u_207328,2026-03-21,referral,Brazil,Android,free,25-34,7.1.0,15
u_207329,2026-06-12,paid_social,Turkey,Android,free,25-34,7.1.0,14
u_207330,2026-04-12,referral,Saudi Arabia,iOS,free,35-44,7.1.0,16.5
u_207331,2026-04-17,organic_search,Germany,iOS,pro_annual,25-34,7.1.0,18.0
u_207332,2026-03-09,paid_social,Pakistan,iOS,free,45+,7.0.1,16.5
u_207333,2026-05-16,app_store_browse,Brazil,Web,free,25-34,6.9.0,n/a
u_207334,2026-03-19,app_store_browse,Pakistan,Android,pro_annual,18-24,6.9.0,12
u_207335,2026-06-20,paid_social,United States,iOS,free,25-34,7.1.0,18.0
u_207336,2026-03-22,paid_social,Indonesia,iOS,free,25-34,7.1.0,16.5
u_207337,2026-04-15,referral,Pakistan,iOS,pro_monthly,45+,7.1.0,18.0
u_207338,2026-03-11,organic_search,Pakistan,Web,free,35-44,6.9.2,n/a
u_207339,2026-04-23,organic_search,Pakistan,Web,free,18-24,6.9.2,n/a
u_207340,2026-04-07,paid_social,United States,Web,free,45+,7.0.1,n/a
u_207341,2026-04-05,influencer,Saudi Arabia,iOS,free,25-34,7.1.0,16.5
u_207342,2026-04-28,paid_social,India,iOS,free,18-24,6.9.2,17.4
u_207343,2026-06-05,paid_social,Turkey,iOS,free,35-44,7.1.0,17.4
u_207344,2026-05-11,paid_search,Pakistan,Android,free,35-44,7.0.0,14
u_207345,2026-03-20,influencer,Turkey,Android,free,13-17,7.1.0,13
u_207346,2026-03-06,app_store_browse,India,Android,pro_monthly,18-24,6.9.2,15
u_207347,2026-04-10,paid_search,Philippines,Android,free,18-24,7.0.0,14
u_207348,2026-04-07,influencer,Philippines,Web,free,35-44,7.1.0,n/a
u_207349,2026-05-10,referral,Indonesia,iOS,free,45+,7.1.0,17.0
u_207350,2026-06-15,paid_social,United Arab Emirates,Web,pro_monthly,13-17,7.1.0,n/a
u_207351,2026-05-02,paid_social,United Arab Emirates,Web,free,35-44,7.1.0,n/a
u_207352,2026-05-15,paid_search,Germany,Android,free,25-34,6.9.2,12
u_207353,2026-03-04,paid_social,Philippines,Android,free,25-34,7.0.0,12
u_207354,2026-05-10,app_store_browse,United States,Android,free,18-24,6.9.0,12
u_207355,2026-04-18,influencer,United Arab Emirates,iOS,free,18-24,6.9.2,18.0
u_207356,2026-04-17,paid_social,Turkey,Android,free,35-44,7.0.0,14
u_207357,2026-05-24,organic_search,Indonesia,Android,free,25-34,7.1.0,15
u_207358,2026-04-23,organic_search,Turkey,Android,free,45+,7.0.0,14
u_207359,2026-04-22,paid_search,Pakistan,Android,pro_annual,25-34,6.9.2,15
u_207360,2026-04-03,paid_social,Turkey,iOS,free,18-24,7.0.1,17.4
u_207361,2026-05-13,organic_search,United States,iOS,free,45+,6.9.2,17.4
u_207362,2026-03-13,paid_social,United States,iOS,free,25-34,7.1.0,16.5
u_207363,2026-05-28,paid_social,United States,Web,free,18-24,7.1.0,n/a
u_207364,2026-05-20,paid_social,Brazil,Android,free,18-24,7.0.1,12
u_207365,2026-06-06,referral,United Arab Emirates,iOS,free,25-34,7.1.0,17.4
u_207366,2026-05-24,influencer,Indonesia,iOS,free,25-34,6.9.0,17.0
u_207367,2026-05-16,organic_search,Turkey,Android,free,25-34,7.0.0,13
u_207368,2026-04-03,paid_social,United Kingdom,iOS,free,18-24,7.0.0,18.0
u_207369,2026-03-17,organic_search,United States,iOS,free,18-24,7.0.1,18.0
u_207370,2026-03-14,referral,Indonesia,Android,free,35-44,7.0.1,15
u_207371,2026-03-08,referral,Saudi Arabia,iOS,free,25-34,7.0.1,18.2
u_207372,2026-06-13,paid_search,Germany,Android,free,18-24,7.0.1,13
u_207373,2026-05-05,influencer,Germany,Android,free,25-34,7.1.0,14
u_207374,2026-03-07,paid_social,United States,Android,free,25-34,7.0.0,15
u_207375,2026-06-01,influencer,United States,iOS,free,25-34,6.9.0,18.2
u_207376,2026-04-04,paid_social,United States,iOS,pro_annual,18-24,6.9.2,16.5
u_207377,2026-06-17,organic_search,United States,Android,free,18-24,6.9.2,13
u_207378,2026-04-06,influencer,Indonesia,iOS,pro_monthly,45+,7.0.1,18.2
u_207379,2026-05-08,organic_search,United States,Android,free,35-44,7.0.1,12
u_207380,2026-06-11,referral,United States,iOS,free,18-24,6.9.2,17.4
u_207381,2026-03-28,organic_search,Philippines,Web,free,25-34,7.0.0,n/a
u_207382,2026-05-12,paid_social,Pakistan,iOS,free,35-44,6.8.0,17.0
u_207383,2026-04-10,organic_search,Pakistan,Web,free,18-24,7.0.1,n/a
u_207384,2026-04-29,organic_search,India,Web,pro_monthly,35-44,6.9.2,n/a
u_207385,2026-03-24,influencer,India,Android,free,35-44,6.9.2,15
u_207386,2026-04-14,paid_search,United States,Web,free,35-44,7.1.0,n/a
u_207387,2026-05-30,paid_social,Saudi Arabia,iOS,free,18-24,7.1.0,17.0
u_207388,2026-05-10,referral,Indonesia,iOS,free,35-44,6.9.2,18.2
u_207389,2026-03-07,paid_social,Nigeria,iOS,free,35-44,7.0.0,18.0
u_207390,2026-04-26,paid_social,Indonesia,iOS,free,45+,7.0.1,18.0
u_207391,2026-03-08,paid_search,Indonesia,Web,free,18-24,7.1.0,n/a
u_207392,2026-04-10,organic_search,United Kingdom,Android,free,25-34,7.1.0,12
u_207393,2026-04-05,paid_search,United Arab Emirates,Android,free,25-34,7.0.1,14
u_207394,2026-03-08,organic_search,Pakistan,Android,free,45+,7.1.0,14
u_207395,2026-04-29,paid_search,Indonesia,Android,free,18-24,7.0.1,13
u_207396,2026-04-01,paid_search,United Kingdom,Android,free,18-24,7.1.0,12
u_207397,2026-03-26,influencer,United States,iOS,free,25-34,7.1.0,17.4
u_207398,2026-06-17,organic_search,India,Android,free,25-34,6.9.0,12
u_207399,2026-06-16,paid_social,United States,iOS,free,45+,7.1.0,17.4
u_207400,2026-06-04,paid_social,United States,Android,free,18-24,6.9.0,13
u_207401,2026-05-17,app_store_browse,United Arab Emirates,Android,free,25-34,6.9.0,14
u_207402,2026-05-06,paid_social,Philippines,Android,free,35-44,6.9.0,13
u_207403,2026-05-16,app_store_browse,United Arab Emirates,Android,free,18-24,7.0.0,15
u_207404,2026-05-21,paid_search,United Kingdom,Web,free,18-24,6.8.0,n/a
u_207405,2026-04-19,organic_search,United Kingdom,Web,free,35-44,7.0.0,n/a
u_207406,2026-03-05,paid_search,Philippines,Web,pro_annual,25-34,7.1.0,n/a
u_207407,2026-03-27,paid_social,United States,Android,free,18-24,6.9.0,14
u_207408,2026-04-22,influencer,United States,iOS,free,18-24,7.0.0,18.0
u_207409,2026-03-08,paid_social,Pakistan,iOS,pro_annual,25-34,7.1.0,17.0
u_207410,2026-03-30,influencer,United Arab Emirates,Web,free,35-44,7.0.0,n/a
u_207411,2026-04-05,influencer,Pakistan,Android,free,18-24,7.1.0,14
u_207412,2026-03-06,organic_search,United States,Android,free,18-24,7.0.0,13
u_207413,2026-04-25,organic_search,Indonesia,Android,free,35-44,7.0.0,14
u_207414,2026-06-14,organic_search,Indonesia,Android,free,18-24,7.1.0,13
u_207415,2026-04-10,organic_search,United States,Android,free,18-24,7.0.1,14
u_207416,2026-03-30,paid_search,Nigeria,iOS,enterprise,18-24,7.0.1,18.0
u_207417,2026-06-12,paid_search,United States,Android,free,35-44,7.0.0,12
u_207418,2026-03-18,paid_search,United States,iOS,free,25-34,7.0.1,17.4
u_207419,2026-05-30,paid_social,United Arab Emirates,iOS,free,18-24,7.0.1,17.4
u_207420,2026-05-09,paid_social,United States,iOS,free,35-44,7.0.1,18.0
u_207421,2026-03-04,influencer,United Arab Emirates,Android,free,18-24,6.9.2,14
u_207422,2026-03-12,paid_social,India,Android,free,18-24,7.1.0,12
u_207423,2026-04-11,paid_social,United Kingdom,Android,pro_monthly,18-24,7.0.0,12
u_207424,2026-05-05,influencer,United States,Android,free,18-24,7.0.1,13
u_207425,2026-06-06,app_store_browse,United Kingdom,Android,free,18-24,7.0.1,14
u_207426,2026-05-19,influencer,Pakistan,Android,free,45+,7.1.0,15
u_207427,2026-03-07,organic_search,United Kingdom,Web,free,25-34,6.9.2,n/a
u_207428,2026-04-06,organic_search,United States,Web,free,25-34,7.1.0,n/a
u_207429,2026-04-07,organic_search,Germany,iOS,free,18-24,6.9.0,17.4
u_207430,2026-05-28,paid_search,United States,Android,free,35-44,7.1.0,13
u_207431,2026-05-22,paid_search,India,Android,free,25-34,7.1.0,12
u_207432,2026-03-02,paid_social,Pakistan,iOS,free,18-24,6.9.2,18.2
u_207433,2026-06-15,organic_search,Indonesia,Android,free,25-34,7.1.0,13
u_207434,2026-04-05,paid_social,Pakistan,Android,free,25-34,7.0.1,14
u_207435,2026-03-13,paid_search,United Arab Emirates,Android,free,18-24,7.1.0,14
u_207436,2026-03-14,influencer,Indonesia,iOS,free,18-24,7.0.1,17.0
u_207437,2026-04-21,organic_search,United Kingdom,Android,free,25-34,7.0.0,12
u_207438,2026-03-30,paid_search,Philippines,Android,free,18-24,7.1.0,14
u_207439,2026-05-27,paid_search,United Kingdom,Web,free,45+,7.1.0,n/a
u_207440,2026-05-22,paid_social,India,Android,free,18-24,7.1.0,15
u_207441,2026-03-02,paid_social,Nigeria,Android,free,35-44,6.9.2,13
u_207442,2026-05-11,organic_search,Philippines,Web,free,45+,7.0.1,n/a
u_207443,2026-06-14,paid_social,Nigeria,Android,free,25-34,7.1.0,12
u_207444,2026-04-26,paid_search,India,iOS,free,25-34,7.0.1,17.0
u_207445,2026-06-03,app_store_browse,India,Web,free,25-34,7.1.0,n/a
u_207446,2026-05-07,paid_social,Turkey,iOS,free,13-17,7.1.0,18.2
u_207447,2026-03-14,paid_search,Philippines,Android,pro_monthly,18-24,7.0.0,13
u_207448,2026-06-08,app_store_browse,India,Android,free,35-44,7.1.0,12
u_207449,2026-05-17,influencer,United Kingdom,iOS,free,18-24,7.1.0,18.0
u_207450,2026-04-13,paid_social,United States,iOS,free,18-24,7.0.0,17.0
u_207451,2026-03-23,paid_search,United Arab Emirates,Android,free,25-34,6.9.0,13
u_207452,2026-03-15,paid_social,Nigeria,iOS,pro_annual,18-24,7.1.0,18.0
u_207453,2026-03-01,referral,Pakistan,iOS,free,25-34,6.9.2,18.2
u_207454,2026-03-12,paid_social,Pakistan,iOS,free,25-34,6.9.0,18.2
u_207455,2026-05-12,paid_social,Saudi Arabia,iOS,free,45+,7.0.0,18.2
u_207456,2026-04-29,organic_search,Philippines,iOS,free,25-34,7.1.0,18.0
u_207457,2026-05-03,organic_search,Pakistan,Android,free,25-34,6.9.2,13
u_207458,2026-06-04,organic_search,Indonesia,Android,free,18-24,7.1.0,13
u_207459,2026-06-07,referral,India,iOS,free,35-44,7.0.1,18.2
u_207460,2026-06-02,organic_search,United States,Android,free,18-24,7.0.1,12
u_207461,2026-03-17,paid_search,India,Android,free,18-24,7.0.0,14
u_207462,2026-06-09,paid_search,Pakistan,iOS,free,18-24,7.1.0,18.2
u_207463,2026-04-29,organic_search,India,Android,free,35-44,6.9.2,15
u_207464,2026-04-17,referral,Turkey,iOS,pro_annual,25-34,7.1.0,18.0
u_207465,2026-04-27,app_store_browse,United Arab Emirates,Web,free,35-44,7.0.0,n/a
u_207466,2026-04-06,organic_search,Turkey,Android,free,25-34,7.0.1,15
u_207467,2026-06-07,organic_search,United States,iOS,free,35-44,7.1.0,17.4
u_207468,2026-05-20,influencer,Pakistan,Android,pro_annual,18-24,6.9.0,12
u_207469,2026-05-16,paid_social,India,Android,free,25-34,6.9.2,12
u_207470,2026-03-15,influencer,United Arab Emirates,iOS,free,35-44,7.1.0,18.0
u_207471,2026-03-19,paid_social,United Kingdom,Android,free,25-34,7.1.0,14
u_207472,2026-05-10,paid_social,Germany,Web,free,13-17,7.1.0,n/a
u_207473,2026-04-22,influencer,United Arab Emirates,Web,free,25-34,7.1.0,n/a
u_207474,2026-03-17,organic_search,United States,iOS,free,35-44,7.1.0,18.2
u_207475,2026-06-07,app_store_browse,Pakistan,iOS,free,18-24,7.1.0,17.4
u_207476,2026-03-20,paid_social,Indonesia,Web,free,18-24,7.0.0,n/a
u_207477,2026-04-30,organic_search,Turkey,iOS,free,35-44,7.0.0,17.0
u_207478,2026-03-27,app_store_browse,United States,Web,free,45+,7.0.1,n/a
u_207479,2026-05-26,paid_social,Turkey,iOS,free,25-34,7.0.0,18.0
u_207480,2026-05-29,organic_search,Pakistan,iOS,free,25-34,7.1.0,17.0
u_207481,2026-06-20,organic_search,Saudi Arabia,Android,free,18-24,6.9.0,15
u_207482,2026-06-18,paid_search,Pakistan,Android,free,35-44,7.0.1,15
u_207483,2026-04-15,organic_search,United Arab Emirates,iOS,free,25-34,6.8.0,18.0
u_207484,2026-03-29,app_store_browse,India,Android,pro_monthly,25-34,6.8.0,15
u_207485,2026-04-16,paid_search,Pakistan,Android,free,25-34,7.1.0,12
u_207486,2026-04-28,paid_search,United States,Android,free,35-44,6.9.2,13
u_207487,2026-03-11,influencer,United Kingdom,iOS,pro_monthly,45+,6.9.2,18.2
u_207488,2026-05-25,influencer,Indonesia,iOS,free,25-34,7.0.1,17.4
u_207489,2026-03-21,influencer,United Arab Emirates,Web,free,18-24,7.0.0,n/a
u_207490,2026-05-18,paid_social,United States,Android,free,18-24,7.1.0,12
u_207491,2026-03-12,influencer,Pakistan,Android,free,18-24,7.1.0,14
u_207492,2026-04-10,paid_social,India,iOS,free,35-44,7.1.0,17.0
u_207493,2026-06-21,influencer,Saudi Arabia,Android,free,25-34,7.1.0,14
u_207494,2026-04-13,organic_search,Indonesia,Android,free,18-24,7.0.0,13
u_207495,2026-06-18,paid_social,Germany,Web,free,18-24,7.0.1,n/a
u_207496,2026-03-22,paid_social,United States,Android,free,18-24,7.0.1,15
u_207497,2026-05-26,paid_search,United States,iOS,free,18-24,7.1.0,17.4
u_207498,2026-05-29,paid_social,Indonesia,iOS,free,18-24,7.1.0,16.5
u_207499,2026-05-29,paid_social,Saudi Arabia,iOS,free,18-24,7.1.0,18.2
u_207500,2026-03-09,paid_social,United Kingdom,Android,pro_monthly,18-24,7.0.0,12
u_207501,2026-03-06,paid_social,Germany,Android,pro_annual,18-24,7.0.1,14
u_207502,2026-05-01,paid_social,Pakistan,iOS,free,35-44,6.9.0,17.0
u_207503,2026-03-22,paid_search,India,iOS,pro_monthly,25-34,7.1.0,18.0
u_207504,2026-03-14,paid_search,United Kingdom,Android,free,35-44,7.0.0,14
u_207505,2026-06-07,organic_search,India,iOS,free,25-34,7.0.1,17.4
u_207506,2026-05-29,organic_search,United States,Android,free,35-44,7.0.0,12
u_207507,2026-06-18,influencer,Nigeria,iOS,free,25-34,6.9.2,18.2
u_207508,2026-04-23,paid_search,India,iOS,enterprise,18-24,7.0.1,17.4
u_207509,2026-03-04,paid_social,Pakistan,iOS,free,25-34,7.1.0,18.0
u_207510,2026-06-10,paid_search,United States,iOS,free,18-24,7.0.0,18.0
u_207511,2026-06-09,influencer,Pakistan,iOS,pro_monthly,25-34,7.0.1,17.4
u_207512,2026-05-01,paid_social,Indonesia,Android,free,13-17,7.1.0,14
u_207513,2026-06-01,paid_search,Turkey,Android,pro_annual,45+,7.0.1,12
u_207514,2026-04-10,influencer,Indonesia,iOS,pro_monthly,35-44,7.0.1,16.5
u_207515,2026-04-01,organic_search,Pakistan,Web,pro_monthly,25-34,7.0.0,n/a
u_207516,2026-05-06,paid_social,United Arab Emirates,iOS,free,25-34,7.1.0,17.4
u_207517,2026-05-25,organic_search,Philippines,Web,free,45+,7.1.0,n/a
u_207518,2026-03-27,influencer,Pakistan,Web,free,13-17,7.0.1,n/a
u_207519,2026-06-14,influencer,United Kingdom,Android,free,18-24,6.9.2,13
u_207520,2026-06-16,paid_search,Germany,Web,pro_monthly,25-34,6.8.0,n/a
u_207521,2026-05-13,app_store_browse,Turkey,Web,free,25-34,7.0.1,n/a
u_207522,2026-05-24,organic_search,India,iOS,free,25-34,7.1.0,18.2
u_207523,2026-05-29,paid_search,United States,Android,pro_monthly,35-44,7.1.0,14
u_207524,2026-03-15,paid_search,Turkey,iOS,free,25-34,7.1.0,17.4
u_207525,2026-04-08,paid_social,United States,Web,free,35-44,6.8.0,n/a
u_207526,2026-06-08,paid_search,India,Android,pro_monthly,18-24,7.0.0,12
u_207527,2026-03-12,influencer,Turkey,Android,free,45+,6.9.0,14
u_207528,2026-03-09,influencer,United States,Android,free,35-44,7.0.0,15
u_207529,2026-04-24,influencer,India,iOS,free,25-34,7.1.0,17.0
u_207530,2026-04-09,influencer,Nigeria,Web,free,35-44,6.9.2,n/a
u_207531,2026-03-19,referral,India,Android,free,13-17,7.0.0,12
u_207532,2026-04-04,paid_search,Philippines,iOS,free,35-44,7.0.0,17.0
u_207533,2026-04-19,paid_social,United Arab Emirates,iOS,free,25-34,7.0.1,16.5
u_207534,2026-03-28,organic_search,Germany,Android,pro_monthly,35-44,7.0.1,15
u_207535,2026-04-23,paid_social,Brazil,Android,enterprise,18-24,7.1.0,12
u_207536,2026-05-05,paid_social,Pakistan,Android,free,35-44,7.1.0,12
u_207537,2026-04-01,paid_social,Nigeria,Android,pro_monthly,25-34,6.9.0,13
u_207538,2026-03-25,referral,United Arab Emirates,Android,free,25-34,7.1.0,15
u_207539,2026-06-04,influencer,United States,iOS,free,18-24,7.1.0,17.0
u_207540,2026-06-19,paid_search,United Kingdom,iOS,pro_annual,25-34,6.9.0,16.5
u_207541,2026-05-11,influencer,Germany,Android,free,18-24,7.1.0,13
u_207542,2026-04-06,paid_social,Indonesia,Web,free,25-34,7.1.0,n/a
u_207543,2026-06-04,paid_search,Nigeria,Android,free,13-17,7.1.0,13
u_207544,2026-06-14,influencer,United Arab Emirates,iOS,free,18-24,7.0.0,16.5
u_207545,2026-05-14,organic_search,India,iOS,free,25-34,6.9.0,17.4
u_207546,2026-05-24,referral,United States,iOS,free,18-24,6.9.2,17.4
u_207547,2026-04-24,paid_social,India,Android,free,13-17,6.9.0,12
u_207548,2026-05-09,influencer,Saudi Arabia,Web,free,18-24,7.1.0,n/a
u_207549,2026-04-13,paid_social,United States,Android,free,45+,7.1.0,12
u_207550,2026-04-24,organic_search,United States,iOS,free,25-34,7.1.0,17.4
u_207551,2026-05-11,paid_social,Turkey,Android,pro_monthly,18-24,7.0.1,15
u_207552,2026-06-08,referral,India,Android,free,18-24,7.1.0,12
u_207553,2026-03-10,organic_search,United Arab Emirates,Android,free,18-24,7.0.1,15
u_207554,2026-03-09,paid_social,United Kingdom,iOS,free,45+,7.0.1,16.5
u_207555,2026-04-05,paid_search,United States,Web,pro_monthly,18-24,7.0.1,n/a
u_207556,2026-05-14,app_store_browse,Philippines,Android,free,25-34,7.1.0,12
u_207557,2026-06-06,paid_search,United States,Web,free,18-24,7.0.0,n/a
u_207558,2026-05-17,influencer,United States,iOS,free,25-34,7.0.0,18.0
u_207559,2026-05-20,organic_search,United States,Web,free,25-34,7.0.1,n/a
u_207560,2026-06-18,organic_search,Pakistan,Android,free,18-24,7.0.1,13
u_207561,2026-05-14,referral,Nigeria,Web,free,35-44,7.0.1,n/a
u_207562,2026-06-17,organic_search,Pakistan,Android,free,45+,7.1.0,13
u_207563,2026-03-11,paid_social,Pakistan,Android,free,18-24,7.1.0,13
u_207564,2026-05-27,app_store_browse,Pakistan,iOS,pro_monthly,13-17,7.0.1,16.5
u_207565,2026-03-11,influencer,Indonesia,Web,free,13-17,7.0.1,n/a
u_207566,2026-04-28,influencer,Germany,Android,pro_monthly,25-34,7.1.0,14
u_207567,2026-04-29,paid_social,Saudi Arabia,iOS,free,25-34,7.0.1,17.4
u_207568,2026-03-11,influencer,United States,iOS,free,25-34,7.0.1,17.0
u_207569,2026-03-01,influencer,United Arab Emirates,Web,free,25-34,7.1.0,n/a
u_207570,2026-03-05,app_store_browse,Pakistan,iOS,pro_monthly,35-44,7.1.0,18.2
u_207571,2026-04-09,app_store_browse,Indonesia,Android,free,35-44,7.0.0,12
u_207572,2026-04-22,organic_search,Philippines,Android,free,25-34,7.0.1,15
u_207573,2026-04-16,paid_social,United States,iOS,free,25-34,6.9.0,16.5
u_207574,2026-04-02,paid_social,United Kingdom,iOS,free,18-24,7.0.1,17.0
u_207575,2026-04-07,paid_social,Indonesia,Android,free,35-44,6.9.2,13
u_207576,2026-03-14,paid_social,Indonesia,iOS,free,45+,6.9.0,18.2
u_207577,2026-05-20,organic_search,India,Web,free,35-44,6.9.2,n/a
u_207578,2026-06-14,influencer,Turkey,iOS,pro_monthly,35-44,7.0.1,17.4
u_207579,2026-03-22,paid_search,Turkey,iOS,pro_annual,18-24,7.1.0,16.5
u_207580,2026-06-05,paid_social,Nigeria,Android,free,18-24,7.0.1,12
u_207581,2026-06-17,app_store_browse,Nigeria,Android,free,18-24,7.1.0,12
u_207582,2026-03-26,referral,United Kingdom,Android,free,35-44,7.1.0,12
u_207583,2026-05-22,influencer,Pakistan,Web,free,18-24,6.9.2,n/a
u_207584,2026-05-25,paid_social,Pakistan,Android,free,45+,6.8.0,12
u_207585,2026-03-22,paid_search,United Arab Emirates,iOS,free,45+,7.0.1,17.0
u_207586,2026-03-09,paid_social,Saudi Arabia,iOS,free,25-34,7.1.0,17.4
u_207587,2026-05-28,paid_social,United Kingdom,Android,free,25-34,6.8.0,15
u_207588,2026-03-12,paid_search,Nigeria,Android,pro_annual,18-24,6.9.2,14
u_207589,2026-04-14,app_store_browse,United States,iOS,free,18-24,7.1.0,18.0
u_207590,2026-06-05,influencer,Pakistan,iOS,free,25-34,6.9.2,17.4
u_207591,2026-03-30,influencer,Pakistan,iOS,free,13-17,7.1.0,18.2
u_207592,2026-06-18,organic_search,United States,Android,free,35-44,7.0.1,13
u_207593,2026-06-10,organic_search,United Arab Emirates,Android,free,25-34,7.0.0,13
u_207594,2026-03-23,organic_search,Pakistan,Android,free,35-44,7.0.0,13
u_207595,2026-04-11,influencer,Pakistan,Android,free,18-24,7.1.0,12
u_207596,2026-04-28,influencer,Saudi Arabia,iOS,pro_monthly,18-24,6.9.2,16.5
u_207597,2026-04-21,organic_search,Pakistan,Web,free,18-24,6.9.0,n/a
u_207598,2026-04-25,paid_social,Indonesia,Android,free,25-34,7.0.1,15
u_207599,2026-05-08,paid_search,United States,iOS,pro_monthly,25-34,7.1.0,17.0
u_207600,2026-05-08,influencer,Saudi Arabia,Web,free,18-24,7.1.0,n/a
u_207601,2026-05-16,paid_social,Pakistan,Android,free,45+,7.1.0,14
u_207602,2026-05-18,influencer,India,Android,free,13-17,7.1.0,13
u_207603,2026-03-26,app_store_browse,Brazil,Android,free,25-34,7.1.0,12
u_207604,2026-03-25,influencer,United Arab Emirates,iOS,pro_annual,25-34,7.0.1,18.0
u_207605,2026-03-15,influencer,Brazil,Android,free,25-34,6.8.0,15
u_207606,2026-03-26,paid_social,United States,iOS,enterprise,35-44,7.1.0,16.5
u_207607,2026-05-23,organic_search,United States,Android,free,45+,6.9.2,14
u_207608,2026-05-18,paid_search,Philippines,iOS,free,25-34,7.1.0,17.4
u_207609,2026-06-04,paid_social,Indonesia,iOS,free,18-24,7.1.0,16.5
u_207610,2026-03-02,referral,Brazil,Android,free,25-34,6.9.0,12
u_207611,2026-03-26,app_store_browse,Philippines,Android,enterprise,25-34,7.1.0,13
u_207612,2026-04-07,paid_search,United States,Android,pro_monthly,18-24,6.8.0,14
u_207613,2026-04-22,referral,India,Android,free,25-34,7.0.0,13
u_207614,2026-05-13,paid_search,Pakistan,iOS,free,18-24,7.0.0,17.0
u_207615,2026-03-07,app_store_browse,United States,Android,free,25-34,7.1.0,15
u_207616,2026-03-31,paid_social,United States,Android,free,25-34,7.0.0,12
u_207617,2026-04-10,paid_social,United States,Android,free,18-24,6.9.2,12
u_207618,2026-04-16,influencer,Pakistan,iOS,free,18-24,7.0.0,18.0
u_207619,2026-06-09,paid_search,Pakistan,Android,free,25-34,7.1.0,14
u_207620,2026-05-03,organic_search,Indonesia,Android,free,35-44,7.1.0,15
u_207621,2026-05-29,paid_social,Philippines,Android,pro_monthly,13-17,7.0.0,14
u_207622,2026-06-16,paid_search,Indonesia,Android,free,18-24,6.9.2,15
u_207623,2026-03-28,organic_search,Saudi Arabia,Android,free,18-24,6.9.2,15
u_207624,2026-03-08,paid_search,Pakistan,Android,pro_annual,18-24,7.1.0,13
u_207625,2026-05-07,app_store_browse,Brazil,Android,free,25-34,7.0.1,15
u_207626,2026-06-11,paid_social,Turkey,Android,free,35-44,7.0.1,12
u_207627,2026-05-26,paid_social,Indonesia,Web,free,18-24,7.1.0,n/a
u_207628,2026-05-31,paid_search,Turkey,Web,free,18-24,7.0.1,n/a
u_207629,2026-06-06,paid_social,United States,Web,free,18-24,7.1.0,n/a
u_207630,2026-04-09,organic_search,Indonesia,Web,free,18-24,6.9.0,n/a
u_207631,2026-05-31,influencer,India,iOS,free,25-34,7.0.1,17.4
u_207632,2026-03-15,organic_search,India,Android,free,18-24,7.0.1,14
u_207633,2026-05-29,paid_social,United Arab Emirates,iOS,free,45+,7.1.0,17.0
u_207634,2026-03-03,paid_social,India,iOS,free,25-34,7.0.1,18.0
u_207635,2026-05-03,app_store_browse,India,iOS,free,25-34,6.9.0,17.4
u_207636,2026-05-21,organic_search,India,Android,free,18-24,6.9.2,14
u_207637,2026-04-26,paid_social,Brazil,Android,free,18-24,6.9.2,15
u_207638,2026-05-24,paid_search,Turkey,Android,free,18-24,7.1.0,13
u_207639,2026-05-27,paid_social,United States,Android,free,35-44,6.9.2,12
u_207640,2026-06-16,paid_social,United States,Android,pro_monthly,35-44,7.0.1,14
u_207641,2026-06-03,referral,United Arab Emirates,Android,pro_monthly,35-44,6.9.2,15
u_207642,2026-03-30,paid_search,United Kingdom,iOS,free,35-44,7.0.0,17.4
u_207643,2026-03-02,organic_search,India,Android,pro_monthly,18-24,7.0.1,13
u_207644,2026-03-12,organic_search,Germany,iOS,free,45+,6.9.2,17.4
u_207645,2026-04-26,organic_search,Pakistan,Android,free,45+,7.0.0,12
u_207646,2026-05-11,organic_search,Pakistan,Web,pro_monthly,45+,7.0.1,n/a
u_207647,2026-03-31,organic_search,Brazil,Web,free,35-44,7.0.0,n/a
u_207648,2026-03-13,referral,India,iOS,free,13-17,7.1.0,17.0
u_207649,2026-05-11,app_store_browse,United States,iOS,free,35-44,7.0.0,17.4
u_207650,2026-04-02,paid_search,United Arab Emirates,Android,free,25-34,6.9.0,13
u_207651,2026-03-08,paid_social,United Arab Emirates,iOS,pro_annual,18-24,7.1.0,17.4
u_207652,2026-04-04,influencer,Pakistan,iOS,free,25-34,7.1.0,18.2
u_207653,2026-05-16,paid_social,India,iOS,pro_monthly,45+,7.0.1,17.4
u_207654,2026-05-02,paid_search,United Arab Emirates,iOS,free,35-44,7.1.0,18.0
u_207655,2026-06-02,organic_search,India,Android,free,18-24,6.9.2,15
u_207656,2026-06-04,organic_search,Turkey,Web,free,18-24,7.1.0,n/a
u_207657,2026-04-28,influencer,United States,Android,free,18-24,6.9.0,15
u_207658,2026-04-15,referral,United Arab Emirates,Android,free,18-24,7.1.0,13
u_207659,2026-03-21,influencer,Saudi Arabia,Android,free,25-34,6.9.2,13
u_207660,2026-03-17,organic_search,Indonesia,Android,free,25-34,7.0.0,15
u_207661,2026-06-21,paid_search,United Kingdom,iOS,free,25-34,6.9.2,17.4
u_207662,2026-06-15,paid_social,Pakistan,iOS,free,25-34,7.0.0,16.5
u_207663,2026-05-16,organic_search,United States,Android,free,18-24,6.9.0,12
u_207664,2026-05-05,app_store_browse,India,Android,free,35-44,7.1.0,13
u_207665,2026-03-01,paid_social,Nigeria,Web,pro_annual,25-34,7.1.0,n/a
u_207666,2026-05-07,organic_search,Philippines,Web,pro_annual,25-34,7.1.0,n/a
u_207667,2026-03-22,referral,Saudi Arabia,iOS,free,18-24,6.8.0,16.5
u_207668,2026-03-30,organic_search,United States,iOS,pro_monthly,18-24,6.9.2,16.5
u_207669,2026-06-05,paid_search,United States,Android,free,18-24,7.1.0,14
u_207670,2026-05-13,influencer,United Arab Emirates,iOS,free,35-44,7.0.1,17.0
u_207671,2026-05-19,referral,Indonesia,Web,pro_monthly,18-24,7.1.0,n/a
u_207672,2026-05-15,organic_search,United Kingdom,iOS,free,35-44,7.0.0,17.4
u_207673,2026-03-14,referral,United States,iOS,free,25-34,7.0.1,18.0
u_207674,2026-03-22,paid_social,United States,Web,free,35-44,7.0.1,n/a
u_207675,2026-06-17,organic_search,Turkey,Android,pro_annual,18-24,7.0.1,13
u_207676,2026-04-13,paid_search,India,Web,free,25-34,6.9.0,n/a
u_207677,2026-04-06,referral,United Arab Emirates,Android,pro_monthly,35-44,6.9.0,15
u_207678,2026-03-16,paid_social,Nigeria,Android,pro_annual,25-34,7.1.0,12
u_207679,2026-03-22,app_store_browse,Indonesia,iOS,pro_monthly,25-34,7.1.0,18.2
u_207680,2026-06-21,paid_social,United States,Android,free,35-44,7.1.0,14
u_207681,2026-04-08,paid_social,United Arab Emirates,iOS,free,18-24,7.1.0,17.0
u_207682,2026-04-11,paid_social,Saudi Arabia,iOS,free,18-24,7.0.1,17.0
u_207683,2026-04-18,influencer,Pakistan,Web,pro_monthly,18-24,7.0.1,n/a
u_207684,2026-04-03,organic_search,United States,Android,pro_annual,18-24,7.1.0,13
u_207685,2026-06-18,influencer,Nigeria,iOS,free,25-34,7.0.1,18.2
u_207686,2026-03-07,paid_social,Indonesia,iOS,free,18-24,7.0.0,18.2
u_207687,2026-05-20,influencer,United Kingdom,iOS,pro_annual,25-34,7.0.0,16.5
u_207688,2026-04-10,organic_search,India,iOS,pro_annual,35-44,7.1.0,16.5
u_207689,2026-06-16,referral,Turkey,Android,free,13-17,7.1.0,13
u_207690,2026-05-16,paid_search,United Arab Emirates,Android,pro_monthly,18-24,7.1.0,14
u_207691,2026-06-12,paid_search,United States,Android,free,25-34,6.9.2,13
u_207692,2026-04-27,referral,Germany,iOS,pro_monthly,18-24,6.9.2,16.5
u_207693,2026-04-11,paid_search,United States,iOS,free,18-24,7.1.0,18.2
u_207694,2026-03-06,paid_search,Philippines,Android,free,18-24,6.9.0,14
u_207695,2026-03-21,paid_social,United Arab Emirates,Android,free,45+,7.0.1,15
u_207696,2026-06-21,influencer,United States,iOS,free,35-44,6.9.2,18.0
u_207697,2026-04-21,paid_search,Pakistan,Web,free,35-44,6.9.0,n/a
u_207698,2026-06-21,organic_search,United States,Android,free,35-44,7.1.0,13
u_207699,2026-05-14,organic_search,United States,Web,free,25-34,7.0.1,n/a
u_207700,2026-04-19,organic_search,Brazil,Web,pro_annual,18-24,6.9.2,n/a
u_207701,2026-03-18,paid_search,United Arab Emirates,iOS,free,25-34,7.0.1,18.2
u_207702,2026-03-26,organic_search,Nigeria,Web,pro_monthly,35-44,6.9.0,n/a
u_207703,2026-03-09,paid_search,Pakistan,Android,free,35-44,7.1.0,12
u_207704,2026-03-23,app_store_browse,Indonesia,Android,pro_monthly,45+,7.1.0,13
u_207705,2026-05-08,paid_search,Pakistan,Android,free,25-34,6.8.0,12
u_207706,2026-05-08,referral,Pakistan,iOS,free,18-24,7.0.1,17.0
u_207707,2026-04-03,paid_search,Indonesia,Android,free,45+,7.0.0,13
u_207708,2026-03-02,paid_social,United Arab Emirates,Android,free,18-24,7.1.0,13
u_207709,2026-05-04,organic_search,India,iOS,enterprise,25-34,6.9.0,18.2
u_207710,2026-05-08,influencer,United Arab Emirates,Android,free,35-44,7.1.0,14
u_207711,2026-06-15,paid_search,India,iOS,free,25-34,7.1.0,16.5
u_207712,2026-05-29,influencer,United Kingdom,Android,free,25-34,7.0.1,12
u_207713,2026-03-13,referral,United States,Android,pro_monthly,18-24,7.0.1,13
u_207714,2026-06-04,paid_search,Turkey,Android,free,18-24,7.0.0,15
u_207715,2026-05-17,app_store_browse,Nigeria,Android,free,25-34,7.0.0,13
u_207716,2026-03-17,paid_social,United States,iOS,free,25-34,7.1.0,17.4
u_207717,2026-04-23,organic_search,Turkey,iOS,free,18-24,7.1.0,17.4
u_207718,2026-06-15,app_store_browse,Pakistan,Android,free,25-34,7.1.0,13
u_207719,2026-06-17,influencer,India,Android,free,25-34,7.1.0,12
u_207720,2026-06-03,paid_social,Pakistan,iOS,free,25-34,6.9.2,18.2
u_207721,2026-06-14,paid_social,Germany,Android,free,45+,7.0.1,13
u_207722,2026-05-15,paid_search,Nigeria,iOS,free,35-44,7.1.0,16.5
u_207723,2026-06-02,paid_social,Saudi Arabia,Web,free,18-24,7.0.1,n/a
u_207724,2026-04-07,paid_social,United States,Android,pro_annual,25-34,7.0.0,13
u_207725,2026-06-06,organic_search,United States,Android,pro_monthly,35-44,7.1.0,14
u_207726,2026-05-03,paid_social,Turkey,Android,free,25-34,7.1.0,13
u_207727,2026-05-22,organic_search,Saudi Arabia,Android,pro_monthly,18-24,7.0.0,15
u_207728,2026-05-07,paid_search,Saudi Arabia,Android,free,45+,7.0.0,15
u_207729,2026-03-21,influencer,Turkey,Web,free,25-34,7.0.0,n/a
u_207730,2026-05-10,paid_search,United States,Android,free,35-44,6.9.0,14
u_207731,2026-06-07,referral,Pakistan,iOS,free,25-34,7.0.0,16.5
u_207732,2026-03-10,app_store_browse,Indonesia,Android,pro_monthly,35-44,7.0.1,12
u_207733,2026-03-14,influencer,Germany,iOS,pro_monthly,35-44,7.1.0,17.4
u_207734,2026-05-31,paid_social,United Kingdom,Android,free,18-24,6.9.0,15
u_207735,2026-03-14,paid_search,United Kingdom,Android,pro_monthly,45+,7.1.0,12
u_207736,2026-06-05,influencer,Nigeria,Android,free,18-24,7.0.1,15
u_207737,2026-04-19,app_store_browse,Philippines,Web,free,25-34,7.0.1,n/a
u_207738,2026-04-03,paid_search,Brazil,iOS,free,18-24,7.1.0,17.4
u_207739,2026-03-01,referral,Philippines,Android,free,35-44,7.1.0,13
u_207740,2026-03-04,organic_search,Indonesia,Android,free,13-17,6.9.0,12
u_207741,2026-03-09,paid_social,India,Web,free,18-24,7.0.1,n/a
u_207742,2026-03-27,paid_search,United States,Android,free,18-24,7.1.0,12
u_207743,2026-05-20,organic_search,United States,Android,free,18-24,7.1.0,14
u_207744,2026-03-07,influencer,United States,Android,free,18-24,6.9.0,12
u_207745,2026-03-27,influencer,India,Web,free,25-34,6.9.2,n/a
u_207746,2026-06-18,influencer,United Kingdom,iOS,free,35-44,7.1.0,18.2
u_207747,2026-03-09,paid_social,Pakistan,Android,pro_monthly,18-24,7.0.1,13
u_207748,2026-06-20,paid_search,Nigeria,Web,free,25-34,6.9.2,n/a
u_207749,2026-03-10,organic_search,Brazil,iOS,free,18-24,7.1.0,16.5
u_207750,2026-06-16,organic_search,United Kingdom,iOS,free,18-24,6.8.0,18.2
u_207751,2026-04-17,influencer,United Kingdom,Web,free,35-44,7.1.0,n/a
u_207752,2026-03-09,organic_search,United States,iOS,free,25-34,6.8.0,16.5
u_207753,2026-04-07,app_store_browse,Nigeria,Android,pro_annual,35-44,7.0.0,14
u_207754,2026-05-29,influencer,United Kingdom,iOS,free,35-44,7.0.0,17.4
u_207755,2026-05-12,app_store_browse,India,iOS,free,25-34,6.9.2,18.2
u_207756,2026-06-20,paid_search,United Kingdom,Web,free,25-34,7.1.0,n/a
u_207757,2026-05-13,influencer,India,Android,free,13-17,7.1.0,12
u_207758,2026-03-10,app_store_browse,United States,iOS,free,18-24,7.0.0,16.5
u_207759,2026-03-11,paid_social,Brazil,iOS,pro_monthly,13-17,7.0.1,18.2
u_207760,2026-03-26,paid_social,Pakistan,Android,free,13-17,7.0.1,15
u_207761,2026-03-15,paid_social,Germany,Android,free,18-24,7.0.1,13
u_207762,2026-03-31,influencer,United States,Android,free,18-24,7.0.0,12
u_207763,2026-05-14,organic_search,India,Web,pro_annual,45+,7.1.0,n/a
u_207764,2026-05-05,paid_social,Turkey,Android,free,25-34,7.1.0,14
u_207765,2026-03-03,paid_social,Germany,Android,free,45+,7.0.0,12
u_207766,2026-06-16,app_store_browse,United Arab Emirates,Android,free,18-24,7.1.0,14
u_207767,2026-03-24,paid_social,United Arab Emirates,Android,free,18-24,7.0.1,13
u_207768,2026-06-03,paid_search,Nigeria,Web,free,35-44,7.1.0,n/a
u_207769,2026-05-24,referral,Turkey,Web,pro_monthly,25-34,7.1.0,n/a
u_207770,2026-04-10,paid_search,Indonesia,iOS,free,35-44,7.0.1,16.5
u_207771,2026-06-19,paid_social,Brazil,Android,pro_monthly,25-34,7.1.0,15
u_207772,2026-04-06,paid_social,Indonesia,Android,pro_monthly,25-34,7.1.0,15
u_207773,2026-05-19,paid_social,United States,iOS,free,25-34,7.0.0,18.2
u_207774,2026-03-27,paid_social,Indonesia,Web,free,25-34,7.1.0,n/a
u_207775,2026-05-07,paid_search,Pakistan,Android,free,25-34,7.0.1,12
u_207776,2026-04-14,organic_search,Germany,Web,free,45+,7.1.0,n/a
u_207777,2026-06-12,paid_search,United Arab Emirates,Web,free,25-34,7.0.1,n/a
u_207778,2026-04-27,organic_search,India,iOS,free,18-24,6.8.0,18.2
u_207779,2026-05-14,app_store_browse,United Kingdom,iOS,pro_monthly,25-34,6.9.0,18.2
u_207780,2026-05-01,app_store_browse,Philippines,Android,free,18-24,6.8.0,12
u_207781,2026-03-06,paid_search,Pakistan,iOS,free,13-17,7.1.0,18.0
u_207782,2026-04-16,paid_social,Indonesia,Web,free,25-34,7.1.0,n/a
u_207783,2026-03-18,influencer,Saudi Arabia,Android,free,18-24,7.1.0,12
u_207784,2026-03-31,influencer,United States,Android,free,25-34,7.0.1,15
u_207785,2026-06-01,paid_search,United Arab Emirates,Android,pro_annual,45+,7.0.0,15
u_207786,2026-05-24,paid_search,India,Web,free,18-24,6.9.0,n/a
u_207787,2026-03-28,organic_search,Turkey,Android,free,25-34,7.1.0,15
u_207788,2026-03-03,paid_social,Pakistan,iOS,free,35-44,6.9.0,17.4
u_207789,2026-03-18,app_store_browse,India,Android,free,35-44,7.0.0,14
u_207790,2026-05-09,app_store_browse,Indonesia,Web,free,25-34,7.0.1,n/a
u_207791,2026-03-07,paid_social,Philippines,Android,free,35-44,7.1.0,15
u_207792,2026-05-12,organic_search,Germany,iOS,free,35-44,6.8.0,16.5
u_207793,2026-05-22,referral,India,Android,free,35-44,7.1.0,13
u_207794,2026-04-19,paid_social,Saudi Arabia,Android,pro_monthly,25-34,7.0.1,13
u_207795,2026-04-09,paid_social,India,iOS,free,18-24,6.9.2,18.0
u_207796,2026-06-06,paid_social,Saudi Arabia,Android,free,25-34,7.1.0,14
u_207797,2026-04-26,paid_social,Turkey,Android,free,18-24,7.1.0,13
u_207798,2026-06-14,organic_search,India,Android,pro_annual,18-24,7.1.0,12
u_207799,2026-05-11,organic_search,United Arab Emirates,iOS,free,35-44,7.1.0,17.0
u_207800,2026-04-27,paid_social,Germany,Android,free,18-24,6.9.0,13
u_207801,2026-04-04,paid_social,Pakistan,Android,pro_annual,18-24,7.1.0,13
u_207802,2026-05-31,paid_social,India,Android,free,25-34,7.1.0,12
u_207803,2026-03-18,paid_social,United States,iOS,free,18-24,6.9.0,17.4
u_207804,2026-04-03,influencer,Indonesia,Android,free,35-44,7.1.0,13
u_207805,2026-06-16,referral,Indonesia,Web,free,35-44,7.1.0,n/a
u_207806,2026-03-25,paid_social,United Arab Emirates,iOS,free,18-24,7.1.0,17.4
u_207807,2026-03-30,paid_social,Indonesia,Android,pro_monthly,45+,7.1.0,14
u_207808,2026-06-21,app_store_browse,Germany,iOS,free,25-34,7.1.0,18.0
u_207809,2026-03-17,influencer,Pakistan,Android,free,18-24,6.8.0,15
u_207810,2026-03-28,app_store_browse,United States,iOS,free,25-34,7.0.0,17.4
u_207811,2026-03-07,referral,Nigeria,Android,pro_monthly,25-34,6.9.2,12
u_207812,2026-05-11,organic_search,Pakistan,Web,free,35-44,7.0.0,n/a
u_207813,2026-05-19,paid_social,United States,Web,pro_monthly,25-34,7.0.0,n/a
u_207814,2026-03-13,influencer,India,Android,free,25-34,7.1.0,15
u_207815,2026-04-03,paid_search,Brazil,Android,free,18-24,6.8.0,12
u_207816,2026-03-23,paid_search,United Arab Emirates,Android,free,18-24,7.0.1,12
u_207817,2026-05-14,paid_social,United States,iOS,free,35-44,7.0.1,16.5
u_207818,2026-06-16,organic_search,Germany,Android,free,35-44,7.1.0,15
u_207819,2026-04-02,organic_search,United States,iOS,free,35-44,6.9.2,17.0
u_207820,2026-06-21,paid_social,United Kingdom,iOS,free,25-34,7.1.0,17.4
u_207821,2026-05-03,influencer,Pakistan,Android,free,35-44,6.9.0,13
u_207822,2026-03-05,influencer,Saudi Arabia,Android,free,25-34,7.0.1,12
u_207823,2026-03-07,paid_social,Pakistan,iOS,free,25-34,7.0.1,18.2
u_207824,2026-06-13,organic_search,Saudi Arabia,Android,free,25-34,7.1.0,15
u_207825,2026-03-27,paid_social,United Arab Emirates,Android,pro_annual,25-34,6.8.0,12
u_207826,2026-04-25,influencer,United States,iOS,free,25-34,7.1.0,17.4
u_207827,2026-03-30,paid_social,United Arab Emirates,Android,free,35-44,7.0.0,13
u_207828,2026-03-24,paid_search,United Arab Emirates,Android,free,35-44,7.0.0,14
u_207829,2026-06-16,paid_search,United Kingdom,Android,free,18-24,7.1.0,12
u_207830,2026-04-03,paid_social,United Arab Emirates,iOS,free,35-44,7.1.0,18.2
u_207831,2026-05-08,referral,Brazil,iOS,pro_monthly,45+,7.1.0,16.5
u_207832,2026-04-07,organic_search,United States,Android,free,18-24,6.9.2,14
u_207833,2026-04-11,organic_search,Germany,iOS,free,13-17,7.1.0,17.0
u_207834,2026-06-05,organic_search,Pakistan,Web,free,25-34,6.9.0,n/a
u_207835,2026-03-20,paid_search,India,iOS,free,18-24,6.9.0,17.0
u_207836,2026-03-26,paid_search,Nigeria,iOS,pro_annual,25-34,7.1.0,17.4
u_207837,2026-03-26,paid_search,Turkey,iOS,enterprise,35-44,6.8.0,18.2
u_207838,2026-05-03,paid_social,Pakistan,iOS,free,25-34,7.0.1,17.0
u_207839,2026-06-04,paid_social,India,iOS,free,25-34,7.0.1,17.0
u_207840,2026-04-28,paid_social,United Arab Emirates,iOS,pro_monthly,35-44,7.0.0,16.5
u_207841,2026-06-07,paid_social,India,Android,free,35-44,6.9.2,15
u_207842,2026-05-06,influencer,India,Web,free,45+,7.0.0,n/a
u_207843,2026-03-18,app_store_browse,Turkey,iOS,free,25-34,6.8.0,17.4
u_207844,2026-03-04,organic_search,Nigeria,iOS,free,18-24,7.0.0,17.0
u_207845,2026-03-01,organic_search,United Kingdom,Android,pro_annual,25-34,7.0.1,14
u_207846,2026-03-24,referral,United States,iOS,free,18-24,6.9.2,17.0
u_207847,2026-05-21,app_store_browse,India,Android,free,18-24,7.1.0,12
u_207848,2026-03-20,paid_social,Pakistan,iOS,free,25-34,7.0.1,16.5
u_207849,2026-04-09,organic_search,Pakistan,iOS,pro_monthly,18-24,6.8.0,17.0
u_207850,2026-03-28,referral,United Kingdom,iOS,free,25-34,7.1.0,17.0
u_207851,2026-03-13,organic_search,Nigeria,Android,free,18-24,6.9.0,12
u_207852,2026-06-03,app_store_browse,Pakistan,Android,free,18-24,7.0.0,13
u_207853,2026-06-09,paid_search,India,Android,free,25-34,7.0.1,13
u_207854,2026-06-17,organic_search,United States,Android,free,18-24,7.1.0,13
u_207855,2026-04-27,paid_social,Pakistan,Android,pro_annual,25-34,6.9.2,14
u_207856,2026-05-29,paid_search,Saudi Arabia,Android,free,25-34,7.0.1,13
u_207857,2026-05-24,app_store_browse,United Arab Emirates,iOS,enterprise,18-24,7.0.0,16.5
u_207858,2026-05-09,paid_search,Pakistan,Android,free,25-34,7.0.1,12
u_207859,2026-04-01,paid_social,Saudi Arabia,iOS,free,18-24,7.1.0,17.4
u_207860,2026-06-07,paid_social,Saudi Arabia,iOS,free,25-34,6.9.0,18.2
u_207861,2026-03-23,influencer,Nigeria,Android,pro_monthly,18-24,7.0.1,14
u_207862,2026-06-14,influencer,Germany,iOS,free,18-24,7.1.0,18.2
u_207863,2026-03-22,paid_social,India,iOS,free,25-34,7.0.1,17.4
u_207864,2026-06-10,app_store_browse,Germany,Web,free,18-24,6.9.2,n/a
u_207865,2026-04-20,organic_search,United States,Android,free,18-24,7.0.1,12
u_207866,2026-04-22,paid_social,Saudi Arabia,Android,pro_annual,25-34,7.1.0,14
u_207867,2026-04-15,paid_social,United States,iOS,free,25-34,6.9.0,16.5
u_207868,2026-05-02,paid_social,Nigeria,iOS,free,35-44,7.0.0,18.2
u_207869,2026-04-03,influencer,United States,Web,free,25-34,7.0.1,n/a
u_207870,2026-05-27,influencer,India,Android,free,18-24,7.0.1,12
u_207871,2026-06-13,paid_social,Saudi Arabia,iOS,pro_monthly,18-24,7.1.0,18.2
u_207872,2026-05-31,paid_social,India,Android,free,25-34,7.1.0,14
u_207873,2026-04-10,organic_search,United States,iOS,free,45+,7.1.0,18.2
u_207874,2026-05-22,organic_search,Pakistan,Android,free,25-34,7.1.0,12
u_207875,2026-04-11,app_store_browse,Philippines,iOS,pro_monthly,25-34,7.1.0,17.4
u_207876,2026-04-14,paid_social,United States,Web,free,25-34,7.0.1,n/a
u_207877,2026-05-30,influencer,United States,Android,pro_monthly,35-44,6.8.0,14
u_207878,2026-04-27,paid_social,Indonesia,Android,free,18-24,6.9.2,15
u_207879,2026-04-02,influencer,United Kingdom,Android,free,25-34,7.1.0,14
u_207880,2026-05-22,influencer,Indonesia,iOS,free,18-24,7.0.1,17.4
u_207881,2026-03-10,influencer,Nigeria,Android,free,25-34,6.9.2,15
u_207882,2026-05-16,paid_social,Nigeria,Android,free,25-34,7.0.1,15
u_207883,2026-03-10,paid_social,United Kingdom,iOS,free,18-24,7.1.0,16.5
u_207884,2026-04-18,organic_search,Nigeria,Android,free,18-24,6.9.2,14
u_207885,2026-03-26,paid_social,Saudi Arabia,iOS,free,18-24,6.8.0,18.0
u_207886,2026-03-07,paid_social,United States,iOS,free,25-34,7.0.0,18.2
u_207887,2026-04-07,influencer,United Arab Emirates,Android,free,18-24,7.0.1,12
u_207888,2026-05-02,app_store_browse,United States,iOS,free,18-24,7.1.0,18.0
u_207889,2026-03-15,paid_social,Indonesia,Android,free,35-44,7.0.1,14
u_207890,2026-05-09,organic_search,United States,Android,free,18-24,7.0.1,14
u_207891,2026-05-03,app_store_browse,United Arab Emirates,Web,pro_monthly,25-34,6.9.2,n/a
u_207892,2026-05-21,organic_search,United States,Web,free,18-24,6.9.0,n/a
u_207893,2026-03-27,paid_social,India,Android,free,25-34,7.0.1,13
u_207894,2026-06-21,referral,Pakistan,iOS,free,18-24,6.9.2,18.2
u_207895,2026-06-11,organic_search,United States,iOS,free,18-24,7.1.0,18.0
u_207896,2026-05-06,paid_social,Pakistan,iOS,free,25-34,7.1.0,16.5
u_207897,2026-03-04,paid_social,Brazil,Android,free,18-24,6.8.0,15
u_207898,2026-03-18,app_store_browse,United States,Android,free,18-24,7.1.0,12
u_207899,2026-04-23,paid_search,Turkey,Android,free,45+,7.0.1,13
u_207900,2026-04-09,organic_search,Philippines,Android,free,18-24,7.0.1,14
u_207901,2026-05-18,paid_social,Pakistan,iOS,free,45+,7.0.1,17.0
u_207902,2026-05-11,paid_social,Pakistan,Web,free,18-24,7.1.0,n/a
u_207903,2026-03-20,influencer,Germany,Android,free,18-24,7.0.1,12
u_207904,2026-05-23,organic_search,Nigeria,Web,pro_monthly,35-44,7.0.1,n/a
u_207905,2026-05-24,referral,Pakistan,Android,free,35-44,7.0.1,12
u_207906,2026-03-22,paid_social,Germany,Android,free,35-44,7.0.0,13
u_207907,2026-06-04,app_store_browse,United States,iOS,free,45+,6.9.2,17.4
u_207908,2026-03-10,paid_search,Brazil,Android,free,25-34,7.0.0,12
u_207909,2026-03-13,paid_search,United Arab Emirates,iOS,free,25-34,6.8.0,18.0
u_207910,2026-06-18,organic_search,Pakistan,iOS,pro_annual,18-24,7.0.1,17.4
u_207911,2026-03-24,influencer,Germany,Android,pro_annual,35-44,7.1.0,12
u_207912,2026-06-06,paid_social,India,Web,pro_monthly,25-34,7.1.0,n/a
u_207913,2026-03-22,paid_search,Turkey,iOS,free,18-24,6.9.2,18.2
u_207914,2026-03-10,app_store_browse,United States,iOS,free,18-24,7.0.1,17.0
u_207915,2026-03-17,paid_search,Nigeria,iOS,free,25-34,7.1.0,17.4
u_207916,2026-03-19,influencer,Germany,iOS,free,18-24,6.9.2,18.2
u_207917,2026-05-12,organic_search,Germany,Android,free,18-24,7.1.0,15
u_207918,2026-03-05,paid_social,Philippines,iOS,pro_annual,25-34,7.0.0,16.5
u_207919,2026-06-10,paid_social,Germany,iOS,free,18-24,6.9.2,16.5
u_207920,2026-04-09,organic_search,Indonesia,Android,pro_monthly,35-44,7.0.1,13
u_207921,2026-06-10,paid_social,Pakistan,Android,free,18-24,7.0.0,14
u_207922,2026-06-16,referral,India,iOS,free,25-34,6.9.2,17.0
u_207923,2026-06-20,referral,United Arab Emirates,Android,free,25-34,6.9.0,15
u_207924,2026-03-08,paid_social,India,Android,free,25-34,7.0.1,13
u_207925,2026-05-20,app_store_browse,Saudi Arabia,iOS,free,25-34,7.0.0,18.0
u_207926,2026-04-10,paid_social,United Arab Emirates,iOS,free,18-24,6.9.2,16.5
u_207927,2026-05-21,organic_search,Pakistan,iOS,free,18-24,6.9.2,16.5
u_207928,2026-06-14,paid_social,United States,Web,free,25-34,7.1.0,n/a
u_207929,2026-04-05,influencer,India,Android,free,25-34,7.0.1,12
u_207930,2026-05-18,paid_social,United Arab Emirates,Android,free,13-17,6.9.2,14
u_207931,2026-05-16,organic_search,Pakistan,Android,free,18-24,7.1.0,13
u_207932,2026-05-13,organic_search,Germany,iOS,free,18-24,7.1.0,18.0
u_207933,2026-05-27,paid_search,Saudi Arabia,iOS,pro_monthly,25-34,6.9.2,17.0
u_207934,2026-04-24,referral,United States,Android,free,35-44,7.1.0,13
u_207935,2026-03-18,organic_search,Brazil,Android,free,25-34,6.9.2,12
u_207936,2026-03-13,organic_search,Turkey,Android,free,18-24,6.8.0,14
u_207937,2026-03-01,organic_search,Saudi Arabia,Android,free,25-34,7.0.0,12
u_207938,2026-04-14,app_store_browse,United States,iOS,free,18-24,7.0.1,17.0
u_207939,2026-04-21,influencer,Indonesia,Android,free,18-24,6.9.2,13
u_207940,2026-03-25,organic_search,Nigeria,Android,pro_monthly,25-34,7.0.1,13
u_207941,2026-05-16,influencer,Saudi Arabia,Web,free,45+,7.1.0,n/a
u_207942,2026-03-08,paid_search,Philippines,Web,free,35-44,7.1.0,n/a
u_207943,2026-04-16,influencer,United Arab Emirates,iOS,free,18-24,7.0.1,18.0
u_207944,2026-04-16,app_store_browse,Saudi Arabia,iOS,free,18-24,7.0.1,16.5
u_207945,2026-06-16,influencer,United States,Android,free,18-24,7.0.1,15
u_207946,2026-06-10,organic_search,Nigeria,iOS,free,25-34,7.1.0,18.2
u_207947,2026-03-12,referral,Pakistan,Web,free,35-44,6.8.0,n/a
u_207948,2026-03-13,paid_social,India,iOS,free,18-24,7.0.1,16.5
u_207949,2026-04-18,paid_social,India,Android,free,25-34,7.0.1,12
u_207950,2026-04-13,paid_social,United Kingdom,Web,free,45+,7.0.1,n/a
u_207951,2026-03-31,organic_search,Pakistan,Web,free,18-24,6.8.0,n/a
u_207952,2026-06-14,influencer,Indonesia,iOS,free,25-34,7.1.0,17.4
u_207953,2026-05-14,paid_social,India,iOS,free,35-44,7.1.0,16.5
u_207954,2026-03-23,organic_search,Saudi Arabia,Android,free,18-24,6.9.0,12
u_207955,2026-04-21,app_store_browse,India,Android,free,25-34,7.0.1,12
u_207956,2026-03-26,influencer,India,Android,free,18-24,7.0.1,14
u_207957,2026-03-10,influencer,United Arab Emirates,iOS,free,18-24,6.9.2,18.2
u_207958,2026-03-22,app_store_browse,Pakistan,Android,free,18-24,7.1.0,13
u_207959,2026-05-28,paid_search,United Arab Emirates,Android,pro_annual,18-24,7.1.0,13
u_207960,2026-05-26,organic_search,Saudi Arabia,iOS,free,35-44,6.9.2,17.4
u_207961,2026-04-29,referral,Saudi Arabia,Android,free,35-44,6.9.0,15
u_207962,2026-05-23,influencer,Saudi Arabia,iOS,free,18-24,7.1.0,16.5
u_207963,2026-05-04,paid_search,United States,iOS,free,25-34,7.0.0,18.0
u_207964,2026-06-05,paid_social,United States,iOS,free,25-34,6.8.0,18.2
u_207965,2026-05-03,organic_search,United States,iOS,pro_monthly,18-24,6.9.0,16.5
u_207966,2026-03-14,referral,Nigeria,iOS,pro_annual,25-34,7.0.1,18.2
u_207967,2026-03-25,paid_search,United States,iOS,pro_monthly,25-34,6.9.0,16.5
u_207968,2026-03-06,paid_social,India,iOS,free,18-24,7.1.0,16.5
u_207969,2026-06-18,paid_social,Turkey,Android,free,18-24,7.1.0,15
u_207970,2026-05-14,influencer,United Kingdom,Web,free,25-34,7.1.0,n/a
u_207971,2026-03-15,paid_social,United Arab Emirates,Android,free,18-24,6.9.2,13
u_207972,2026-03-17,paid_search,United States,Android,free,45+,6.9.0,15
u_207973,2026-05-05,paid_social,India,iOS,free,35-44,6.9.2,16.5
u_207974,2026-03-15,paid_social,Brazil,Android,free,13-17,7.0.1,12
u_207975,2026-06-03,paid_search,United Kingdom,iOS,free,25-34,7.1.0,17.0
u_207976,2026-03-03,paid_social,United States,iOS,free,18-24,7.1.0,16.5
u_207977,2026-04-15,paid_social,Pakistan,iOS,free,25-34,6.9.2,18.0
u_207978,2026-06-05,organic_search,United Arab Emirates,iOS,free,35-44,6.9.2,16.5
u_207979,2026-05-13,paid_search,Pakistan,Android,free,25-34,7.1.0,15
u_207980,2026-06-20,referral,Brazil,iOS,enterprise,25-34,7.0.1,17.4
u_207981,2026-06-07,paid_social,India,Android,free,18-24,7.0.0,15
u_207982,2026-03-01,paid_social,United Kingdom,Android,free,13-17,6.9.0,12
u_207983,2026-06-01,paid_social,Philippines,iOS,pro_monthly,18-24,6.9.2,17.0
u_207984,2026-05-18,paid_social,Pakistan,Android,free,25-34,7.0.1,12
u_207985,2026-03-04,influencer,Indonesia,iOS,free,18-24,7.1.0,18.2
u_207986,2026-04-26,paid_social,Turkey,Android,free,25-34,7.0.1,13
u_207987,2026-06-04,referral,Saudi Arabia,Android,pro_monthly,45+,7.1.0,14
u_207988,2026-06-15,paid_search,United States,Android,free,25-34,6.9.2,12
u_207989,2026-05-29,referral,Nigeria,iOS,free,45+,7.1.0,18.0
u_207990,2026-04-29,paid_social,United Kingdom,Android,pro_monthly,35-44,7.0.1,13
u_207991,2026-04-19,app_store_browse,United States,Android,free,18-24,7.1.0,14
u_207992,2026-06-02,influencer,United Kingdom,Web,free,25-34,7.0.1,n/a
u_207993,2026-05-28,referral,India,Android,free,18-24,6.9.2,15
u_207994,2026-04-04,referral,Germany,Android,free,45+,7.1.0,13
u_207995,2026-03-01,app_store_browse,Philippines,Android,free,25-34,6.8.0,12
u_207996,2026-04-26,organic_search,United Kingdom,iOS,free,18-24,7.1.0,18.0
u_207997,2026-03-04,paid_social,United Kingdom,Android,free,18-24,7.1.0,13
u_207998,2026-03-21,paid_search,India,iOS,free,18-24,7.0.1,18.0
u_207999,2026-03-30,referral,Philippines,Android,free,18-24,6.8.0,14
