subscription_event_id,user_id,event_date,event_type,plan_name,price_usd
0,u_200000,2026-04-17,account_created,free,0.0
1,u_200001,2026-05-29,account_created,free,0.0
2,u_200002,2026-04-25,account_created,free,0.0
3,u_200003,2026-05-01,account_created,free,0.0
4,u_200003,2026-05-10,upgrade,pro_monthly,9.99
5,u_200004,2026-05-23,account_created,free,0.0
6,u_200005,2026-06-14,account_created,free,0.0
7,u_200006,2026-05-31,account_created,free,0.0
8,u_200007,2026-04-01,account_created,free,0.0
9,u_200008,2026-06-16,account_created,free,0.0
10,u_200008,2026-06-25,upgrade,pro_annual,79.99
11,u_200009,2026-04-18,account_created,free,0.0
12,u_200009,2026-04-21,upgrade,pro_annual,79.99
13,u_200010,2026-03-04,account_created,free,0.0
14,u_200011,2026-06-20,account_created,free,0.0
15,u_200012,2026-03-07,account_created,free,0.0
16,u_200013,2026-05-19,account_created,free,0.0
17,u_200014,2026-05-16,account_created,free,0.0
18,u_200015,2026-04-25,account_created,free,0.0
19,u_200016,2026-05-22,account_created,free,0.0
20,u_200017,2026-03-15,account_created,free,0.0
21,u_200018,2026-03-14,account_created,free,0.0
22,u_200018,2026-03-16,upgrade,pro_annual,79.99
23,u_200019,2026-05-22,account_created,free,0.0
24,u_200020,2026-05-29,account_created,free,0.0
25,u_200021,2026-05-04,account_created,free,0.0
26,u_200022,2026-04-10,account_created,free,0.0
27,u_200023,2026-06-01,account_created,free,0.0
28,u_200023,2026-06-07,upgrade,pro_monthly,9.99
29,u_200024,2026-03-25,account_created,free,0.0
30,u_200025,2026-05-01,account_created,free,0.0
31,u_200026,2026-03-09,account_created,free,0.0
32,u_200027,2026-04-13,account_created,free,0.0
33,u_200028,2026-05-10,account_created,free,0.0
34,u_200029,2026-05-31,account_created,free,0.0
35,u_200030,2026-05-10,account_created,free,0.0
36,u_200031,2026-05-24,account_created,free,0.0
37,u_200032,2026-05-11,account_created,free,0.0
38,u_200033,2026-03-09,account_created,free,0.0
39,u_200033,2026-03-16,upgrade,pro_monthly,9.99
40,u_200034,2026-04-19,account_created,free,0.0
41,u_200034,2026-04-21,upgrade,pro_monthly,9.99
42,u_200035,2026-04-20,account_created,free,0.0
43,u_200036,2026-06-18,account_created,free,0.0
44,u_200037,2026-04-11,account_created,free,0.0
45,u_200038,2026-04-16,account_created,free,0.0
46,u_200039,2026-05-20,account_created,free,0.0
47,u_200040,2026-06-21,account_created,free,0.0
48,u_200041,2026-06-02,account_created,free,0.0
49,u_200041,2026-06-04,upgrade,pro_monthly,9.99
50,u_200042,2026-03-21,account_created,free,0.0
51,u_200043,2026-06-11,account_created,free,0.0
52,u_200043,2026-06-13,upgrade,pro_monthly,9.99
53,u_200044,2026-03-29,account_created,free,0.0
54,u_200045,2026-05-11,account_created,free,0.0
55,u_200046,2026-04-01,account_created,free,0.0
56,u_200047,2026-05-16,account_created,free,0.0
57,u_200047,2026-05-22,upgrade,pro_annual,79.99
58,u_200048,2026-05-08,account_created,free,0.0
59,u_200049,2026-05-20,account_created,free,0.0
60,u_200050,2026-05-17,account_created,free,0.0
61,u_200051,2026-04-15,account_created,free,0.0
62,u_200052,2026-05-12,account_created,free,0.0
63,u_200053,2026-03-26,account_created,free,0.0
64,u_200053,2026-03-31,upgrade,pro_annual,79.99
65,u_200054,2026-05-26,account_created,free,0.0
66,u_200055,2026-06-10,account_created,free,0.0
67,u_200056,2026-05-19,account_created,free,0.0
68,u_200057,2026-05-05,account_created,free,0.0
69,u_200058,2026-03-27,account_created,free,0.0
70,u_200059,2026-05-14,account_created,free,0.0
71,u_200059,2026-05-16,upgrade,pro_annual,79.99
72,u_200060,2026-05-12,account_created,free,0.0
73,u_200061,2026-04-22,account_created,free,0.0
74,u_200062,2026-06-03,account_created,free,0.0
75,u_200063,2026-06-20,account_created,free,0.0
76,u_200063,2026-06-21,upgrade,pro_monthly,9.99
77,u_200064,2026-03-30,account_created,free,0.0
78,u_200065,2026-06-19,account_created,free,0.0
79,u_200066,2026-03-18,account_created,free,0.0
80,u_200067,2026-06-10,account_created,free,0.0
81,u_200067,2026-06-16,upgrade,pro_monthly,9.99
82,u_200068,2026-04-21,account_created,free,0.0
83,u_200069,2026-04-16,account_created,free,0.0
84,u_200070,2026-03-12,account_created,free,0.0
85,u_200071,2026-05-05,account_created,free,0.0
86,u_200072,2026-05-26,account_created,free,0.0
87,u_200073,2026-06-06,account_created,free,0.0
88,u_200074,2026-04-28,account_created,free,0.0
89,u_200075,2026-04-30,account_created,free,0.0
90,u_200076,2026-05-28,account_created,free,0.0
91,u_200077,2026-05-21,account_created,free,0.0
92,u_200078,2026-03-31,account_created,free,0.0
93,u_200079,2026-04-09,account_created,free,0.0
94,u_200080,2026-03-02,account_created,free,0.0
95,u_200081,2026-05-24,account_created,free,0.0
96,u_200082,2026-04-08,account_created,free,0.0
97,u_200083,2026-04-18,account_created,free,0.0
98,u_200084,2026-03-29,account_created,free,0.0
99,u_200085,2026-03-17,account_created,free,0.0
100,u_200086,2026-04-15,account_created,free,0.0
101,u_200086,2026-04-20,upgrade,pro_monthly,9.99
102,u_200087,2026-03-20,account_created,free,0.0
103,u_200088,2026-04-13,account_created,free,0.0
104,u_200089,2026-03-27,account_created,free,0.0
105,u_200090,2026-05-29,account_created,free,0.0
106,u_200091,2026-04-18,account_created,free,0.0
107,u_200092,2026-04-06,account_created,free,0.0
108,u_200093,2026-05-01,account_created,free,0.0
109,u_200094,2026-04-10,account_created,free,0.0
110,u_200094,2026-04-13,upgrade,pro_monthly,9.99
111,u_200095,2026-04-25,account_created,free,0.0
112,u_200096,2026-05-12,account_created,free,0.0
113,u_200096,2026-05-13,upgrade,pro_monthly,9.99
114,u_200096,2026-05-29,cancellation,pro_monthly,0.0
115,u_200097,2026-04-03,account_created,free,0.0
116,u_200098,2026-05-01,account_created,free,0.0
117,u_200099,2026-05-09,account_created,free,0.0
118,u_200100,2026-04-19,account_created,free,0.0
119,u_200100,2026-04-22,upgrade,pro_monthly,9.99
120,u_200100,2026-06-28,cancellation,pro_monthly,0.0
121,u_200101,2026-03-14,account_created,free,0.0
122,u_200102,2026-06-19,account_created,free,0.0
123,u_200103,2026-03-09,account_created,free,0.0
124,u_200104,2026-03-25,account_created,free,0.0
125,u_200105,2026-03-20,account_created,free,0.0
126,u_200106,2026-06-03,account_created,free,0.0
127,u_200107,2026-06-05,account_created,free,0.0
128,u_200108,2026-04-02,account_created,free,0.0
129,u_200109,2026-05-14,account_created,free,0.0
130,u_200110,2026-05-29,account_created,free,0.0
131,u_200110,2026-06-03,upgrade,pro_monthly,9.99
132,u_200111,2026-05-29,account_created,free,0.0
133,u_200111,2026-06-06,upgrade,pro_annual,79.99
134,u_200112,2026-04-18,account_created,free,0.0
135,u_200113,2026-06-06,account_created,free,0.0
136,u_200114,2026-04-18,account_created,free,0.0
137,u_200115,2026-03-02,account_created,free,0.0
138,u_200116,2026-04-10,account_created,free,0.0
139,u_200117,2026-03-01,account_created,free,0.0
140,u_200118,2026-03-05,account_created,free,0.0
141,u_200118,2026-03-09,upgrade,pro_monthly,9.99
142,u_200119,2026-05-28,account_created,free,0.0
143,u_200120,2026-05-18,account_created,free,0.0
144,u_200121,2026-04-28,account_created,free,0.0
145,u_200122,2026-03-27,account_created,free,0.0
146,u_200122,2026-03-31,upgrade,pro_monthly,9.99
147,u_200123,2026-05-20,account_created,free,0.0
148,u_200124,2026-03-10,account_created,free,0.0
149,u_200125,2026-05-28,account_created,free,0.0
150,u_200126,2026-04-13,account_created,free,0.0
151,u_200127,2026-03-30,account_created,free,0.0
152,u_200127,2026-04-06,upgrade,pro_annual,79.99
153,u_200128,2026-04-12,account_created,free,0.0
154,u_200129,2026-04-18,account_created,free,0.0
155,u_200130,2026-04-01,account_created,free,0.0
156,u_200131,2026-03-11,account_created,free,0.0
157,u_200132,2026-03-01,account_created,free,0.0
158,u_200133,2026-03-06,account_created,free,0.0
159,u_200134,2026-03-24,account_created,free,0.0
160,u_200135,2026-05-09,account_created,free,0.0
161,u_200136,2026-04-24,account_created,free,0.0
162,u_200137,2026-06-01,account_created,free,0.0
163,u_200137,2026-06-09,upgrade,pro_monthly,9.99
164,u_200138,2026-03-05,account_created,free,0.0
165,u_200139,2026-06-15,account_created,free,0.0
166,u_200140,2026-03-02,account_created,free,0.0
167,u_200141,2026-03-01,account_created,free,0.0
168,u_200142,2026-06-17,account_created,free,0.0
169,u_200143,2026-06-14,account_created,free,0.0
170,u_200144,2026-05-31,account_created,free,0.0
171,u_200144,2026-06-02,upgrade,pro_annual,79.99
172,u_200145,2026-06-13,account_created,free,0.0
173,u_200146,2026-05-01,account_created,free,0.0
174,u_200147,2026-05-13,account_created,free,0.0
175,u_200148,2026-03-19,account_created,free,0.0
176,u_200149,2026-06-07,account_created,free,0.0
177,u_200150,2026-05-28,account_created,free,0.0
178,u_200151,2026-04-18,account_created,free,0.0
179,u_200151,2026-04-20,upgrade,pro_monthly,9.99
180,u_200152,2026-03-01,account_created,free,0.0
181,u_200153,2026-05-09,account_created,free,0.0
182,u_200154,2026-03-26,account_created,free,0.0
183,u_200155,2026-03-10,account_created,free,0.0
184,u_200156,2026-03-06,account_created,free,0.0
185,u_200157,2026-03-03,account_created,free,0.0
186,u_200158,2026-05-27,account_created,free,0.0
187,u_200159,2026-04-11,account_created,free,0.0
188,u_200160,2026-03-11,account_created,free,0.0
189,u_200161,2026-03-26,account_created,free,0.0
190,u_200162,2026-04-24,account_created,free,0.0
191,u_200163,2026-06-10,account_created,free,0.0
192,u_200164,2026-03-23,account_created,free,0.0
193,u_200165,2026-06-21,account_created,free,0.0
194,u_200166,2026-04-22,account_created,free,0.0
195,u_200166,2026-04-26,upgrade,pro_monthly,9.99
196,u_200167,2026-06-03,account_created,free,0.0
197,u_200167,2026-06-09,upgrade,pro_monthly,9.99
198,u_200168,2026-06-13,account_created,free,0.0
199,u_200169,2026-03-06,account_created,free,0.0
200,u_200170,2026-04-15,account_created,free,0.0
201,u_200171,2026-05-26,account_created,free,0.0
202,u_200172,2026-06-08,account_created,free,0.0
203,u_200172,2026-06-16,upgrade,pro_monthly,9.99
204,u_200173,2026-03-05,account_created,free,0.0
205,u_200174,2026-03-31,account_created,free,0.0
206,u_200175,2026-03-28,account_created,free,0.0
207,u_200176,2026-03-22,account_created,free,0.0
208,u_200177,2026-03-30,account_created,free,0.0
209,u_200178,2026-03-27,account_created,free,0.0
210,u_200178,2026-03-29,upgrade,enterprise,299.0
211,u_200179,2026-03-25,account_created,free,0.0
212,u_200180,2026-03-09,account_created,free,0.0
213,u_200181,2026-03-16,account_created,free,0.0
214,u_200182,2026-05-04,account_created,free,0.0
215,u_200183,2026-06-02,account_created,free,0.0
216,u_200184,2026-04-09,account_created,free,0.0
217,u_200185,2026-04-17,account_created,free,0.0
218,u_200186,2026-06-05,account_created,free,0.0
219,u_200186,2026-06-06,upgrade,pro_monthly,9.99
220,u_200187,2026-04-02,account_created,free,0.0
221,u_200187,2026-04-06,upgrade,pro_monthly,9.99
222,u_200187,2026-06-01,cancellation,pro_monthly,0.0
223,u_200188,2026-06-10,account_created,free,0.0
224,u_200189,2026-03-06,account_created,free,0.0
225,u_200190,2026-03-11,account_created,free,0.0
226,u_200191,2026-06-17,account_created,free,0.0
227,u_200192,2026-04-01,account_created,free,0.0
228,u_200193,2026-05-26,account_created,free,0.0
229,u_200194,2026-03-18,account_created,free,0.0
230,u_200194,2026-03-24,upgrade,pro_monthly,9.99
231,u_200195,2026-05-03,account_created,free,0.0
232,u_200196,2026-06-21,account_created,free,0.0
233,u_200197,2026-06-10,account_created,free,0.0
234,u_200198,2026-04-25,account_created,free,0.0
235,u_200199,2026-04-12,account_created,free,0.0
236,u_200199,2026-04-13,upgrade,pro_monthly,9.99
237,u_200200,2026-03-30,account_created,free,0.0
238,u_200201,2026-03-07,account_created,free,0.0
239,u_200202,2026-05-18,account_created,free,0.0
240,u_200202,2026-05-22,upgrade,pro_annual,79.99
241,u_200203,2026-05-23,account_created,free,0.0
242,u_200204,2026-06-02,account_created,free,0.0
243,u_200205,2026-04-22,account_created,free,0.0
244,u_200206,2026-05-11,account_created,free,0.0
245,u_200206,2026-05-17,upgrade,pro_monthly,9.99
246,u_200207,2026-04-22,account_created,free,0.0
247,u_200208,2026-04-08,account_created,free,0.0
248,u_200209,2026-04-10,account_created,free,0.0
249,u_200210,2026-04-07,account_created,free,0.0
250,u_200211,2026-06-11,account_created,free,0.0
251,u_200212,2026-06-15,account_created,free,0.0
252,u_200213,2026-05-03,account_created,free,0.0
253,u_200214,2026-03-19,account_created,free,0.0
254,u_200215,2026-05-23,account_created,free,0.0
255,u_200216,2026-05-05,account_created,free,0.0
256,u_200217,2026-03-30,account_created,free,0.0
257,u_200218,2026-05-15,account_created,free,0.0
258,u_200219,2026-03-07,account_created,free,0.0
259,u_200220,2026-03-17,account_created,free,0.0
260,u_200221,2026-04-14,account_created,free,0.0
261,u_200221,2026-04-22,upgrade,pro_monthly,9.99
262,u_200222,2026-03-28,account_created,free,0.0
263,u_200223,2026-03-28,account_created,free,0.0
264,u_200224,2026-03-30,account_created,free,0.0
265,u_200225,2026-03-12,account_created,free,0.0
266,u_200226,2026-05-01,account_created,free,0.0
267,u_200227,2026-04-16,account_created,free,0.0
268,u_200228,2026-03-21,account_created,free,0.0
269,u_200228,2026-03-24,upgrade,pro_monthly,9.99
270,u_200229,2026-06-09,account_created,free,0.0
271,u_200230,2026-03-22,account_created,free,0.0
272,u_200231,2026-03-11,account_created,free,0.0
273,u_200231,2026-03-12,upgrade,pro_annual,79.99
274,u_200232,2026-03-10,account_created,free,0.0
275,u_200233,2026-03-11,account_created,free,0.0
276,u_200234,2026-05-21,account_created,free,0.0
277,u_200234,2026-05-28,upgrade,enterprise,299.0
278,u_200235,2026-04-11,account_created,free,0.0
279,u_200235,2026-04-15,upgrade,pro_monthly,9.99
280,u_200236,2026-03-14,account_created,free,0.0
281,u_200237,2026-06-19,account_created,free,0.0
282,u_200237,2026-06-24,upgrade,pro_monthly,9.99
283,u_200238,2026-05-04,account_created,free,0.0
284,u_200239,2026-06-03,account_created,free,0.0
285,u_200240,2026-04-02,account_created,free,0.0
286,u_200240,2026-04-05,upgrade,pro_monthly,9.99
287,u_200240,2026-05-10,cancellation,pro_monthly,0.0
288,u_200241,2026-05-27,account_created,free,0.0
289,u_200241,2026-05-29,upgrade,pro_monthly,9.99
290,u_200242,2026-05-24,account_created,free,0.0
291,u_200243,2026-06-16,account_created,free,0.0
292,u_200244,2026-03-01,account_created,free,0.0
293,u_200245,2026-04-12,account_created,free,0.0
294,u_200246,2026-03-15,account_created,free,0.0
295,u_200247,2026-05-14,account_created,free,0.0
296,u_200248,2026-04-16,account_created,free,0.0
297,u_200248,2026-04-21,upgrade,pro_annual,79.99
298,u_200249,2026-04-28,account_created,free,0.0
299,u_200250,2026-03-23,account_created,free,0.0
300,u_200251,2026-06-02,account_created,free,0.0
301,u_200252,2026-03-09,account_created,free,0.0
302,u_200253,2026-03-09,account_created,free,0.0
303,u_200254,2026-06-08,account_created,free,0.0
304,u_200255,2026-06-06,account_created,free,0.0
305,u_200255,2026-06-12,upgrade,pro_monthly,9.99
306,u_200256,2026-04-24,account_created,free,0.0
307,u_200257,2026-04-07,account_created,free,0.0
308,u_200258,2026-06-18,account_created,free,0.0
309,u_200259,2026-06-16,account_created,free,0.0
310,u_200260,2026-04-12,account_created,free,0.0
311,u_200261,2026-03-27,account_created,free,0.0
312,u_200262,2026-05-04,account_created,free,0.0
313,u_200263,2026-03-22,account_created,free,0.0
314,u_200264,2026-05-18,account_created,free,0.0
315,u_200265,2026-04-24,account_created,free,0.0
316,u_200266,2026-04-05,account_created,free,0.0
317,u_200267,2026-06-01,account_created,free,0.0
318,u_200268,2026-03-26,account_created,free,0.0
319,u_200269,2026-06-16,account_created,free,0.0
320,u_200270,2026-03-15,account_created,free,0.0
321,u_200271,2026-04-09,account_created,free,0.0
322,u_200271,2026-04-10,upgrade,pro_monthly,9.99
323,u_200272,2026-04-09,account_created,free,0.0
324,u_200273,2026-05-31,account_created,free,0.0
325,u_200274,2026-04-15,account_created,free,0.0
326,u_200275,2026-05-13,account_created,free,0.0
327,u_200276,2026-05-19,account_created,free,0.0
328,u_200277,2026-06-06,account_created,free,0.0
329,u_200278,2026-04-20,account_created,free,0.0
330,u_200279,2026-05-21,account_created,free,0.0
331,u_200280,2026-03-01,account_created,free,0.0
332,u_200280,2026-03-02,upgrade,pro_monthly,9.99
333,u_200281,2026-05-11,account_created,free,0.0
334,u_200282,2026-04-11,account_created,free,0.0
335,u_200283,2026-06-03,account_created,free,0.0
336,u_200284,2026-06-08,account_created,free,0.0
337,u_200284,2026-06-10,upgrade,pro_annual,79.99
338,u_200285,2026-04-22,account_created,free,0.0
339,u_200285,2026-04-26,upgrade,enterprise,299.0
340,u_200286,2026-05-09,account_created,free,0.0
341,u_200287,2026-04-23,account_created,free,0.0
342,u_200288,2026-03-30,account_created,free,0.0
343,u_200288,2026-04-04,upgrade,pro_annual,79.99
344,u_200289,2026-06-09,account_created,free,0.0
345,u_200290,2026-06-16,account_created,free,0.0
346,u_200291,2026-06-03,account_created,free,0.0
347,u_200292,2026-04-14,account_created,free,0.0
348,u_200293,2026-05-19,account_created,free,0.0
349,u_200294,2026-06-13,account_created,free,0.0
350,u_200295,2026-05-21,account_created,free,0.0
351,u_200296,2026-03-14,account_created,free,0.0
352,u_200297,2026-03-20,account_created,free,0.0
353,u_200298,2026-05-10,account_created,free,0.0
354,u_200299,2026-05-22,account_created,free,0.0
355,u_200300,2026-05-13,account_created,free,0.0
356,u_200301,2026-06-15,account_created,free,0.0
357,u_200302,2026-06-10,account_created,free,0.0
358,u_200303,2026-05-26,account_created,free,0.0
359,u_200304,2026-05-16,account_created,free,0.0
360,u_200305,2026-04-29,account_created,free,0.0
361,u_200305,2026-05-08,upgrade,pro_annual,79.99
362,u_200306,2026-04-13,account_created,free,0.0
363,u_200307,2026-05-03,account_created,free,0.0
364,u_200308,2026-03-27,account_created,free,0.0
365,u_200309,2026-06-09,account_created,free,0.0
366,u_200310,2026-06-20,account_created,free,0.0
367,u_200311,2026-06-18,account_created,free,0.0
368,u_200312,2026-05-25,account_created,free,0.0
369,u_200312,2026-06-01,upgrade,pro_monthly,9.99
370,u_200313,2026-03-14,account_created,free,0.0
371,u_200314,2026-04-22,account_created,free,0.0
372,u_200314,2026-04-23,upgrade,pro_monthly,9.99
373,u_200314,2026-05-28,cancellation,pro_monthly,0.0
374,u_200315,2026-03-28,account_created,free,0.0
375,u_200316,2026-04-27,account_created,free,0.0
376,u_200316,2026-04-30,upgrade,enterprise,299.0
377,u_200317,2026-06-15,account_created,free,0.0
378,u_200318,2026-05-22,account_created,free,0.0
379,u_200319,2026-04-18,account_created,free,0.0
380,u_200319,2026-04-27,upgrade,pro_monthly,9.99
381,u_200320,2026-04-21,account_created,free,0.0
382,u_200321,2026-03-21,account_created,free,0.0
383,u_200322,2026-03-23,account_created,free,0.0
384,u_200323,2026-05-14,account_created,free,0.0
385,u_200324,2026-05-09,account_created,free,0.0
386,u_200325,2026-03-21,account_created,free,0.0
387,u_200326,2026-06-12,account_created,free,0.0
388,u_200327,2026-03-04,account_created,free,0.0
389,u_200328,2026-04-29,account_created,free,0.0
390,u_200329,2026-03-24,account_created,free,0.0
391,u_200329,2026-04-02,upgrade,pro_monthly,9.99
392,u_200330,2026-05-07,account_created,free,0.0
393,u_200331,2026-03-08,account_created,free,0.0
394,u_200332,2026-05-16,account_created,free,0.0
395,u_200333,2026-05-21,account_created,free,0.0
396,u_200334,2026-06-05,account_created,free,0.0
397,u_200335,2026-04-04,account_created,free,0.0
398,u_200336,2026-03-15,account_created,free,0.0
399,u_200336,2026-03-23,upgrade,pro_monthly,9.99
400,u_200337,2026-05-14,account_created,free,0.0
401,u_200338,2026-05-06,account_created,free,0.0
402,u_200339,2026-04-22,account_created,free,0.0
403,u_200340,2026-03-07,account_created,free,0.0
404,u_200341,2026-05-03,account_created,free,0.0
405,u_200342,2026-06-21,account_created,free,0.0
406,u_200343,2026-06-14,account_created,free,0.0
407,u_200344,2026-03-04,account_created,free,0.0
408,u_200345,2026-06-11,account_created,free,0.0
409,u_200346,2026-06-20,account_created,free,0.0
410,u_200346,2026-06-28,upgrade,pro_monthly,9.99
411,u_200347,2026-06-03,account_created,free,0.0
412,u_200348,2026-03-17,account_created,free,0.0
413,u_200348,2026-03-24,upgrade,pro_monthly,9.99
414,u_200349,2026-04-23,account_created,free,0.0
415,u_200350,2026-04-22,account_created,free,0.0
416,u_200351,2026-03-25,account_created,free,0.0
417,u_200352,2026-04-09,account_created,free,0.0
418,u_200353,2026-03-27,account_created,free,0.0
419,u_200354,2026-05-26,account_created,free,0.0
420,u_200355,2026-04-27,account_created,free,0.0
421,u_200356,2026-03-13,account_created,free,0.0
422,u_200357,2026-04-03,account_created,free,0.0
423,u_200357,2026-04-10,upgrade,pro_monthly,9.99
424,u_200358,2026-03-10,account_created,free,0.0
425,u_200359,2026-03-23,account_created,free,0.0
426,u_200360,2026-03-31,account_created,free,0.0
427,u_200361,2026-05-11,account_created,free,0.0
428,u_200362,2026-05-14,account_created,free,0.0
429,u_200363,2026-06-14,account_created,free,0.0
430,u_200364,2026-03-16,account_created,free,0.0
431,u_200365,2026-05-04,account_created,free,0.0
432,u_200366,2026-06-09,account_created,free,0.0
433,u_200366,2026-06-12,upgrade,pro_monthly,9.99
434,u_200367,2026-04-22,account_created,free,0.0
435,u_200368,2026-06-08,account_created,free,0.0
436,u_200369,2026-06-10,account_created,free,0.0
437,u_200369,2026-06-16,upgrade,pro_annual,79.99
438,u_200370,2026-04-03,account_created,free,0.0
439,u_200371,2026-03-08,account_created,free,0.0
440,u_200372,2026-05-27,account_created,free,0.0
441,u_200373,2026-05-07,account_created,free,0.0
442,u_200374,2026-06-07,account_created,free,0.0
443,u_200375,2026-05-23,account_created,free,0.0
444,u_200375,2026-05-25,upgrade,pro_monthly,9.99
445,u_200376,2026-03-28,account_created,free,0.0
446,u_200377,2026-03-09,account_created,free,0.0
447,u_200377,2026-03-15,upgrade,pro_annual,79.99
448,u_200377,2026-03-27,cancellation,pro_annual,0.0
449,u_200378,2026-06-01,account_created,free,0.0
450,u_200378,2026-06-02,upgrade,pro_annual,79.99
451,u_200379,2026-04-25,account_created,free,0.0
452,u_200379,2026-05-01,upgrade,pro_annual,79.99
453,u_200380,2026-03-29,account_created,free,0.0
454,u_200381,2026-04-27,account_created,free,0.0
455,u_200382,2026-04-17,account_created,free,0.0
456,u_200383,2026-03-04,account_created,free,0.0
457,u_200384,2026-03-16,account_created,free,0.0
458,u_200385,2026-05-18,account_created,free,0.0
459,u_200386,2026-03-15,account_created,free,0.0
460,u_200387,2026-05-19,account_created,free,0.0
461,u_200388,2026-03-09,account_created,free,0.0
462,u_200388,2026-03-14,upgrade,pro_monthly,9.99
463,u_200389,2026-06-18,account_created,free,0.0
464,u_200390,2026-04-05,account_created,free,0.0
465,u_200391,2026-05-01,account_created,free,0.0
466,u_200392,2026-06-06,account_created,free,0.0
467,u_200393,2026-05-06,account_created,free,0.0
468,u_200394,2026-04-04,account_created,free,0.0
469,u_200395,2026-06-04,account_created,free,0.0
470,u_200396,2026-03-30,account_created,free,0.0
471,u_200397,2026-03-21,account_created,free,0.0
472,u_200397,2026-03-30,upgrade,pro_monthly,9.99
473,u_200398,2026-04-11,account_created,free,0.0
474,u_200399,2026-03-27,account_created,free,0.0
475,u_200400,2026-05-26,account_created,free,0.0
476,u_200401,2026-04-07,account_created,free,0.0
477,u_200401,2026-04-16,upgrade,pro_annual,79.99
478,u_200402,2026-03-16,account_created,free,0.0
479,u_200403,2026-03-25,account_created,free,0.0
480,u_200403,2026-03-29,upgrade,pro_monthly,9.99
481,u_200404,2026-05-04,account_created,free,0.0
482,u_200405,2026-03-15,account_created,free,0.0
483,u_200406,2026-05-17,account_created,free,0.0
484,u_200407,2026-05-12,account_created,free,0.0
485,u_200408,2026-04-28,account_created,free,0.0
486,u_200409,2026-04-29,account_created,free,0.0
487,u_200410,2026-05-17,account_created,free,0.0
488,u_200411,2026-04-05,account_created,free,0.0
489,u_200412,2026-06-07,account_created,free,0.0
490,u_200413,2026-05-25,account_created,free,0.0
491,u_200414,2026-06-05,account_created,free,0.0
492,u_200415,2026-05-10,account_created,free,0.0
493,u_200416,2026-03-16,account_created,free,0.0
494,u_200417,2026-06-11,account_created,free,0.0
495,u_200418,2026-04-12,account_created,free,0.0
496,u_200419,2026-04-20,account_created,free,0.0
497,u_200420,2026-06-09,account_created,free,0.0
498,u_200421,2026-05-24,account_created,free,0.0
499,u_200422,2026-03-14,account_created,free,0.0
500,u_200423,2026-03-26,account_created,free,0.0
501,u_200424,2026-04-07,account_created,free,0.0
502,u_200425,2026-05-23,account_created,free,0.0
503,u_200426,2026-03-18,account_created,free,0.0
504,u_200427,2026-05-17,account_created,free,0.0
505,u_200428,2026-05-11,account_created,free,0.0
506,u_200428,2026-05-15,upgrade,pro_annual,79.99
507,u_200429,2026-06-07,account_created,free,0.0
508,u_200429,2026-06-16,upgrade,pro_annual,79.99
509,u_200430,2026-03-31,account_created,free,0.0
510,u_200431,2026-04-26,account_created,free,0.0
511,u_200432,2026-05-11,account_created,free,0.0
512,u_200433,2026-06-21,account_created,free,0.0
513,u_200434,2026-05-08,account_created,free,0.0
514,u_200434,2026-05-13,upgrade,pro_annual,79.99
515,u_200435,2026-06-05,account_created,free,0.0
516,u_200436,2026-05-13,account_created,free,0.0
517,u_200437,2026-03-15,account_created,free,0.0
518,u_200438,2026-05-18,account_created,free,0.0
519,u_200439,2026-04-18,account_created,free,0.0
520,u_200440,2026-03-17,account_created,free,0.0
521,u_200441,2026-03-29,account_created,free,0.0
522,u_200442,2026-03-01,account_created,free,0.0
523,u_200443,2026-05-21,account_created,free,0.0
524,u_200444,2026-03-31,account_created,free,0.0
525,u_200445,2026-03-29,account_created,free,0.0
526,u_200446,2026-05-25,account_created,free,0.0
527,u_200447,2026-03-01,account_created,free,0.0
528,u_200448,2026-05-12,account_created,free,0.0
529,u_200449,2026-04-20,account_created,free,0.0
530,u_200450,2026-04-17,account_created,free,0.0
531,u_200451,2026-04-21,account_created,free,0.0
532,u_200452,2026-05-20,account_created,free,0.0
533,u_200453,2026-03-29,account_created,free,0.0
534,u_200454,2026-04-07,account_created,free,0.0
535,u_200455,2026-05-05,account_created,free,0.0
536,u_200456,2026-05-25,account_created,free,0.0
537,u_200457,2026-04-04,account_created,free,0.0
538,u_200457,2026-04-05,upgrade,enterprise,299.0
539,u_200458,2026-03-30,account_created,free,0.0
540,u_200459,2026-06-03,account_created,free,0.0
541,u_200459,2026-06-10,upgrade,pro_monthly,9.99
542,u_200460,2026-04-14,account_created,free,0.0
543,u_200461,2026-06-14,account_created,free,0.0
544,u_200462,2026-04-30,account_created,free,0.0
545,u_200463,2026-03-14,account_created,free,0.0
546,u_200464,2026-04-26,account_created,free,0.0
547,u_200465,2026-05-06,account_created,free,0.0
548,u_200466,2026-04-20,account_created,free,0.0
549,u_200466,2026-04-26,upgrade,pro_monthly,9.99
550,u_200466,2026-06-13,cancellation,pro_monthly,0.0
551,u_200467,2026-06-07,account_created,free,0.0
552,u_200468,2026-05-12,account_created,free,0.0
553,u_200469,2026-04-07,account_created,free,0.0
554,u_200470,2026-05-15,account_created,free,0.0
555,u_200471,2026-04-17,account_created,free,0.0
556,u_200472,2026-04-22,account_created,free,0.0
557,u_200472,2026-04-30,upgrade,pro_monthly,9.99
558,u_200472,2026-06-07,cancellation,pro_monthly,0.0
559,u_200473,2026-06-19,account_created,free,0.0
560,u_200474,2026-04-06,account_created,free,0.0
561,u_200474,2026-04-07,upgrade,pro_monthly,9.99
562,u_200475,2026-03-01,account_created,free,0.0
563,u_200476,2026-05-08,account_created,free,0.0
564,u_200477,2026-05-24,account_created,free,0.0
565,u_200477,2026-05-28,upgrade,pro_monthly,9.99
566,u_200478,2026-06-20,account_created,free,0.0
567,u_200478,2026-06-25,upgrade,pro_monthly,9.99
568,u_200479,2026-04-14,account_created,free,0.0
569,u_200480,2026-04-01,account_created,free,0.0
570,u_200481,2026-03-22,account_created,free,0.0
571,u_200482,2026-04-27,account_created,free,0.0
572,u_200483,2026-05-06,account_created,free,0.0
573,u_200483,2026-05-07,upgrade,pro_monthly,9.99
574,u_200484,2026-06-18,account_created,free,0.0
575,u_200485,2026-06-20,account_created,free,0.0
576,u_200486,2026-04-01,account_created,free,0.0
577,u_200487,2026-06-20,account_created,free,0.0
578,u_200487,2026-06-27,upgrade,pro_annual,79.99
579,u_200488,2026-04-15,account_created,free,0.0
580,u_200488,2026-04-17,upgrade,pro_monthly,9.99
581,u_200489,2026-04-18,account_created,free,0.0
582,u_200490,2026-03-26,account_created,free,0.0
583,u_200491,2026-05-05,account_created,free,0.0
584,u_200492,2026-05-07,account_created,free,0.0
585,u_200492,2026-05-09,upgrade,pro_monthly,9.99
586,u_200493,2026-06-19,account_created,free,0.0
587,u_200494,2026-03-13,account_created,free,0.0
588,u_200495,2026-03-17,account_created,free,0.0
589,u_200496,2026-03-31,account_created,free,0.0
590,u_200497,2026-03-03,account_created,free,0.0
591,u_200498,2026-05-26,account_created,free,0.0
592,u_200499,2026-03-01,account_created,free,0.0
593,u_200499,2026-03-05,upgrade,pro_monthly,9.99
594,u_200500,2026-05-21,account_created,free,0.0
595,u_200501,2026-06-11,account_created,free,0.0
596,u_200502,2026-06-19,account_created,free,0.0
597,u_200502,2026-06-28,upgrade,pro_annual,79.99
598,u_200503,2026-03-07,account_created,free,0.0
599,u_200504,2026-05-10,account_created,free,0.0
600,u_200505,2026-03-05,account_created,free,0.0
601,u_200505,2026-03-10,upgrade,pro_annual,79.99
602,u_200505,2026-05-06,cancellation,pro_annual,0.0
603,u_200506,2026-04-23,account_created,free,0.0
604,u_200507,2026-05-21,account_created,free,0.0
605,u_200507,2026-05-30,upgrade,pro_annual,79.99
606,u_200508,2026-05-20,account_created,free,0.0
607,u_200509,2026-05-19,account_created,free,0.0
608,u_200510,2026-04-15,account_created,free,0.0
609,u_200511,2026-04-04,account_created,free,0.0
610,u_200512,2026-06-12,account_created,free,0.0
611,u_200513,2026-05-20,account_created,free,0.0
612,u_200513,2026-05-23,upgrade,pro_annual,79.99
613,u_200513,2026-06-05,cancellation,pro_annual,0.0
614,u_200514,2026-04-05,account_created,free,0.0
615,u_200515,2026-04-14,account_created,free,0.0
616,u_200516,2026-05-11,account_created,free,0.0
617,u_200517,2026-05-06,account_created,free,0.0
618,u_200518,2026-05-23,account_created,free,0.0
619,u_200518,2026-05-26,upgrade,pro_annual,79.99
620,u_200519,2026-06-18,account_created,free,0.0
621,u_200520,2026-04-06,account_created,free,0.0
622,u_200520,2026-04-11,upgrade,pro_monthly,9.99
623,u_200521,2026-04-20,account_created,free,0.0
624,u_200522,2026-05-15,account_created,free,0.0
625,u_200523,2026-04-23,account_created,free,0.0
626,u_200524,2026-04-14,account_created,free,0.0
627,u_200525,2026-04-29,account_created,free,0.0
628,u_200526,2026-05-23,account_created,free,0.0
629,u_200527,2026-04-15,account_created,free,0.0
630,u_200528,2026-03-19,account_created,free,0.0
631,u_200529,2026-03-23,account_created,free,0.0
632,u_200530,2026-03-10,account_created,free,0.0
633,u_200531,2026-03-05,account_created,free,0.0
634,u_200532,2026-04-10,account_created,free,0.0
635,u_200533,2026-03-14,account_created,free,0.0
636,u_200534,2026-03-07,account_created,free,0.0
637,u_200534,2026-03-15,upgrade,pro_monthly,9.99
638,u_200535,2026-04-30,account_created,free,0.0
639,u_200536,2026-03-17,account_created,free,0.0
640,u_200537,2026-05-25,account_created,free,0.0
641,u_200537,2026-05-26,upgrade,pro_monthly,9.99
642,u_200538,2026-05-28,account_created,free,0.0
643,u_200539,2026-05-17,account_created,free,0.0
644,u_200540,2026-03-30,account_created,free,0.0
645,u_200541,2026-04-14,account_created,free,0.0
646,u_200542,2026-05-14,account_created,free,0.0
647,u_200543,2026-06-08,account_created,free,0.0
648,u_200544,2026-06-16,account_created,free,0.0
649,u_200545,2026-05-31,account_created,free,0.0
650,u_200546,2026-04-11,account_created,free,0.0
651,u_200547,2026-05-16,account_created,free,0.0
652,u_200547,2026-05-25,upgrade,pro_annual,79.99
653,u_200548,2026-03-19,account_created,free,0.0
654,u_200548,2026-03-27,upgrade,pro_monthly,9.99
655,u_200549,2026-05-20,account_created,free,0.0
656,u_200550,2026-05-07,account_created,free,0.0
657,u_200550,2026-05-09,upgrade,pro_monthly,9.99
658,u_200551,2026-05-13,account_created,free,0.0
659,u_200552,2026-06-01,account_created,free,0.0
660,u_200553,2026-03-26,account_created,free,0.0
661,u_200554,2026-04-06,account_created,free,0.0
662,u_200555,2026-05-24,account_created,free,0.0
663,u_200556,2026-05-29,account_created,free,0.0
664,u_200557,2026-03-15,account_created,free,0.0
665,u_200558,2026-03-09,account_created,free,0.0
666,u_200559,2026-03-26,account_created,free,0.0
667,u_200559,2026-03-29,upgrade,pro_monthly,9.99
668,u_200560,2026-05-28,account_created,free,0.0
669,u_200561,2026-06-11,account_created,free,0.0
670,u_200562,2026-04-27,account_created,free,0.0
671,u_200563,2026-03-30,account_created,free,0.0
672,u_200563,2026-04-02,upgrade,pro_monthly,9.99
673,u_200564,2026-03-09,account_created,free,0.0
674,u_200565,2026-03-31,account_created,free,0.0
675,u_200566,2026-05-16,account_created,free,0.0
676,u_200567,2026-04-21,account_created,free,0.0
677,u_200567,2026-04-22,upgrade,enterprise,299.0
678,u_200568,2026-03-10,account_created,free,0.0
679,u_200569,2026-05-26,account_created,free,0.0
680,u_200569,2026-05-31,upgrade,pro_monthly,9.99
681,u_200570,2026-05-12,account_created,free,0.0
682,u_200571,2026-06-01,account_created,free,0.0
683,u_200572,2026-03-18,account_created,free,0.0
684,u_200573,2026-06-01,account_created,free,0.0
685,u_200574,2026-05-14,account_created,free,0.0
686,u_200575,2026-06-08,account_created,free,0.0
687,u_200576,2026-04-09,account_created,free,0.0
688,u_200577,2026-04-04,account_created,free,0.0
689,u_200577,2026-04-12,upgrade,pro_annual,79.99
690,u_200578,2026-05-21,account_created,free,0.0
691,u_200578,2026-05-26,upgrade,pro_monthly,9.99
692,u_200579,2026-06-11,account_created,free,0.0
693,u_200580,2026-03-15,account_created,free,0.0
694,u_200580,2026-03-21,upgrade,pro_monthly,9.99
695,u_200580,2026-04-01,cancellation,pro_monthly,0.0
696,u_200581,2026-05-14,account_created,free,0.0
697,u_200582,2026-03-03,account_created,free,0.0
698,u_200582,2026-03-07,upgrade,pro_annual,79.99
699,u_200583,2026-03-10,account_created,free,0.0
700,u_200584,2026-03-04,account_created,free,0.0
701,u_200585,2026-06-15,account_created,free,0.0
702,u_200586,2026-03-02,account_created,free,0.0
703,u_200587,2026-05-08,account_created,free,0.0
704,u_200587,2026-05-16,upgrade,pro_annual,79.99
705,u_200588,2026-06-21,account_created,free,0.0
706,u_200588,2026-06-22,upgrade,pro_annual,79.99
707,u_200589,2026-06-13,account_created,free,0.0
708,u_200590,2026-05-20,account_created,free,0.0
709,u_200591,2026-04-28,account_created,free,0.0
710,u_200591,2026-05-02,upgrade,enterprise,299.0
711,u_200592,2026-03-30,account_created,free,0.0
712,u_200592,2026-03-31,upgrade,pro_monthly,9.99
713,u_200593,2026-05-31,account_created,free,0.0
714,u_200594,2026-06-13,account_created,free,0.0
715,u_200595,2026-03-16,account_created,free,0.0
716,u_200596,2026-03-09,account_created,free,0.0
717,u_200597,2026-03-21,account_created,free,0.0
718,u_200598,2026-05-13,account_created,free,0.0
719,u_200599,2026-05-27,account_created,free,0.0
720,u_200600,2026-03-21,account_created,free,0.0
721,u_200601,2026-03-09,account_created,free,0.0
722,u_200602,2026-03-03,account_created,free,0.0
723,u_200603,2026-03-19,account_created,free,0.0
724,u_200604,2026-03-07,account_created,free,0.0
725,u_200605,2026-03-21,account_created,free,0.0
726,u_200606,2026-06-07,account_created,free,0.0
727,u_200607,2026-03-08,account_created,free,0.0
728,u_200608,2026-04-05,account_created,free,0.0
729,u_200609,2026-03-29,account_created,free,0.0
730,u_200610,2026-03-05,account_created,free,0.0
731,u_200611,2026-06-17,account_created,free,0.0
732,u_200611,2026-06-26,upgrade,pro_monthly,9.99
733,u_200612,2026-06-14,account_created,free,0.0
734,u_200613,2026-06-08,account_created,free,0.0
735,u_200614,2026-03-12,account_created,free,0.0
736,u_200615,2026-05-10,account_created,free,0.0
737,u_200616,2026-03-08,account_created,free,0.0
738,u_200617,2026-03-22,account_created,free,0.0
739,u_200618,2026-05-21,account_created,free,0.0
740,u_200619,2026-03-13,account_created,free,0.0
741,u_200620,2026-04-15,account_created,free,0.0
742,u_200621,2026-05-22,account_created,free,0.0
743,u_200622,2026-05-15,account_created,free,0.0
744,u_200623,2026-05-18,account_created,free,0.0
745,u_200624,2026-04-28,account_created,free,0.0
746,u_200625,2026-06-11,account_created,free,0.0
747,u_200626,2026-03-25,account_created,free,0.0
748,u_200627,2026-04-18,account_created,free,0.0
749,u_200628,2026-06-06,account_created,free,0.0
750,u_200629,2026-06-12,account_created,free,0.0
751,u_200630,2026-04-19,account_created,free,0.0
752,u_200631,2026-06-16,account_created,free,0.0
753,u_200632,2026-03-13,account_created,free,0.0
754,u_200633,2026-03-23,account_created,free,0.0
755,u_200633,2026-03-27,upgrade,pro_monthly,9.99
756,u_200634,2026-04-28,account_created,free,0.0
757,u_200635,2026-05-13,account_created,free,0.0
758,u_200635,2026-05-14,upgrade,enterprise,299.0
759,u_200636,2026-04-25,account_created,free,0.0
760,u_200637,2026-06-06,account_created,free,0.0
761,u_200638,2026-03-21,account_created,free,0.0
762,u_200639,2026-06-13,account_created,free,0.0
763,u_200640,2026-05-24,account_created,free,0.0
764,u_200641,2026-03-30,account_created,free,0.0
765,u_200642,2026-03-25,account_created,free,0.0
766,u_200643,2026-06-19,account_created,free,0.0
767,u_200644,2026-04-28,account_created,free,0.0
768,u_200645,2026-03-29,account_created,free,0.0
769,u_200645,2026-04-02,upgrade,pro_monthly,9.99
770,u_200646,2026-05-22,account_created,free,0.0
771,u_200647,2026-04-13,account_created,free,0.0
772,u_200648,2026-03-23,account_created,free,0.0
773,u_200649,2026-06-13,account_created,free,0.0
774,u_200650,2026-03-30,account_created,free,0.0
775,u_200650,2026-04-01,upgrade,pro_monthly,9.99
776,u_200651,2026-04-17,account_created,free,0.0
777,u_200652,2026-05-02,account_created,free,0.0
778,u_200653,2026-06-13,account_created,free,0.0
779,u_200654,2026-03-31,account_created,free,0.0
780,u_200655,2026-04-11,account_created,free,0.0
781,u_200656,2026-06-14,account_created,free,0.0
782,u_200657,2026-03-02,account_created,free,0.0
783,u_200657,2026-03-11,upgrade,pro_monthly,9.99
784,u_200658,2026-04-25,account_created,free,0.0
785,u_200659,2026-05-12,account_created,free,0.0
786,u_200660,2026-06-15,account_created,free,0.0
787,u_200661,2026-05-28,account_created,free,0.0
788,u_200662,2026-05-31,account_created,free,0.0
789,u_200663,2026-05-24,account_created,free,0.0
790,u_200663,2026-05-25,upgrade,pro_monthly,9.99
791,u_200664,2026-05-23,account_created,free,0.0
792,u_200665,2026-06-02,account_created,free,0.0
793,u_200666,2026-06-07,account_created,free,0.0
794,u_200667,2026-05-12,account_created,free,0.0
795,u_200668,2026-05-01,account_created,free,0.0
796,u_200669,2026-04-10,account_created,free,0.0
797,u_200670,2026-03-24,account_created,free,0.0
798,u_200671,2026-05-25,account_created,free,0.0
799,u_200672,2026-04-23,account_created,free,0.0
800,u_200673,2026-04-28,account_created,free,0.0
801,u_200673,2026-05-03,upgrade,pro_annual,79.99
802,u_200674,2026-06-14,account_created,free,0.0
803,u_200674,2026-06-23,upgrade,pro_monthly,9.99
804,u_200675,2026-03-10,account_created,free,0.0
805,u_200676,2026-06-12,account_created,free,0.0
806,u_200677,2026-05-13,account_created,free,0.0
807,u_200677,2026-05-20,upgrade,pro_monthly,9.99
808,u_200678,2026-03-21,account_created,free,0.0
809,u_200679,2026-06-11,account_created,free,0.0
810,u_200680,2026-03-26,account_created,free,0.0
811,u_200681,2026-05-05,account_created,free,0.0
812,u_200682,2026-06-05,account_created,free,0.0
813,u_200683,2026-05-27,account_created,free,0.0
814,u_200684,2026-04-09,account_created,free,0.0
815,u_200684,2026-04-13,upgrade,pro_monthly,9.99
816,u_200685,2026-05-13,account_created,free,0.0
817,u_200686,2026-03-27,account_created,free,0.0
818,u_200687,2026-05-31,account_created,free,0.0
819,u_200688,2026-06-12,account_created,free,0.0
820,u_200689,2026-03-10,account_created,free,0.0
821,u_200690,2026-04-07,account_created,free,0.0
822,u_200691,2026-06-08,account_created,free,0.0
823,u_200692,2026-04-05,account_created,free,0.0
824,u_200693,2026-03-22,account_created,free,0.0
825,u_200694,2026-03-11,account_created,free,0.0
826,u_200694,2026-03-20,upgrade,pro_monthly,9.99
827,u_200695,2026-04-06,account_created,free,0.0
828,u_200696,2026-04-29,account_created,free,0.0
829,u_200697,2026-05-15,account_created,free,0.0
830,u_200698,2026-03-02,account_created,free,0.0
831,u_200699,2026-05-06,account_created,free,0.0
832,u_200699,2026-05-15,upgrade,pro_annual,79.99
833,u_200700,2026-06-04,account_created,free,0.0
834,u_200700,2026-06-08,upgrade,pro_monthly,9.99
835,u_200701,2026-05-05,account_created,free,0.0
836,u_200701,2026-05-12,upgrade,pro_monthly,9.99
837,u_200702,2026-06-06,account_created,free,0.0
838,u_200703,2026-04-08,account_created,free,0.0
839,u_200704,2026-04-17,account_created,free,0.0
840,u_200705,2026-05-18,account_created,free,0.0
841,u_200706,2026-06-14,account_created,free,0.0
842,u_200707,2026-06-05,account_created,free,0.0
843,u_200708,2026-04-28,account_created,free,0.0
844,u_200708,2026-05-03,upgrade,pro_monthly,9.99
845,u_200709,2026-06-11,account_created,free,0.0
846,u_200710,2026-05-29,account_created,free,0.0
847,u_200711,2026-05-23,account_created,free,0.0
848,u_200712,2026-05-09,account_created,free,0.0
849,u_200713,2026-06-11,account_created,free,0.0
850,u_200713,2026-06-14,upgrade,pro_monthly,9.99
851,u_200714,2026-05-30,account_created,free,0.0
852,u_200715,2026-05-05,account_created,free,0.0
853,u_200716,2026-03-27,account_created,free,0.0
854,u_200717,2026-03-20,account_created,free,0.0
855,u_200718,2026-05-15,account_created,free,0.0
856,u_200718,2026-05-23,upgrade,pro_annual,79.99
857,u_200719,2026-05-29,account_created,free,0.0
858,u_200720,2026-04-05,account_created,free,0.0
859,u_200721,2026-03-16,account_created,free,0.0
860,u_200722,2026-03-20,account_created,free,0.0
861,u_200723,2026-06-03,account_created,free,0.0
862,u_200724,2026-03-22,account_created,free,0.0
863,u_200725,2026-05-06,account_created,free,0.0
864,u_200726,2026-03-16,account_created,free,0.0
865,u_200727,2026-05-30,account_created,free,0.0
866,u_200728,2026-05-21,account_created,free,0.0
867,u_200729,2026-05-23,account_created,free,0.0
868,u_200730,2026-06-18,account_created,free,0.0
869,u_200731,2026-03-01,account_created,free,0.0
870,u_200732,2026-03-30,account_created,free,0.0
871,u_200733,2026-04-28,account_created,free,0.0
872,u_200734,2026-04-03,account_created,free,0.0
873,u_200735,2026-03-10,account_created,free,0.0
874,u_200736,2026-06-19,account_created,free,0.0
875,u_200737,2026-04-29,account_created,free,0.0
876,u_200738,2026-04-29,account_created,free,0.0
877,u_200739,2026-06-19,account_created,free,0.0
878,u_200740,2026-04-27,account_created,free,0.0
879,u_200741,2026-05-02,account_created,free,0.0
880,u_200742,2026-05-21,account_created,free,0.0
881,u_200743,2026-05-26,account_created,free,0.0
882,u_200744,2026-04-06,account_created,free,0.0
883,u_200744,2026-04-12,upgrade,pro_annual,79.99
884,u_200745,2026-05-07,account_created,free,0.0
885,u_200745,2026-05-13,upgrade,pro_annual,79.99
886,u_200746,2026-03-17,account_created,free,0.0
887,u_200746,2026-03-25,upgrade,pro_monthly,9.99
888,u_200746,2026-04-13,cancellation,pro_monthly,0.0
889,u_200747,2026-03-03,account_created,free,0.0
890,u_200748,2026-03-29,account_created,free,0.0
891,u_200749,2026-03-29,account_created,free,0.0
892,u_200750,2026-04-21,account_created,free,0.0
893,u_200751,2026-05-07,account_created,free,0.0
894,u_200752,2026-04-26,account_created,free,0.0
895,u_200753,2026-05-09,account_created,free,0.0
896,u_200754,2026-04-09,account_created,free,0.0
897,u_200755,2026-03-22,account_created,free,0.0
898,u_200755,2026-03-24,upgrade,pro_annual,79.99
899,u_200756,2026-06-10,account_created,free,0.0
900,u_200757,2026-05-06,account_created,free,0.0
901,u_200758,2026-06-10,account_created,free,0.0
902,u_200759,2026-05-16,account_created,free,0.0
903,u_200759,2026-05-21,upgrade,pro_monthly,9.99
904,u_200760,2026-04-21,account_created,free,0.0
905,u_200761,2026-03-27,account_created,free,0.0
906,u_200761,2026-03-29,upgrade,pro_annual,79.99
907,u_200762,2026-04-16,account_created,free,0.0
908,u_200762,2026-04-21,upgrade,pro_monthly,9.99
909,u_200763,2026-06-04,account_created,free,0.0
910,u_200764,2026-05-05,account_created,free,0.0
911,u_200765,2026-05-24,account_created,free,0.0
912,u_200765,2026-05-28,upgrade,pro_monthly,9.99
913,u_200766,2026-03-18,account_created,free,0.0
914,u_200767,2026-05-18,account_created,free,0.0
915,u_200768,2026-05-24,account_created,free,0.0
916,u_200769,2026-03-29,account_created,free,0.0
917,u_200769,2026-03-30,upgrade,pro_annual,79.99
918,u_200770,2026-05-01,account_created,free,0.0
919,u_200771,2026-03-07,account_created,free,0.0
920,u_200772,2026-06-04,account_created,free,0.0
921,u_200773,2026-03-24,account_created,free,0.0
922,u_200774,2026-05-26,account_created,free,0.0
923,u_200775,2026-06-13,account_created,free,0.0
924,u_200776,2026-03-21,account_created,free,0.0
925,u_200776,2026-03-24,upgrade,pro_annual,79.99
926,u_200776,2026-04-28,cancellation,pro_annual,0.0
927,u_200777,2026-05-01,account_created,free,0.0
928,u_200777,2026-05-02,upgrade,pro_monthly,9.99
929,u_200778,2026-03-04,account_created,free,0.0
930,u_200778,2026-03-09,upgrade,pro_monthly,9.99
931,u_200779,2026-04-13,account_created,free,0.0
932,u_200780,2026-05-15,account_created,free,0.0
933,u_200781,2026-06-09,account_created,free,0.0
934,u_200782,2026-05-02,account_created,free,0.0
935,u_200782,2026-05-11,upgrade,pro_monthly,9.99
936,u_200783,2026-06-18,account_created,free,0.0
937,u_200784,2026-04-08,account_created,free,0.0
938,u_200785,2026-05-05,account_created,free,0.0
939,u_200786,2026-06-13,account_created,free,0.0
940,u_200786,2026-06-14,upgrade,pro_annual,79.99
941,u_200787,2026-05-22,account_created,free,0.0
942,u_200788,2026-04-10,account_created,free,0.0
943,u_200789,2026-06-14,account_created,free,0.0
944,u_200790,2026-03-27,account_created,free,0.0
945,u_200791,2026-03-19,account_created,free,0.0
946,u_200792,2026-03-24,account_created,free,0.0
947,u_200793,2026-04-06,account_created,free,0.0
948,u_200794,2026-03-23,account_created,free,0.0
949,u_200795,2026-04-16,account_created,free,0.0
950,u_200796,2026-05-08,account_created,free,0.0
951,u_200797,2026-05-26,account_created,free,0.0
952,u_200797,2026-06-04,upgrade,pro_monthly,9.99
953,u_200798,2026-06-11,account_created,free,0.0
954,u_200799,2026-04-21,account_created,free,0.0
955,u_200800,2026-03-05,account_created,free,0.0
956,u_200800,2026-03-07,upgrade,pro_annual,79.99
957,u_200801,2026-03-24,account_created,free,0.0
958,u_200802,2026-06-02,account_created,free,0.0
959,u_200803,2026-06-17,account_created,free,0.0
960,u_200804,2026-06-11,account_created,free,0.0
961,u_200804,2026-06-19,upgrade,pro_monthly,9.99
962,u_200805,2026-03-11,account_created,free,0.0
963,u_200806,2026-06-15,account_created,free,0.0
964,u_200807,2026-03-25,account_created,free,0.0
965,u_200807,2026-04-03,upgrade,pro_monthly,9.99
966,u_200808,2026-03-02,account_created,free,0.0
967,u_200809,2026-03-12,account_created,free,0.0
968,u_200810,2026-04-11,account_created,free,0.0
969,u_200810,2026-04-16,upgrade,pro_annual,79.99
970,u_200811,2026-03-28,account_created,free,0.0
971,u_200812,2026-03-22,account_created,free,0.0
972,u_200812,2026-03-31,upgrade,pro_monthly,9.99
973,u_200812,2026-04-13,cancellation,pro_monthly,0.0
974,u_200813,2026-06-05,account_created,free,0.0
975,u_200814,2026-05-16,account_created,free,0.0
976,u_200815,2026-03-31,account_created,free,0.0
977,u_200816,2026-05-12,account_created,free,0.0
978,u_200817,2026-06-02,account_created,free,0.0
979,u_200818,2026-04-20,account_created,free,0.0
980,u_200819,2026-03-08,account_created,free,0.0
981,u_200820,2026-06-07,account_created,free,0.0
982,u_200821,2026-05-15,account_created,free,0.0
983,u_200821,2026-05-22,upgrade,pro_monthly,9.99
984,u_200822,2026-03-27,account_created,free,0.0
985,u_200823,2026-05-11,account_created,free,0.0
986,u_200823,2026-05-18,upgrade,pro_annual,79.99
987,u_200824,2026-03-11,account_created,free,0.0
988,u_200825,2026-06-13,account_created,free,0.0
989,u_200826,2026-06-16,account_created,free,0.0
990,u_200827,2026-05-30,account_created,free,0.0
991,u_200828,2026-05-07,account_created,free,0.0
992,u_200828,2026-05-08,upgrade,pro_monthly,9.99
993,u_200829,2026-06-18,account_created,free,0.0
994,u_200830,2026-03-21,account_created,free,0.0
995,u_200830,2026-03-25,upgrade,enterprise,299.0
996,u_200831,2026-06-17,account_created,free,0.0
997,u_200832,2026-04-17,account_created,free,0.0
998,u_200833,2026-05-30,account_created,free,0.0
999,u_200834,2026-03-12,account_created,free,0.0
1000,u_200835,2026-04-06,account_created,free,0.0
1001,u_200836,2026-05-16,account_created,free,0.0
1002,u_200837,2026-04-11,account_created,free,0.0
1003,u_200838,2026-03-16,account_created,free,0.0
1004,u_200839,2026-05-30,account_created,free,0.0
1005,u_200840,2026-03-02,account_created,free,0.0
1006,u_200841,2026-05-25,account_created,free,0.0
1007,u_200842,2026-03-15,account_created,free,0.0
1008,u_200843,2026-06-07,account_created,free,0.0
1009,u_200843,2026-06-13,upgrade,enterprise,299.0
1010,u_200844,2026-03-01,account_created,free,0.0
1011,u_200845,2026-06-13,account_created,free,0.0
1012,u_200846,2026-06-21,account_created,free,0.0
1013,u_200847,2026-03-22,account_created,free,0.0
1014,u_200848,2026-04-13,account_created,free,0.0
1015,u_200849,2026-04-11,account_created,free,0.0
1016,u_200850,2026-05-14,account_created,free,0.0
1017,u_200851,2026-05-02,account_created,free,0.0
1018,u_200852,2026-05-06,account_created,free,0.0
1019,u_200852,2026-05-15,upgrade,enterprise,299.0
1020,u_200853,2026-03-22,account_created,free,0.0
1021,u_200854,2026-04-25,account_created,free,0.0
1022,u_200855,2026-06-11,account_created,free,0.0
1023,u_200856,2026-06-13,account_created,free,0.0
1024,u_200857,2026-05-27,account_created,free,0.0
1025,u_200858,2026-05-08,account_created,free,0.0
1026,u_200859,2026-04-08,account_created,free,0.0
1027,u_200860,2026-05-19,account_created,free,0.0
1028,u_200861,2026-06-17,account_created,free,0.0
1029,u_200862,2026-04-26,account_created,free,0.0
1030,u_200863,2026-04-29,account_created,free,0.0
1031,u_200864,2026-05-06,account_created,free,0.0
1032,u_200865,2026-05-26,account_created,free,0.0
1033,u_200866,2026-04-23,account_created,free,0.0
1034,u_200867,2026-05-17,account_created,free,0.0
1035,u_200868,2026-04-05,account_created,free,0.0
1036,u_200869,2026-06-13,account_created,free,0.0
1037,u_200870,2026-04-14,account_created,free,0.0
1038,u_200871,2026-05-01,account_created,free,0.0
1039,u_200872,2026-06-14,account_created,free,0.0
1040,u_200873,2026-03-06,account_created,free,0.0
1041,u_200874,2026-05-14,account_created,free,0.0
1042,u_200874,2026-05-18,upgrade,enterprise,299.0
1043,u_200875,2026-03-13,account_created,free,0.0
1044,u_200876,2026-05-31,account_created,free,0.0
1045,u_200877,2026-04-02,account_created,free,0.0
1046,u_200877,2026-04-11,upgrade,pro_annual,79.99
1047,u_200878,2026-04-24,account_created,free,0.0
1048,u_200879,2026-04-23,account_created,free,0.0
1049,u_200880,2026-04-15,account_created,free,0.0
1050,u_200881,2026-04-29,account_created,free,0.0
1051,u_200882,2026-05-29,account_created,free,0.0
1052,u_200883,2026-04-02,account_created,free,0.0
1053,u_200883,2026-04-05,upgrade,pro_monthly,9.99
1054,u_200884,2026-05-26,account_created,free,0.0
1055,u_200885,2026-05-29,account_created,free,0.0
1056,u_200886,2026-04-14,account_created,free,0.0
1057,u_200887,2026-06-02,account_created,free,0.0
1058,u_200888,2026-05-12,account_created,free,0.0
1059,u_200888,2026-05-17,upgrade,pro_monthly,9.99
1060,u_200888,2026-06-25,cancellation,pro_monthly,0.0
1061,u_200889,2026-05-30,account_created,free,0.0
1062,u_200890,2026-06-12,account_created,free,0.0
1063,u_200891,2026-03-20,account_created,free,0.0
1064,u_200891,2026-03-24,upgrade,pro_annual,79.99
1065,u_200892,2026-04-29,account_created,free,0.0
1066,u_200893,2026-03-11,account_created,free,0.0
1067,u_200894,2026-06-01,account_created,free,0.0
1068,u_200895,2026-04-12,account_created,free,0.0
1069,u_200896,2026-05-22,account_created,free,0.0
1070,u_200896,2026-05-27,upgrade,pro_monthly,9.99
1071,u_200897,2026-05-10,account_created,free,0.0
1072,u_200897,2026-05-17,upgrade,pro_monthly,9.99
1073,u_200898,2026-06-10,account_created,free,0.0
1074,u_200898,2026-06-11,upgrade,pro_annual,79.99
1075,u_200899,2026-05-16,account_created,free,0.0
1076,u_200900,2026-05-30,account_created,free,0.0
1077,u_200901,2026-04-17,account_created,free,0.0
1078,u_200902,2026-05-15,account_created,free,0.0
1079,u_200903,2026-06-06,account_created,free,0.0
1080,u_200904,2026-05-12,account_created,free,0.0
1081,u_200904,2026-05-19,upgrade,enterprise,299.0
1082,u_200905,2026-05-12,account_created,free,0.0
1083,u_200906,2026-06-21,account_created,free,0.0
1084,u_200907,2026-06-16,account_created,free,0.0
1085,u_200908,2026-05-22,account_created,free,0.0
1086,u_200909,2026-05-03,account_created,free,0.0
1087,u_200910,2026-03-23,account_created,free,0.0
1088,u_200911,2026-05-05,account_created,free,0.0
1089,u_200912,2026-05-26,account_created,free,0.0
1090,u_200913,2026-05-28,account_created,free,0.0
1091,u_200914,2026-06-05,account_created,free,0.0
1092,u_200914,2026-06-11,upgrade,pro_monthly,9.99
1093,u_200915,2026-05-17,account_created,free,0.0
1094,u_200916,2026-05-27,account_created,free,0.0
1095,u_200917,2026-06-04,account_created,free,0.0
1096,u_200918,2026-05-18,account_created,free,0.0
1097,u_200919,2026-04-13,account_created,free,0.0
1098,u_200920,2026-05-07,account_created,free,0.0
1099,u_200921,2026-03-15,account_created,free,0.0
1100,u_200922,2026-05-28,account_created,free,0.0
1101,u_200923,2026-05-23,account_created,free,0.0
1102,u_200924,2026-06-21,account_created,free,0.0
1103,u_200925,2026-05-28,account_created,free,0.0
1104,u_200926,2026-05-27,account_created,free,0.0
1105,u_200927,2026-05-22,account_created,free,0.0
1106,u_200928,2026-05-08,account_created,free,0.0
1107,u_200929,2026-03-15,account_created,free,0.0
1108,u_200930,2026-03-24,account_created,free,0.0
1109,u_200930,2026-03-30,upgrade,pro_monthly,9.99
1110,u_200931,2026-04-24,account_created,free,0.0
1111,u_200931,2026-04-29,upgrade,pro_monthly,9.99
1112,u_200932,2026-06-09,account_created,free,0.0
1113,u_200933,2026-03-09,account_created,free,0.0
1114,u_200934,2026-03-05,account_created,free,0.0
1115,u_200935,2026-05-25,account_created,free,0.0
1116,u_200936,2026-04-01,account_created,free,0.0
1117,u_200937,2026-05-11,account_created,free,0.0
1118,u_200938,2026-06-05,account_created,free,0.0
1119,u_200939,2026-05-27,account_created,free,0.0
1120,u_200940,2026-03-18,account_created,free,0.0
1121,u_200940,2026-03-26,upgrade,enterprise,299.0
1122,u_200941,2026-06-09,account_created,free,0.0
1123,u_200942,2026-03-14,account_created,free,0.0
1124,u_200943,2026-03-20,account_created,free,0.0
1125,u_200944,2026-03-17,account_created,free,0.0
1126,u_200945,2026-04-30,account_created,free,0.0
1127,u_200946,2026-04-13,account_created,free,0.0
1128,u_200947,2026-03-25,account_created,free,0.0
1129,u_200947,2026-04-03,upgrade,pro_monthly,9.99
1130,u_200948,2026-05-15,account_created,free,0.0
1131,u_200948,2026-05-20,upgrade,pro_annual,79.99
1132,u_200949,2026-06-04,account_created,free,0.0
1133,u_200950,2026-04-24,account_created,free,0.0
1134,u_200951,2026-03-26,account_created,free,0.0
1135,u_200952,2026-05-31,account_created,free,0.0
1136,u_200953,2026-05-02,account_created,free,0.0
1137,u_200954,2026-04-19,account_created,free,0.0
1138,u_200955,2026-06-16,account_created,free,0.0
1139,u_200956,2026-03-14,account_created,free,0.0
1140,u_200957,2026-03-29,account_created,free,0.0
1141,u_200958,2026-03-19,account_created,free,0.0
1142,u_200959,2026-03-18,account_created,free,0.0
1143,u_200960,2026-03-05,account_created,free,0.0
1144,u_200960,2026-03-11,upgrade,pro_monthly,9.99
1145,u_200960,2026-03-26,cancellation,pro_monthly,0.0
1146,u_200961,2026-03-14,account_created,free,0.0
1147,u_200962,2026-04-21,account_created,free,0.0
1148,u_200963,2026-03-18,account_created,free,0.0
1149,u_200964,2026-03-16,account_created,free,0.0
1150,u_200965,2026-05-04,account_created,free,0.0
1151,u_200965,2026-05-10,upgrade,pro_annual,79.99
1152,u_200966,2026-05-04,account_created,free,0.0
1153,u_200967,2026-03-17,account_created,free,0.0
1154,u_200968,2026-03-14,account_created,free,0.0
1155,u_200969,2026-03-08,account_created,free,0.0
1156,u_200970,2026-05-23,account_created,free,0.0
1157,u_200970,2026-06-01,upgrade,pro_monthly,9.99
1158,u_200970,2026-06-14,cancellation,pro_monthly,0.0
1159,u_200971,2026-03-30,account_created,free,0.0
1160,u_200972,2026-04-08,account_created,free,0.0
1161,u_200973,2026-04-08,account_created,free,0.0
1162,u_200974,2026-03-26,account_created,free,0.0
1163,u_200975,2026-03-13,account_created,free,0.0
1164,u_200976,2026-03-20,account_created,free,0.0
1165,u_200977,2026-04-08,account_created,free,0.0
1166,u_200978,2026-04-01,account_created,free,0.0
1167,u_200978,2026-04-06,upgrade,pro_monthly,9.99
1168,u_200978,2026-06-02,cancellation,pro_monthly,0.0
1169,u_200979,2026-03-27,account_created,free,0.0
1170,u_200980,2026-03-18,account_created,free,0.0
1171,u_200981,2026-04-05,account_created,free,0.0
1172,u_200982,2026-05-30,account_created,free,0.0
1173,u_200983,2026-03-09,account_created,free,0.0
1174,u_200984,2026-03-23,account_created,free,0.0
1175,u_200985,2026-04-14,account_created,free,0.0
1176,u_200986,2026-04-27,account_created,free,0.0
1177,u_200987,2026-04-12,account_created,free,0.0
1178,u_200987,2026-04-17,upgrade,pro_annual,79.99
1179,u_200988,2026-05-09,account_created,free,0.0
1180,u_200989,2026-05-27,account_created,free,0.0
1181,u_200990,2026-05-05,account_created,free,0.0
1182,u_200991,2026-04-28,account_created,free,0.0
1183,u_200992,2026-06-17,account_created,free,0.0
1184,u_200993,2026-03-25,account_created,free,0.0
1185,u_200994,2026-04-27,account_created,free,0.0
1186,u_200995,2026-04-06,account_created,free,0.0
1187,u_200996,2026-06-06,account_created,free,0.0
1188,u_200996,2026-06-11,upgrade,pro_monthly,9.99
1189,u_200997,2026-06-13,account_created,free,0.0
1190,u_200998,2026-03-10,account_created,free,0.0
1191,u_200998,2026-03-11,upgrade,pro_monthly,9.99
1192,u_200999,2026-03-27,account_created,free,0.0
1193,u_201000,2026-06-10,account_created,free,0.0
1194,u_201000,2026-06-14,upgrade,pro_annual,79.99
1195,u_201001,2026-05-23,account_created,free,0.0
1196,u_201002,2026-04-28,account_created,free,0.0
1197,u_201003,2026-06-14,account_created,free,0.0
1198,u_201004,2026-03-07,account_created,free,0.0
1199,u_201005,2026-06-01,account_created,free,0.0
1200,u_201005,2026-06-07,upgrade,pro_annual,79.99
1201,u_201006,2026-03-27,account_created,free,0.0
1202,u_201007,2026-05-23,account_created,free,0.0
1203,u_201008,2026-04-05,account_created,free,0.0
1204,u_201009,2026-06-20,account_created,free,0.0
1205,u_201010,2026-04-04,account_created,free,0.0
1206,u_201010,2026-04-05,upgrade,pro_annual,79.99
1207,u_201011,2026-03-19,account_created,free,0.0
1208,u_201011,2026-03-25,upgrade,pro_monthly,9.99
1209,u_201012,2026-04-20,account_created,free,0.0
1210,u_201013,2026-03-24,account_created,free,0.0
1211,u_201014,2026-03-29,account_created,free,0.0
1212,u_201014,2026-04-07,upgrade,pro_monthly,9.99
1213,u_201015,2026-05-29,account_created,free,0.0
1214,u_201016,2026-06-15,account_created,free,0.0
1215,u_201017,2026-06-04,account_created,free,0.0
1216,u_201018,2026-06-07,account_created,free,0.0
1217,u_201019,2026-06-08,account_created,free,0.0
1218,u_201020,2026-05-21,account_created,free,0.0
1219,u_201021,2026-06-08,account_created,free,0.0
1220,u_201021,2026-06-15,upgrade,pro_monthly,9.99
1221,u_201022,2026-05-17,account_created,free,0.0
1222,u_201023,2026-03-29,account_created,free,0.0
1223,u_201024,2026-05-26,account_created,free,0.0
1224,u_201024,2026-06-03,upgrade,pro_monthly,9.99
1225,u_201024,2026-06-23,cancellation,pro_monthly,0.0
1226,u_201025,2026-04-26,account_created,free,0.0
1227,u_201026,2026-03-28,account_created,free,0.0
1228,u_201027,2026-04-19,account_created,free,0.0
1229,u_201027,2026-04-27,upgrade,pro_annual,79.99
1230,u_201028,2026-04-24,account_created,free,0.0
1231,u_201029,2026-03-25,account_created,free,0.0
1232,u_201029,2026-03-26,upgrade,pro_monthly,9.99
1233,u_201030,2026-03-09,account_created,free,0.0
1234,u_201031,2026-05-23,account_created,free,0.0
1235,u_201032,2026-03-21,account_created,free,0.0
1236,u_201033,2026-05-13,account_created,free,0.0
1237,u_201034,2026-03-31,account_created,free,0.0
1238,u_201035,2026-03-07,account_created,free,0.0
1239,u_201036,2026-05-22,account_created,free,0.0
1240,u_201037,2026-04-07,account_created,free,0.0
1241,u_201038,2026-06-08,account_created,free,0.0
1242,u_201039,2026-04-09,account_created,free,0.0
1243,u_201040,2026-04-24,account_created,free,0.0
1244,u_201041,2026-03-04,account_created,free,0.0
1245,u_201042,2026-04-22,account_created,free,0.0
1246,u_201043,2026-05-23,account_created,free,0.0
1247,u_201044,2026-03-14,account_created,free,0.0
1248,u_201045,2026-05-09,account_created,free,0.0
1249,u_201046,2026-04-01,account_created,free,0.0
1250,u_201047,2026-04-20,account_created,free,0.0
1251,u_201048,2026-06-07,account_created,free,0.0
1252,u_201049,2026-06-12,account_created,free,0.0
1253,u_201050,2026-06-17,account_created,free,0.0
1254,u_201050,2026-06-21,upgrade,pro_monthly,9.99
1255,u_201051,2026-05-12,account_created,free,0.0
1256,u_201052,2026-05-01,account_created,free,0.0
1257,u_201053,2026-05-22,account_created,free,0.0
1258,u_201053,2026-05-28,upgrade,pro_monthly,9.99
1259,u_201054,2026-03-17,account_created,free,0.0
1260,u_201055,2026-04-17,account_created,free,0.0
1261,u_201056,2026-04-06,account_created,free,0.0
1262,u_201057,2026-05-17,account_created,free,0.0
1263,u_201057,2026-05-18,upgrade,pro_monthly,9.99
1264,u_201058,2026-03-18,account_created,free,0.0
1265,u_201059,2026-05-12,account_created,free,0.0
1266,u_201060,2026-06-04,account_created,free,0.0
1267,u_201061,2026-03-05,account_created,free,0.0
1268,u_201062,2026-03-07,account_created,free,0.0
1269,u_201063,2026-03-08,account_created,free,0.0
1270,u_201063,2026-03-17,upgrade,pro_annual,79.99
1271,u_201064,2026-05-17,account_created,free,0.0
1272,u_201065,2026-04-02,account_created,free,0.0
1273,u_201066,2026-04-02,account_created,free,0.0
1274,u_201067,2026-04-28,account_created,free,0.0
1275,u_201068,2026-04-10,account_created,free,0.0
1276,u_201068,2026-04-11,upgrade,enterprise,299.0
1277,u_201069,2026-05-20,account_created,free,0.0
1278,u_201070,2026-03-30,account_created,free,0.0
1279,u_201071,2026-05-09,account_created,free,0.0
1280,u_201072,2026-05-01,account_created,free,0.0
1281,u_201073,2026-03-19,account_created,free,0.0
1282,u_201074,2026-03-17,account_created,free,0.0
1283,u_201074,2026-03-18,upgrade,pro_monthly,9.99
1284,u_201075,2026-05-30,account_created,free,0.0
1285,u_201075,2026-06-07,upgrade,enterprise,299.0
1286,u_201076,2026-06-17,account_created,free,0.0
1287,u_201077,2026-06-03,account_created,free,0.0
1288,u_201078,2026-05-10,account_created,free,0.0
1289,u_201079,2026-05-05,account_created,free,0.0
1290,u_201080,2026-03-08,account_created,free,0.0
1291,u_201081,2026-03-29,account_created,free,0.0
1292,u_201082,2026-06-19,account_created,free,0.0
1293,u_201083,2026-06-07,account_created,free,0.0
1294,u_201084,2026-05-24,account_created,free,0.0
1295,u_201085,2026-06-20,account_created,free,0.0
1296,u_201086,2026-06-16,account_created,free,0.0
1297,u_201087,2026-04-04,account_created,free,0.0
1298,u_201087,2026-04-07,upgrade,pro_monthly,9.99
1299,u_201087,2026-06-12,cancellation,pro_monthly,0.0
1300,u_201088,2026-04-21,account_created,free,0.0
1301,u_201089,2026-05-20,account_created,free,0.0
1302,u_201090,2026-03-20,account_created,free,0.0
1303,u_201091,2026-04-26,account_created,free,0.0
1304,u_201092,2026-05-31,account_created,free,0.0
1305,u_201093,2026-03-13,account_created,free,0.0
1306,u_201094,2026-06-02,account_created,free,0.0
1307,u_201095,2026-05-31,account_created,free,0.0
1308,u_201096,2026-05-20,account_created,free,0.0
1309,u_201097,2026-03-10,account_created,free,0.0
1310,u_201098,2026-04-12,account_created,free,0.0
1311,u_201099,2026-05-19,account_created,free,0.0
1312,u_201100,2026-04-17,account_created,free,0.0
1313,u_201101,2026-03-29,account_created,free,0.0
1314,u_201102,2026-03-29,account_created,free,0.0
1315,u_201103,2026-03-23,account_created,free,0.0
1316,u_201104,2026-05-09,account_created,free,0.0
1317,u_201105,2026-03-14,account_created,free,0.0
1318,u_201106,2026-03-12,account_created,free,0.0
1319,u_201107,2026-04-25,account_created,free,0.0
1320,u_201108,2026-04-13,account_created,free,0.0
1321,u_201108,2026-04-18,upgrade,pro_monthly,9.99
1322,u_201109,2026-05-30,account_created,free,0.0
1323,u_201110,2026-05-20,account_created,free,0.0
1324,u_201111,2026-06-17,account_created,free,0.0
1325,u_201112,2026-05-06,account_created,free,0.0
1326,u_201112,2026-05-11,upgrade,pro_monthly,9.99
1327,u_201113,2026-03-07,account_created,free,0.0
1328,u_201113,2026-03-14,upgrade,pro_monthly,9.99
1329,u_201113,2026-04-21,cancellation,pro_monthly,0.0
1330,u_201114,2026-04-15,account_created,free,0.0
1331,u_201115,2026-05-24,account_created,free,0.0
1332,u_201116,2026-05-07,account_created,free,0.0
1333,u_201116,2026-05-13,upgrade,pro_monthly,9.99
1334,u_201117,2026-05-02,account_created,free,0.0
1335,u_201118,2026-05-05,account_created,free,0.0
1336,u_201119,2026-03-20,account_created,free,0.0
1337,u_201120,2026-06-18,account_created,free,0.0
1338,u_201121,2026-06-15,account_created,free,0.0
1339,u_201122,2026-04-16,account_created,free,0.0
1340,u_201123,2026-03-29,account_created,free,0.0
1341,u_201124,2026-03-12,account_created,free,0.0
1342,u_201125,2026-03-10,account_created,free,0.0
1343,u_201126,2026-03-15,account_created,free,0.0
1344,u_201127,2026-05-31,account_created,free,0.0
1345,u_201128,2026-05-09,account_created,free,0.0
1346,u_201129,2026-03-02,account_created,free,0.0
1347,u_201130,2026-05-16,account_created,free,0.0
1348,u_201131,2026-04-29,account_created,free,0.0
1349,u_201132,2026-03-04,account_created,free,0.0
1350,u_201133,2026-03-12,account_created,free,0.0
1351,u_201134,2026-04-20,account_created,free,0.0
1352,u_201135,2026-04-20,account_created,free,0.0
1353,u_201136,2026-03-25,account_created,free,0.0
1354,u_201137,2026-06-07,account_created,free,0.0
1355,u_201138,2026-06-16,account_created,free,0.0
1356,u_201139,2026-05-22,account_created,free,0.0
1357,u_201140,2026-06-19,account_created,free,0.0
1358,u_201141,2026-04-12,account_created,free,0.0
1359,u_201142,2026-03-05,account_created,free,0.0
1360,u_201143,2026-06-01,account_created,free,0.0
1361,u_201144,2026-05-05,account_created,free,0.0
1362,u_201144,2026-05-14,upgrade,pro_annual,79.99
1363,u_201145,2026-03-28,account_created,free,0.0
1364,u_201146,2026-05-19,account_created,free,0.0
1365,u_201146,2026-05-25,upgrade,enterprise,299.0
1366,u_201147,2026-05-27,account_created,free,0.0
1367,u_201148,2026-04-03,account_created,free,0.0
1368,u_201148,2026-04-10,upgrade,pro_annual,79.99
1369,u_201149,2026-03-21,account_created,free,0.0
1370,u_201149,2026-03-26,upgrade,enterprise,299.0
1371,u_201150,2026-05-14,account_created,free,0.0
1372,u_201151,2026-04-13,account_created,free,0.0
1373,u_201152,2026-05-24,account_created,free,0.0
1374,u_201153,2026-05-28,account_created,free,0.0
1375,u_201154,2026-05-12,account_created,free,0.0
1376,u_201155,2026-04-21,account_created,free,0.0
1377,u_201156,2026-04-09,account_created,free,0.0
1378,u_201157,2026-05-21,account_created,free,0.0
1379,u_201158,2026-04-05,account_created,free,0.0
1380,u_201159,2026-06-06,account_created,free,0.0
1381,u_201159,2026-06-08,upgrade,pro_monthly,9.99
1382,u_201160,2026-06-15,account_created,free,0.0
1383,u_201160,2026-06-22,upgrade,pro_annual,79.99
1384,u_201161,2026-06-06,account_created,free,0.0
1385,u_201162,2026-03-04,account_created,free,0.0
1386,u_201162,2026-03-09,upgrade,pro_annual,79.99
1387,u_201162,2026-04-25,cancellation,pro_annual,0.0
1388,u_201163,2026-05-09,account_created,free,0.0
1389,u_201163,2026-05-11,upgrade,pro_monthly,9.99
1390,u_201164,2026-06-10,account_created,free,0.0
1391,u_201165,2026-03-24,account_created,free,0.0
1392,u_201166,2026-04-05,account_created,free,0.0
1393,u_201167,2026-06-13,account_created,free,0.0
1394,u_201167,2026-06-16,upgrade,pro_monthly,9.99
1395,u_201168,2026-05-20,account_created,free,0.0
1396,u_201169,2026-05-29,account_created,free,0.0
1397,u_201170,2026-05-22,account_created,free,0.0
1398,u_201171,2026-05-21,account_created,free,0.0
1399,u_201172,2026-06-15,account_created,free,0.0
1400,u_201173,2026-04-13,account_created,free,0.0
1401,u_201174,2026-03-12,account_created,free,0.0
1402,u_201175,2026-03-28,account_created,free,0.0
1403,u_201175,2026-04-03,upgrade,pro_monthly,9.99
1404,u_201176,2026-03-27,account_created,free,0.0
1405,u_201177,2026-03-29,account_created,free,0.0
1406,u_201177,2026-04-03,upgrade,pro_monthly,9.99
1407,u_201178,2026-05-17,account_created,free,0.0
1408,u_201178,2026-05-21,upgrade,pro_monthly,9.99
1409,u_201179,2026-05-02,account_created,free,0.0
1410,u_201179,2026-05-06,upgrade,pro_annual,79.99
1411,u_201180,2026-05-13,account_created,free,0.0
1412,u_201180,2026-05-18,upgrade,pro_monthly,9.99
1413,u_201181,2026-04-21,account_created,free,0.0
1414,u_201182,2026-05-16,account_created,free,0.0
1415,u_201182,2026-05-18,upgrade,pro_annual,79.99
1416,u_201183,2026-05-23,account_created,free,0.0
1417,u_201184,2026-06-13,account_created,free,0.0
1418,u_201184,2026-06-17,upgrade,pro_annual,79.99
1419,u_201185,2026-05-22,account_created,free,0.0
1420,u_201186,2026-06-09,account_created,free,0.0
1421,u_201187,2026-06-20,account_created,free,0.0
1422,u_201188,2026-05-25,account_created,free,0.0
1423,u_201189,2026-03-28,account_created,free,0.0
1424,u_201190,2026-05-18,account_created,free,0.0
1425,u_201191,2026-06-17,account_created,free,0.0
1426,u_201192,2026-05-08,account_created,free,0.0
1427,u_201193,2026-04-25,account_created,free,0.0
1428,u_201194,2026-06-04,account_created,free,0.0
1429,u_201194,2026-06-06,upgrade,pro_annual,79.99
1430,u_201195,2026-04-01,account_created,free,0.0
1431,u_201196,2026-03-02,account_created,free,0.0
1432,u_201197,2026-06-16,account_created,free,0.0
1433,u_201198,2026-03-28,account_created,free,0.0
1434,u_201199,2026-06-01,account_created,free,0.0
1435,u_201200,2026-05-05,account_created,free,0.0
1436,u_201201,2026-05-07,account_created,free,0.0
1437,u_201202,2026-05-03,account_created,free,0.0
1438,u_201203,2026-06-05,account_created,free,0.0
1439,u_201204,2026-03-23,account_created,free,0.0
1440,u_201205,2026-03-28,account_created,free,0.0
1441,u_201206,2026-04-26,account_created,free,0.0
1442,u_201207,2026-04-10,account_created,free,0.0
1443,u_201208,2026-04-13,account_created,free,0.0
1444,u_201208,2026-04-20,upgrade,pro_monthly,9.99
1445,u_201209,2026-05-30,account_created,free,0.0
1446,u_201210,2026-03-03,account_created,free,0.0
1447,u_201211,2026-06-21,account_created,free,0.0
1448,u_201212,2026-06-21,account_created,free,0.0
1449,u_201212,2026-06-29,upgrade,enterprise,299.0
1450,u_201213,2026-04-28,account_created,free,0.0
1451,u_201213,2026-05-04,upgrade,pro_monthly,9.99
1452,u_201214,2026-05-30,account_created,free,0.0
1453,u_201215,2026-04-15,account_created,free,0.0
1454,u_201216,2026-04-29,account_created,free,0.0
1455,u_201217,2026-05-26,account_created,free,0.0
1456,u_201218,2026-04-30,account_created,free,0.0
1457,u_201218,2026-05-06,upgrade,pro_monthly,9.99
1458,u_201219,2026-04-04,account_created,free,0.0
1459,u_201220,2026-06-14,account_created,free,0.0
1460,u_201221,2026-05-26,account_created,free,0.0
1461,u_201222,2026-06-18,account_created,free,0.0
1462,u_201223,2026-05-11,account_created,free,0.0
1463,u_201224,2026-05-06,account_created,free,0.0
1464,u_201225,2026-05-24,account_created,free,0.0
1465,u_201225,2026-06-01,upgrade,pro_annual,79.99
1466,u_201226,2026-05-22,account_created,free,0.0
1467,u_201227,2026-03-04,account_created,free,0.0
1468,u_201228,2026-04-25,account_created,free,0.0
1469,u_201228,2026-05-03,upgrade,enterprise,299.0
1470,u_201229,2026-06-06,account_created,free,0.0
1471,u_201230,2026-03-19,account_created,free,0.0
1472,u_201230,2026-03-25,upgrade,pro_monthly,9.99
1473,u_201230,2026-05-15,cancellation,pro_monthly,0.0
1474,u_201231,2026-03-17,account_created,free,0.0
1475,u_201232,2026-04-17,account_created,free,0.0
1476,u_201232,2026-04-22,upgrade,pro_annual,79.99
1477,u_201233,2026-05-02,account_created,free,0.0
1478,u_201234,2026-06-21,account_created,free,0.0
1479,u_201235,2026-06-09,account_created,free,0.0
1480,u_201236,2026-04-28,account_created,free,0.0
1481,u_201237,2026-05-13,account_created,free,0.0
1482,u_201238,2026-04-14,account_created,free,0.0
1483,u_201239,2026-05-10,account_created,free,0.0
1484,u_201239,2026-05-12,upgrade,pro_annual,79.99
1485,u_201240,2026-04-24,account_created,free,0.0
1486,u_201241,2026-03-23,account_created,free,0.0
1487,u_201241,2026-03-28,upgrade,pro_annual,79.99
1488,u_201242,2026-05-18,account_created,free,0.0
1489,u_201243,2026-03-06,account_created,free,0.0
1490,u_201243,2026-03-12,upgrade,pro_monthly,9.99
1491,u_201243,2026-04-08,cancellation,pro_monthly,0.0
1492,u_201244,2026-04-23,account_created,free,0.0
1493,u_201245,2026-04-13,account_created,free,0.0
1494,u_201246,2026-04-09,account_created,free,0.0
1495,u_201247,2026-03-25,account_created,free,0.0
1496,u_201248,2026-06-17,account_created,free,0.0
1497,u_201249,2026-04-15,account_created,free,0.0
1498,u_201250,2026-03-30,account_created,free,0.0
1499,u_201250,2026-04-07,upgrade,pro_annual,79.99
1500,u_201251,2026-06-19,account_created,free,0.0
1501,u_201252,2026-05-04,account_created,free,0.0
1502,u_201253,2026-05-11,account_created,free,0.0
1503,u_201254,2026-05-14,account_created,free,0.0
1504,u_201255,2026-04-28,account_created,free,0.0
1505,u_201256,2026-05-29,account_created,free,0.0
1506,u_201257,2026-06-19,account_created,free,0.0
1507,u_201258,2026-04-21,account_created,free,0.0
1508,u_201259,2026-03-09,account_created,free,0.0
1509,u_201260,2026-06-16,account_created,free,0.0
1510,u_201261,2026-06-17,account_created,free,0.0
1511,u_201262,2026-06-20,account_created,free,0.0
1512,u_201263,2026-05-15,account_created,free,0.0
1513,u_201264,2026-04-07,account_created,free,0.0
1514,u_201265,2026-06-02,account_created,free,0.0
1515,u_201266,2026-05-12,account_created,free,0.0
1516,u_201267,2026-05-05,account_created,free,0.0
1517,u_201268,2026-05-13,account_created,free,0.0
1518,u_201269,2026-05-03,account_created,free,0.0
1519,u_201270,2026-05-19,account_created,free,0.0
1520,u_201271,2026-06-21,account_created,free,0.0
1521,u_201272,2026-06-11,account_created,free,0.0
1522,u_201273,2026-04-22,account_created,free,0.0
1523,u_201274,2026-05-13,account_created,free,0.0
1524,u_201275,2026-03-25,account_created,free,0.0
1525,u_201276,2026-04-27,account_created,free,0.0
1526,u_201277,2026-05-21,account_created,free,0.0
1527,u_201278,2026-06-19,account_created,free,0.0
1528,u_201279,2026-03-11,account_created,free,0.0
1529,u_201280,2026-04-24,account_created,free,0.0
1530,u_201281,2026-05-27,account_created,free,0.0
1531,u_201282,2026-06-11,account_created,free,0.0
1532,u_201283,2026-05-17,account_created,free,0.0
1533,u_201284,2026-03-18,account_created,free,0.0
1534,u_201285,2026-03-28,account_created,free,0.0
1535,u_201286,2026-03-27,account_created,free,0.0
1536,u_201286,2026-04-01,upgrade,pro_annual,79.99
1537,u_201287,2026-04-22,account_created,free,0.0
1538,u_201288,2026-05-02,account_created,free,0.0
1539,u_201288,2026-05-10,upgrade,pro_annual,79.99
1540,u_201289,2026-03-07,account_created,free,0.0
1541,u_201289,2026-03-14,upgrade,pro_annual,79.99
1542,u_201290,2026-04-06,account_created,free,0.0
1543,u_201291,2026-04-14,account_created,free,0.0
1544,u_201292,2026-06-04,account_created,free,0.0
1545,u_201293,2026-03-03,account_created,free,0.0
1546,u_201294,2026-03-19,account_created,free,0.0
1547,u_201294,2026-03-22,upgrade,pro_annual,79.99
1548,u_201295,2026-04-08,account_created,free,0.0
1549,u_201295,2026-04-16,upgrade,pro_monthly,9.99
1550,u_201296,2026-03-09,account_created,free,0.0
1551,u_201297,2026-05-03,account_created,free,0.0
1552,u_201298,2026-05-08,account_created,free,0.0
1553,u_201299,2026-03-22,account_created,free,0.0
1554,u_201300,2026-04-08,account_created,free,0.0
1555,u_201301,2026-05-06,account_created,free,0.0
1556,u_201301,2026-05-12,upgrade,pro_annual,79.99
1557,u_201302,2026-05-07,account_created,free,0.0
1558,u_201303,2026-05-19,account_created,free,0.0
1559,u_201304,2026-06-05,account_created,free,0.0
1560,u_201305,2026-05-04,account_created,free,0.0
1561,u_201306,2026-06-16,account_created,free,0.0
1562,u_201307,2026-05-31,account_created,free,0.0
1563,u_201307,2026-06-04,upgrade,pro_annual,79.99
1564,u_201308,2026-03-02,account_created,free,0.0
1565,u_201309,2026-05-21,account_created,free,0.0
1566,u_201310,2026-06-07,account_created,free,0.0
1567,u_201311,2026-05-01,account_created,free,0.0
1568,u_201312,2026-03-10,account_created,free,0.0
1569,u_201313,2026-04-25,account_created,free,0.0
1570,u_201314,2026-03-12,account_created,free,0.0
1571,u_201315,2026-03-04,account_created,free,0.0
1572,u_201316,2026-03-18,account_created,free,0.0
1573,u_201317,2026-05-07,account_created,free,0.0
1574,u_201318,2026-04-10,account_created,free,0.0
1575,u_201319,2026-03-21,account_created,free,0.0
1576,u_201319,2026-03-27,upgrade,pro_annual,79.99
1577,u_201320,2026-05-06,account_created,free,0.0
1578,u_201321,2026-05-02,account_created,free,0.0
1579,u_201322,2026-04-01,account_created,free,0.0
1580,u_201322,2026-04-04,upgrade,pro_annual,79.99
1581,u_201323,2026-06-12,account_created,free,0.0
1582,u_201324,2026-03-26,account_created,free,0.0
1583,u_201324,2026-04-04,upgrade,pro_monthly,9.99
1584,u_201325,2026-04-18,account_created,free,0.0
1585,u_201326,2026-06-13,account_created,free,0.0
1586,u_201327,2026-05-18,account_created,free,0.0
1587,u_201327,2026-05-22,upgrade,pro_monthly,9.99
1588,u_201328,2026-06-18,account_created,free,0.0
1589,u_201328,2026-06-21,upgrade,pro_monthly,9.99
1590,u_201329,2026-03-07,account_created,free,0.0
1591,u_201330,2026-06-02,account_created,free,0.0
1592,u_201331,2026-04-10,account_created,free,0.0
1593,u_201332,2026-05-03,account_created,free,0.0
1594,u_201333,2026-06-03,account_created,free,0.0
1595,u_201334,2026-03-31,account_created,free,0.0
1596,u_201334,2026-04-05,upgrade,pro_monthly,9.99
1597,u_201335,2026-04-06,account_created,free,0.0
1598,u_201336,2026-03-11,account_created,free,0.0
1599,u_201336,2026-03-19,upgrade,pro_monthly,9.99
1600,u_201337,2026-04-04,account_created,free,0.0
1601,u_201338,2026-06-10,account_created,free,0.0
1602,u_201339,2026-05-15,account_created,free,0.0
1603,u_201340,2026-06-10,account_created,free,0.0
1604,u_201341,2026-04-20,account_created,free,0.0
1605,u_201342,2026-03-09,account_created,free,0.0
1606,u_201343,2026-04-10,account_created,free,0.0
1607,u_201343,2026-04-11,upgrade,pro_monthly,9.99
1608,u_201344,2026-03-06,account_created,free,0.0
1609,u_201345,2026-03-03,account_created,free,0.0
1610,u_201346,2026-03-23,account_created,free,0.0
1611,u_201346,2026-03-24,upgrade,pro_annual,79.99
1612,u_201346,2026-04-26,cancellation,pro_annual,0.0
1613,u_201347,2026-05-11,account_created,free,0.0
1614,u_201348,2026-06-09,account_created,free,0.0
1615,u_201349,2026-04-10,account_created,free,0.0
1616,u_201350,2026-04-26,account_created,free,0.0
1617,u_201351,2026-03-23,account_created,free,0.0
1618,u_201352,2026-04-12,account_created,free,0.0
1619,u_201353,2026-04-05,account_created,free,0.0
1620,u_201354,2026-03-14,account_created,free,0.0
1621,u_201354,2026-03-18,upgrade,pro_annual,79.99
1622,u_201355,2026-05-09,account_created,free,0.0
1623,u_201356,2026-05-19,account_created,free,0.0
1624,u_201357,2026-03-17,account_created,free,0.0
1625,u_201358,2026-06-10,account_created,free,0.0
1626,u_201359,2026-05-17,account_created,free,0.0
1627,u_201360,2026-05-26,account_created,free,0.0
1628,u_201360,2026-05-27,upgrade,pro_monthly,9.99
1629,u_201361,2026-05-27,account_created,free,0.0
1630,u_201362,2026-04-16,account_created,free,0.0
1631,u_201363,2026-06-10,account_created,free,0.0
1632,u_201364,2026-05-04,account_created,free,0.0
1633,u_201365,2026-05-21,account_created,free,0.0
1634,u_201365,2026-05-29,upgrade,enterprise,299.0
1635,u_201366,2026-05-09,account_created,free,0.0
1636,u_201367,2026-05-02,account_created,free,0.0
1637,u_201368,2026-04-19,account_created,free,0.0
1638,u_201369,2026-04-25,account_created,free,0.0
1639,u_201370,2026-05-18,account_created,free,0.0
1640,u_201370,2026-05-24,upgrade,pro_monthly,9.99
1641,u_201371,2026-06-01,account_created,free,0.0
1642,u_201371,2026-06-04,upgrade,pro_annual,79.99
1643,u_201372,2026-04-04,account_created,free,0.0
1644,u_201373,2026-06-10,account_created,free,0.0
1645,u_201374,2026-03-16,account_created,free,0.0
1646,u_201375,2026-04-11,account_created,free,0.0
1647,u_201376,2026-05-31,account_created,free,0.0
1648,u_201377,2026-06-13,account_created,free,0.0
1649,u_201377,2026-06-22,upgrade,pro_monthly,9.99
1650,u_201378,2026-03-26,account_created,free,0.0
1651,u_201379,2026-05-15,account_created,free,0.0
1652,u_201380,2026-05-16,account_created,free,0.0
1653,u_201381,2026-05-13,account_created,free,0.0
1654,u_201382,2026-05-28,account_created,free,0.0
1655,u_201382,2026-06-06,upgrade,pro_annual,79.99
1656,u_201383,2026-04-05,account_created,free,0.0
1657,u_201384,2026-05-29,account_created,free,0.0
1658,u_201385,2026-06-14,account_created,free,0.0
1659,u_201386,2026-03-23,account_created,free,0.0
1660,u_201387,2026-06-18,account_created,free,0.0
1661,u_201388,2026-03-04,account_created,free,0.0
1662,u_201389,2026-04-04,account_created,free,0.0
1663,u_201390,2026-05-29,account_created,free,0.0
1664,u_201391,2026-03-31,account_created,free,0.0
1665,u_201392,2026-05-28,account_created,free,0.0
1666,u_201393,2026-04-20,account_created,free,0.0
1667,u_201394,2026-03-06,account_created,free,0.0
1668,u_201395,2026-06-06,account_created,free,0.0
1669,u_201396,2026-04-23,account_created,free,0.0
1670,u_201397,2026-04-04,account_created,free,0.0
1671,u_201397,2026-04-06,upgrade,pro_monthly,9.99
1672,u_201398,2026-04-13,account_created,free,0.0
1673,u_201398,2026-04-19,upgrade,pro_monthly,9.99
1674,u_201398,2026-06-09,cancellation,pro_monthly,0.0
1675,u_201399,2026-05-27,account_created,free,0.0
1676,u_201400,2026-03-03,account_created,free,0.0
1677,u_201401,2026-03-26,account_created,free,0.0
1678,u_201402,2026-04-18,account_created,free,0.0
1679,u_201403,2026-04-18,account_created,free,0.0
1680,u_201404,2026-03-17,account_created,free,0.0
1681,u_201404,2026-03-24,upgrade,pro_annual,79.99
1682,u_201405,2026-04-14,account_created,free,0.0
1683,u_201405,2026-04-16,upgrade,pro_monthly,9.99
1684,u_201406,2026-04-06,account_created,free,0.0
1685,u_201406,2026-04-15,upgrade,pro_monthly,9.99
1686,u_201407,2026-04-08,account_created,free,0.0
1687,u_201408,2026-03-16,account_created,free,0.0
1688,u_201408,2026-03-21,upgrade,pro_monthly,9.99
1689,u_201409,2026-04-12,account_created,free,0.0
1690,u_201410,2026-05-10,account_created,free,0.0
1691,u_201411,2026-05-31,account_created,free,0.0
1692,u_201412,2026-06-09,account_created,free,0.0
1693,u_201413,2026-06-10,account_created,free,0.0
1694,u_201414,2026-06-08,account_created,free,0.0
1695,u_201415,2026-06-11,account_created,free,0.0
1696,u_201416,2026-03-02,account_created,free,0.0
1697,u_201417,2026-03-25,account_created,free,0.0
1698,u_201418,2026-05-23,account_created,free,0.0
1699,u_201419,2026-03-18,account_created,free,0.0
1700,u_201420,2026-03-17,account_created,free,0.0
1701,u_201420,2026-03-22,upgrade,pro_monthly,9.99
1702,u_201421,2026-03-04,account_created,free,0.0
1703,u_201421,2026-03-11,upgrade,pro_annual,79.99
1704,u_201422,2026-04-28,account_created,free,0.0
1705,u_201423,2026-03-27,account_created,free,0.0
1706,u_201424,2026-04-11,account_created,free,0.0
1707,u_201425,2026-06-11,account_created,free,0.0
1708,u_201426,2026-06-05,account_created,free,0.0
1709,u_201427,2026-06-19,account_created,free,0.0
1710,u_201428,2026-05-05,account_created,free,0.0
1711,u_201429,2026-05-23,account_created,free,0.0
1712,u_201430,2026-06-07,account_created,free,0.0
1713,u_201431,2026-06-02,account_created,free,0.0
1714,u_201432,2026-06-04,account_created,free,0.0
1715,u_201432,2026-06-08,upgrade,pro_monthly,9.99
1716,u_201433,2026-03-21,account_created,free,0.0
1717,u_201434,2026-05-02,account_created,free,0.0
1718,u_201435,2026-04-07,account_created,free,0.0
1719,u_201435,2026-04-11,upgrade,pro_monthly,9.99
1720,u_201436,2026-03-23,account_created,free,0.0
1721,u_201437,2026-04-15,account_created,free,0.0
1722,u_201438,2026-05-31,account_created,free,0.0
1723,u_201439,2026-06-15,account_created,free,0.0
1724,u_201440,2026-06-13,account_created,free,0.0
1725,u_201441,2026-04-12,account_created,free,0.0
1726,u_201441,2026-04-19,upgrade,pro_monthly,9.99
1727,u_201442,2026-04-17,account_created,free,0.0
1728,u_201443,2026-05-17,account_created,free,0.0
1729,u_201444,2026-04-11,account_created,free,0.0
1730,u_201445,2026-04-26,account_created,free,0.0
1731,u_201446,2026-03-04,account_created,free,0.0
1732,u_201447,2026-03-18,account_created,free,0.0
1733,u_201448,2026-04-23,account_created,free,0.0
1734,u_201449,2026-03-11,account_created,free,0.0
1735,u_201450,2026-03-21,account_created,free,0.0
1736,u_201451,2026-03-27,account_created,free,0.0
1737,u_201452,2026-05-14,account_created,free,0.0
1738,u_201453,2026-04-17,account_created,free,0.0
1739,u_201454,2026-04-02,account_created,free,0.0
1740,u_201455,2026-04-03,account_created,free,0.0
1741,u_201455,2026-04-10,upgrade,pro_monthly,9.99
1742,u_201456,2026-06-03,account_created,free,0.0
1743,u_201456,2026-06-09,upgrade,pro_annual,79.99
1744,u_201457,2026-04-19,account_created,free,0.0
1745,u_201457,2026-04-20,upgrade,pro_monthly,9.99
1746,u_201457,2026-06-01,cancellation,pro_monthly,0.0
1747,u_201458,2026-05-03,account_created,free,0.0
1748,u_201459,2026-03-05,account_created,free,0.0
1749,u_201460,2026-06-21,account_created,free,0.0
1750,u_201461,2026-03-31,account_created,free,0.0
1751,u_201462,2026-04-13,account_created,free,0.0
1752,u_201463,2026-03-13,account_created,free,0.0
1753,u_201464,2026-04-02,account_created,free,0.0
1754,u_201465,2026-05-05,account_created,free,0.0
1755,u_201466,2026-06-12,account_created,free,0.0
1756,u_201467,2026-03-07,account_created,free,0.0
1757,u_201468,2026-05-18,account_created,free,0.0
1758,u_201468,2026-05-26,upgrade,pro_monthly,9.99
1759,u_201469,2026-03-17,account_created,free,0.0
1760,u_201470,2026-04-01,account_created,free,0.0
1761,u_201471,2026-06-17,account_created,free,0.0
1762,u_201472,2026-05-07,account_created,free,0.0
1763,u_201473,2026-03-01,account_created,free,0.0
1764,u_201474,2026-03-14,account_created,free,0.0
1765,u_201475,2026-04-03,account_created,free,0.0
1766,u_201476,2026-06-14,account_created,free,0.0
1767,u_201477,2026-06-16,account_created,free,0.0
1768,u_201478,2026-04-24,account_created,free,0.0
1769,u_201479,2026-05-14,account_created,free,0.0
1770,u_201480,2026-03-26,account_created,free,0.0
1771,u_201481,2026-05-12,account_created,free,0.0
1772,u_201482,2026-03-27,account_created,free,0.0
1773,u_201483,2026-05-09,account_created,free,0.0
1774,u_201484,2026-05-07,account_created,free,0.0
1775,u_201485,2026-04-11,account_created,free,0.0
1776,u_201485,2026-04-19,upgrade,pro_monthly,9.99
1777,u_201486,2026-03-30,account_created,free,0.0
1778,u_201487,2026-06-04,account_created,free,0.0
1779,u_201488,2026-03-30,account_created,free,0.0
1780,u_201489,2026-04-26,account_created,free,0.0
1781,u_201490,2026-06-15,account_created,free,0.0
1782,u_201491,2026-05-08,account_created,free,0.0
1783,u_201491,2026-05-10,upgrade,pro_monthly,9.99
1784,u_201492,2026-06-15,account_created,free,0.0
1785,u_201492,2026-06-21,upgrade,pro_monthly,9.99
1786,u_201493,2026-04-10,account_created,free,0.0
1787,u_201494,2026-05-12,account_created,free,0.0
1788,u_201494,2026-05-20,upgrade,pro_annual,79.99
1789,u_201494,2026-06-09,cancellation,pro_annual,0.0
1790,u_201495,2026-06-04,account_created,free,0.0
1791,u_201496,2026-06-18,account_created,free,0.0
1792,u_201497,2026-05-23,account_created,free,0.0
1793,u_201498,2026-03-12,account_created,free,0.0
1794,u_201499,2026-03-06,account_created,free,0.0
1795,u_201500,2026-04-09,account_created,free,0.0
1796,u_201501,2026-04-24,account_created,free,0.0
1797,u_201501,2026-04-25,upgrade,pro_monthly,9.99
1798,u_201502,2026-03-25,account_created,free,0.0
1799,u_201503,2026-04-06,account_created,free,0.0
1800,u_201504,2026-04-17,account_created,free,0.0
1801,u_201505,2026-04-12,account_created,free,0.0
1802,u_201506,2026-06-09,account_created,free,0.0
1803,u_201507,2026-06-05,account_created,free,0.0
1804,u_201508,2026-03-20,account_created,free,0.0
1805,u_201509,2026-04-19,account_created,free,0.0
1806,u_201510,2026-03-29,account_created,free,0.0
1807,u_201510,2026-03-31,upgrade,pro_monthly,9.99
1808,u_201510,2026-06-05,cancellation,pro_monthly,0.0
1809,u_201511,2026-03-01,account_created,free,0.0
1810,u_201512,2026-05-23,account_created,free,0.0
1811,u_201513,2026-06-18,account_created,free,0.0
1812,u_201514,2026-05-14,account_created,free,0.0
1813,u_201515,2026-04-01,account_created,free,0.0
1814,u_201516,2026-04-25,account_created,free,0.0
1815,u_201516,2026-05-02,upgrade,pro_monthly,9.99
1816,u_201517,2026-04-03,account_created,free,0.0
1817,u_201518,2026-03-13,account_created,free,0.0
1818,u_201518,2026-03-14,upgrade,pro_monthly,9.99
1819,u_201519,2026-06-08,account_created,free,0.0
1820,u_201520,2026-04-25,account_created,free,0.0
1821,u_201521,2026-05-21,account_created,free,0.0
1822,u_201522,2026-04-05,account_created,free,0.0
1823,u_201523,2026-06-08,account_created,free,0.0
1824,u_201524,2026-06-04,account_created,free,0.0
1825,u_201524,2026-06-13,upgrade,pro_annual,79.99
1826,u_201525,2026-05-09,account_created,free,0.0
1827,u_201526,2026-05-30,account_created,free,0.0
1828,u_201527,2026-05-31,account_created,free,0.0
1829,u_201528,2026-06-17,account_created,free,0.0
1830,u_201529,2026-06-02,account_created,free,0.0
1831,u_201529,2026-06-03,upgrade,pro_annual,79.99
1832,u_201530,2026-03-05,account_created,free,0.0
1833,u_201531,2026-03-31,account_created,free,0.0
1834,u_201532,2026-03-08,account_created,free,0.0
1835,u_201533,2026-03-24,account_created,free,0.0
1836,u_201534,2026-04-22,account_created,free,0.0
1837,u_201535,2026-05-02,account_created,free,0.0
1838,u_201536,2026-03-10,account_created,free,0.0
1839,u_201537,2026-05-24,account_created,free,0.0
1840,u_201538,2026-04-28,account_created,free,0.0
1841,u_201539,2026-04-07,account_created,free,0.0
1842,u_201540,2026-03-18,account_created,free,0.0
1843,u_201541,2026-05-10,account_created,free,0.0
1844,u_201542,2026-06-12,account_created,free,0.0
1845,u_201543,2026-05-31,account_created,free,0.0
1846,u_201544,2026-03-28,account_created,free,0.0
1847,u_201545,2026-04-12,account_created,free,0.0
1848,u_201546,2026-05-04,account_created,free,0.0
1849,u_201547,2026-05-09,account_created,free,0.0
1850,u_201547,2026-05-13,upgrade,pro_annual,79.99
1851,u_201547,2026-06-25,cancellation,pro_annual,0.0
1852,u_201548,2026-03-01,account_created,free,0.0
1853,u_201549,2026-04-27,account_created,free,0.0
1854,u_201550,2026-03-19,account_created,free,0.0
1855,u_201551,2026-04-13,account_created,free,0.0
1856,u_201552,2026-05-07,account_created,free,0.0
1857,u_201553,2026-04-14,account_created,free,0.0
1858,u_201554,2026-06-21,account_created,free,0.0
1859,u_201554,2026-06-24,upgrade,pro_annual,79.99
1860,u_201555,2026-04-21,account_created,free,0.0
1861,u_201556,2026-05-16,account_created,free,0.0
1862,u_201557,2026-04-29,account_created,free,0.0
1863,u_201557,2026-05-03,upgrade,pro_monthly,9.99
1864,u_201558,2026-05-26,account_created,free,0.0
1865,u_201559,2026-03-08,account_created,free,0.0
1866,u_201560,2026-06-10,account_created,free,0.0
1867,u_201561,2026-03-30,account_created,free,0.0
1868,u_201562,2026-04-10,account_created,free,0.0
1869,u_201563,2026-03-11,account_created,free,0.0
1870,u_201564,2026-04-10,account_created,free,0.0
1871,u_201565,2026-06-01,account_created,free,0.0
1872,u_201566,2026-04-27,account_created,free,0.0
1873,u_201567,2026-03-10,account_created,free,0.0
1874,u_201568,2026-03-06,account_created,free,0.0
1875,u_201569,2026-05-01,account_created,free,0.0
1876,u_201570,2026-05-03,account_created,free,0.0
1877,u_201571,2026-06-05,account_created,free,0.0
1878,u_201572,2026-05-17,account_created,free,0.0
1879,u_201573,2026-04-20,account_created,free,0.0
1880,u_201573,2026-04-29,upgrade,pro_monthly,9.99
1881,u_201574,2026-04-06,account_created,free,0.0
1882,u_201574,2026-04-15,upgrade,pro_monthly,9.99
1883,u_201575,2026-06-15,account_created,free,0.0
1884,u_201576,2026-06-19,account_created,free,0.0
1885,u_201576,2026-06-21,upgrade,pro_monthly,9.99
1886,u_201577,2026-04-19,account_created,free,0.0
1887,u_201578,2026-03-30,account_created,free,0.0
1888,u_201579,2026-05-05,account_created,free,0.0
1889,u_201580,2026-05-31,account_created,free,0.0
1890,u_201581,2026-03-27,account_created,free,0.0
1891,u_201582,2026-06-07,account_created,free,0.0
1892,u_201583,2026-03-01,account_created,free,0.0
1893,u_201584,2026-05-09,account_created,free,0.0
1894,u_201585,2026-03-07,account_created,free,0.0
1895,u_201586,2026-04-25,account_created,free,0.0
1896,u_201587,2026-04-07,account_created,free,0.0
1897,u_201588,2026-06-06,account_created,free,0.0
1898,u_201589,2026-03-19,account_created,free,0.0
1899,u_201589,2026-03-28,upgrade,pro_annual,79.99
1900,u_201590,2026-05-29,account_created,free,0.0
1901,u_201591,2026-06-03,account_created,free,0.0
1902,u_201592,2026-03-25,account_created,free,0.0
1903,u_201593,2026-05-20,account_created,free,0.0
1904,u_201594,2026-03-04,account_created,free,0.0
1905,u_201595,2026-05-13,account_created,free,0.0
1906,u_201596,2026-05-11,account_created,free,0.0
1907,u_201597,2026-05-07,account_created,free,0.0
1908,u_201597,2026-05-10,upgrade,pro_monthly,9.99
1909,u_201598,2026-06-12,account_created,free,0.0
1910,u_201599,2026-05-07,account_created,free,0.0
1911,u_201600,2026-05-15,account_created,free,0.0
1912,u_201601,2026-06-06,account_created,free,0.0
1913,u_201602,2026-04-27,account_created,free,0.0
1914,u_201603,2026-03-28,account_created,free,0.0
1915,u_201604,2026-04-13,account_created,free,0.0
1916,u_201605,2026-05-14,account_created,free,0.0
1917,u_201606,2026-05-06,account_created,free,0.0
1918,u_201607,2026-03-28,account_created,free,0.0
1919,u_201607,2026-04-05,upgrade,pro_monthly,9.99
1920,u_201608,2026-05-03,account_created,free,0.0
1921,u_201609,2026-03-26,account_created,free,0.0
1922,u_201610,2026-04-28,account_created,free,0.0
1923,u_201611,2026-06-19,account_created,free,0.0
1924,u_201612,2026-03-14,account_created,free,0.0
1925,u_201613,2026-04-28,account_created,free,0.0
1926,u_201614,2026-06-04,account_created,free,0.0
1927,u_201615,2026-06-20,account_created,free,0.0
1928,u_201616,2026-03-11,account_created,free,0.0
1929,u_201616,2026-03-20,upgrade,pro_monthly,9.99
1930,u_201617,2026-06-14,account_created,free,0.0
1931,u_201618,2026-03-12,account_created,free,0.0
1932,u_201619,2026-05-26,account_created,free,0.0
1933,u_201620,2026-05-13,account_created,free,0.0
1934,u_201621,2026-03-06,account_created,free,0.0
1935,u_201622,2026-04-23,account_created,free,0.0
1936,u_201622,2026-04-29,upgrade,pro_annual,79.99
1937,u_201623,2026-03-30,account_created,free,0.0
1938,u_201624,2026-03-11,account_created,free,0.0
1939,u_201625,2026-05-12,account_created,free,0.0
1940,u_201626,2026-04-18,account_created,free,0.0
1941,u_201627,2026-03-11,account_created,free,0.0
1942,u_201628,2026-03-16,account_created,free,0.0
1943,u_201629,2026-03-25,account_created,free,0.0
1944,u_201630,2026-05-17,account_created,free,0.0
1945,u_201631,2026-04-11,account_created,free,0.0
1946,u_201631,2026-04-14,upgrade,pro_annual,79.99
1947,u_201632,2026-03-14,account_created,free,0.0
1948,u_201633,2026-06-13,account_created,free,0.0
1949,u_201634,2026-04-13,account_created,free,0.0
1950,u_201635,2026-04-25,account_created,free,0.0
1951,u_201635,2026-04-30,upgrade,pro_annual,79.99
1952,u_201636,2026-05-14,account_created,free,0.0
1953,u_201637,2026-04-03,account_created,free,0.0
1954,u_201638,2026-03-25,account_created,free,0.0
1955,u_201639,2026-05-27,account_created,free,0.0
1956,u_201639,2026-05-30,upgrade,pro_monthly,9.99
1957,u_201640,2026-04-14,account_created,free,0.0
1958,u_201641,2026-03-11,account_created,free,0.0
1959,u_201642,2026-06-20,account_created,free,0.0
1960,u_201642,2026-06-27,upgrade,pro_annual,79.99
1961,u_201643,2026-05-01,account_created,free,0.0
1962,u_201644,2026-06-10,account_created,free,0.0
1963,u_201645,2026-05-29,account_created,free,0.0
1964,u_201646,2026-03-31,account_created,free,0.0
1965,u_201647,2026-03-31,account_created,free,0.0
1966,u_201648,2026-05-06,account_created,free,0.0
1967,u_201649,2026-04-18,account_created,free,0.0
1968,u_201650,2026-03-22,account_created,free,0.0
1969,u_201650,2026-03-27,upgrade,pro_monthly,9.99
1970,u_201651,2026-03-31,account_created,free,0.0
1971,u_201651,2026-04-08,upgrade,pro_monthly,9.99
1972,u_201652,2026-06-17,account_created,free,0.0
1973,u_201653,2026-06-12,account_created,free,0.0
1974,u_201654,2026-03-13,account_created,free,0.0
1975,u_201655,2026-05-30,account_created,free,0.0
1976,u_201656,2026-04-28,account_created,free,0.0
1977,u_201657,2026-06-01,account_created,free,0.0
1978,u_201657,2026-06-08,upgrade,pro_monthly,9.99
1979,u_201658,2026-04-26,account_created,free,0.0
1980,u_201659,2026-05-09,account_created,free,0.0
1981,u_201659,2026-05-11,upgrade,pro_monthly,9.99
1982,u_201660,2026-05-21,account_created,free,0.0
1983,u_201661,2026-06-17,account_created,free,0.0
1984,u_201662,2026-03-16,account_created,free,0.0
1985,u_201663,2026-04-16,account_created,free,0.0
1986,u_201664,2026-06-08,account_created,free,0.0
1987,u_201664,2026-06-16,upgrade,pro_annual,79.99
1988,u_201665,2026-03-16,account_created,free,0.0
1989,u_201666,2026-05-31,account_created,free,0.0
1990,u_201667,2026-03-09,account_created,free,0.0
1991,u_201668,2026-06-18,account_created,free,0.0
1992,u_201669,2026-05-31,account_created,free,0.0
1993,u_201670,2026-04-11,account_created,free,0.0
1994,u_201671,2026-03-10,account_created,free,0.0
1995,u_201672,2026-05-22,account_created,free,0.0
1996,u_201673,2026-05-20,account_created,free,0.0
1997,u_201674,2026-03-17,account_created,free,0.0
1998,u_201674,2026-03-19,upgrade,pro_monthly,9.99
1999,u_201675,2026-05-09,account_created,free,0.0
2000,u_201676,2026-06-16,account_created,free,0.0
2001,u_201677,2026-05-24,account_created,free,0.0
2002,u_201678,2026-04-18,account_created,free,0.0
2003,u_201678,2026-04-19,upgrade,pro_annual,79.99
2004,u_201679,2026-04-26,account_created,free,0.0
2005,u_201680,2026-03-08,account_created,free,0.0
2006,u_201681,2026-04-05,account_created,free,0.0
2007,u_201682,2026-05-04,account_created,free,0.0
2008,u_201683,2026-06-20,account_created,free,0.0
2009,u_201683,2026-06-26,upgrade,pro_monthly,9.99
2010,u_201684,2026-05-15,account_created,free,0.0
2011,u_201685,2026-05-01,account_created,free,0.0
2012,u_201686,2026-05-19,account_created,free,0.0
2013,u_201687,2026-05-08,account_created,free,0.0
2014,u_201688,2026-04-12,account_created,free,0.0
2015,u_201689,2026-05-24,account_created,free,0.0
2016,u_201689,2026-05-31,upgrade,enterprise,299.0
2017,u_201690,2026-04-20,account_created,free,0.0
2018,u_201690,2026-04-25,upgrade,pro_monthly,9.99
2019,u_201691,2026-05-17,account_created,free,0.0
2020,u_201692,2026-04-11,account_created,free,0.0
2021,u_201693,2026-05-31,account_created,free,0.0
2022,u_201693,2026-06-01,upgrade,pro_monthly,9.99
2023,u_201694,2026-04-25,account_created,free,0.0
2024,u_201694,2026-04-30,upgrade,pro_monthly,9.99
2025,u_201694,2026-06-03,cancellation,pro_monthly,0.0
2026,u_201695,2026-05-29,account_created,free,0.0
2027,u_201696,2026-03-06,account_created,free,0.0
2028,u_201697,2026-06-12,account_created,free,0.0
2029,u_201698,2026-03-09,account_created,free,0.0
2030,u_201699,2026-05-31,account_created,free,0.0
2031,u_201699,2026-06-04,upgrade,pro_monthly,9.99
2032,u_201700,2026-03-06,account_created,free,0.0
2033,u_201701,2026-05-04,account_created,free,0.0
2034,u_201702,2026-03-04,account_created,free,0.0
2035,u_201703,2026-03-11,account_created,free,0.0
2036,u_201704,2026-03-22,account_created,free,0.0
2037,u_201705,2026-04-16,account_created,free,0.0
2038,u_201705,2026-04-23,upgrade,pro_monthly,9.99
2039,u_201706,2026-03-27,account_created,free,0.0
2040,u_201707,2026-04-25,account_created,free,0.0
2041,u_201708,2026-04-02,account_created,free,0.0
2042,u_201709,2026-05-14,account_created,free,0.0
2043,u_201710,2026-05-17,account_created,free,0.0
2044,u_201711,2026-06-05,account_created,free,0.0
2045,u_201712,2026-04-22,account_created,free,0.0
2046,u_201713,2026-04-04,account_created,free,0.0
2047,u_201714,2026-06-04,account_created,free,0.0
2048,u_201715,2026-03-31,account_created,free,0.0
2049,u_201716,2026-03-06,account_created,free,0.0
2050,u_201716,2026-03-12,upgrade,pro_monthly,9.99
2051,u_201717,2026-06-07,account_created,free,0.0
2052,u_201718,2026-05-22,account_created,free,0.0
2053,u_201719,2026-06-21,account_created,free,0.0
2054,u_201720,2026-03-18,account_created,free,0.0
2055,u_201721,2026-04-13,account_created,free,0.0
2056,u_201722,2026-03-29,account_created,free,0.0
2057,u_201723,2026-06-06,account_created,free,0.0
2058,u_201724,2026-06-18,account_created,free,0.0
2059,u_201725,2026-05-23,account_created,free,0.0
2060,u_201726,2026-05-23,account_created,free,0.0
2061,u_201727,2026-04-22,account_created,free,0.0
2062,u_201728,2026-06-03,account_created,free,0.0
2063,u_201729,2026-04-23,account_created,free,0.0
2064,u_201730,2026-06-01,account_created,free,0.0
2065,u_201730,2026-06-09,upgrade,pro_annual,79.99
2066,u_201731,2026-03-09,account_created,free,0.0
2067,u_201732,2026-05-07,account_created,free,0.0
2068,u_201732,2026-05-15,upgrade,pro_monthly,9.99
2069,u_201733,2026-06-15,account_created,free,0.0
2070,u_201734,2026-03-01,account_created,free,0.0
2071,u_201735,2026-03-06,account_created,free,0.0
2072,u_201736,2026-05-01,account_created,free,0.0
2073,u_201737,2026-05-27,account_created,free,0.0
2074,u_201737,2026-05-29,upgrade,pro_monthly,9.99
2075,u_201738,2026-04-08,account_created,free,0.0
2076,u_201738,2026-04-17,upgrade,pro_monthly,9.99
2077,u_201739,2026-04-17,account_created,free,0.0
2078,u_201739,2026-04-23,upgrade,pro_monthly,9.99
2079,u_201739,2026-05-12,cancellation,pro_monthly,0.0
2080,u_201740,2026-03-23,account_created,free,0.0
2081,u_201741,2026-03-18,account_created,free,0.0
2082,u_201742,2026-05-28,account_created,free,0.0
2083,u_201743,2026-03-09,account_created,free,0.0
2084,u_201744,2026-03-05,account_created,free,0.0
2085,u_201745,2026-03-09,account_created,free,0.0
2086,u_201746,2026-03-21,account_created,free,0.0
2087,u_201747,2026-03-11,account_created,free,0.0
2088,u_201748,2026-06-19,account_created,free,0.0
2089,u_201748,2026-06-24,upgrade,pro_monthly,9.99
2090,u_201749,2026-03-05,account_created,free,0.0
2091,u_201750,2026-03-21,account_created,free,0.0
2092,u_201751,2026-04-28,account_created,free,0.0
2093,u_201752,2026-04-12,account_created,free,0.0
2094,u_201752,2026-04-16,upgrade,pro_monthly,9.99
2095,u_201753,2026-03-13,account_created,free,0.0
2096,u_201754,2026-03-21,account_created,free,0.0
2097,u_201755,2026-05-22,account_created,free,0.0
2098,u_201756,2026-03-26,account_created,free,0.0
2099,u_201757,2026-06-04,account_created,free,0.0
2100,u_201758,2026-04-01,account_created,free,0.0
2101,u_201758,2026-04-06,upgrade,enterprise,299.0
2102,u_201758,2026-05-30,cancellation,enterprise,0.0
2103,u_201759,2026-04-15,account_created,free,0.0
2104,u_201760,2026-03-27,account_created,free,0.0
2105,u_201761,2026-03-04,account_created,free,0.0
2106,u_201762,2026-04-23,account_created,free,0.0
2107,u_201763,2026-04-20,account_created,free,0.0
2108,u_201764,2026-06-18,account_created,free,0.0
2109,u_201765,2026-05-15,account_created,free,0.0
2110,u_201766,2026-03-03,account_created,free,0.0
2111,u_201767,2026-04-12,account_created,free,0.0
2112,u_201768,2026-03-02,account_created,free,0.0
2113,u_201769,2026-06-14,account_created,free,0.0
2114,u_201770,2026-05-24,account_created,free,0.0
2115,u_201771,2026-05-15,account_created,free,0.0
2116,u_201772,2026-04-24,account_created,free,0.0
2117,u_201773,2026-05-12,account_created,free,0.0
2118,u_201774,2026-03-15,account_created,free,0.0
2119,u_201775,2026-03-28,account_created,free,0.0
2120,u_201776,2026-06-09,account_created,free,0.0
2121,u_201777,2026-06-14,account_created,free,0.0
2122,u_201778,2026-06-18,account_created,free,0.0
2123,u_201779,2026-05-17,account_created,free,0.0
2124,u_201780,2026-03-05,account_created,free,0.0
2125,u_201780,2026-03-09,upgrade,pro_annual,79.99
2126,u_201781,2026-03-02,account_created,free,0.0
2127,u_201782,2026-04-10,account_created,free,0.0
2128,u_201783,2026-04-01,account_created,free,0.0
2129,u_201784,2026-04-16,account_created,free,0.0
2130,u_201785,2026-05-11,account_created,free,0.0
2131,u_201786,2026-03-12,account_created,free,0.0
2132,u_201787,2026-05-14,account_created,free,0.0
2133,u_201788,2026-04-11,account_created,free,0.0
2134,u_201789,2026-04-16,account_created,free,0.0
2135,u_201789,2026-04-22,upgrade,pro_annual,79.99
2136,u_201790,2026-06-03,account_created,free,0.0
2137,u_201791,2026-03-08,account_created,free,0.0
2138,u_201792,2026-06-01,account_created,free,0.0
2139,u_201793,2026-03-01,account_created,free,0.0
2140,u_201794,2026-05-20,account_created,free,0.0
2141,u_201794,2026-05-22,upgrade,pro_annual,79.99
2142,u_201795,2026-06-21,account_created,free,0.0
2143,u_201796,2026-06-21,account_created,free,0.0
2144,u_201797,2026-05-19,account_created,free,0.0
2145,u_201798,2026-04-21,account_created,free,0.0
2146,u_201799,2026-03-25,account_created,free,0.0
2147,u_201800,2026-03-22,account_created,free,0.0
2148,u_201801,2026-03-27,account_created,free,0.0
2149,u_201802,2026-03-29,account_created,free,0.0
2150,u_201802,2026-04-04,upgrade,pro_monthly,9.99
2151,u_201802,2026-05-31,cancellation,pro_monthly,0.0
2152,u_201803,2026-05-22,account_created,free,0.0
2153,u_201803,2026-05-23,upgrade,pro_annual,79.99
2154,u_201804,2026-05-07,account_created,free,0.0
2155,u_201805,2026-04-15,account_created,free,0.0
2156,u_201806,2026-03-20,account_created,free,0.0
2157,u_201806,2026-03-26,upgrade,pro_annual,79.99
2158,u_201807,2026-06-18,account_created,free,0.0
2159,u_201808,2026-04-18,account_created,free,0.0
2160,u_201809,2026-06-09,account_created,free,0.0
2161,u_201809,2026-06-12,upgrade,pro_annual,79.99
2162,u_201810,2026-05-27,account_created,free,0.0
2163,u_201811,2026-04-07,account_created,free,0.0
2164,u_201812,2026-03-17,account_created,free,0.0
2165,u_201813,2026-06-10,account_created,free,0.0
2166,u_201814,2026-06-20,account_created,free,0.0
2167,u_201815,2026-04-01,account_created,free,0.0
2168,u_201815,2026-04-03,upgrade,pro_monthly,9.99
2169,u_201816,2026-04-08,account_created,free,0.0
2170,u_201817,2026-05-30,account_created,free,0.0
2171,u_201818,2026-06-12,account_created,free,0.0
2172,u_201819,2026-05-28,account_created,free,0.0
2173,u_201820,2026-03-06,account_created,free,0.0
2174,u_201821,2026-03-09,account_created,free,0.0
2175,u_201822,2026-03-11,account_created,free,0.0
2176,u_201823,2026-06-08,account_created,free,0.0
2177,u_201824,2026-05-25,account_created,free,0.0
2178,u_201825,2026-06-13,account_created,free,0.0
2179,u_201826,2026-03-03,account_created,free,0.0
2180,u_201827,2026-05-14,account_created,free,0.0
2181,u_201828,2026-06-10,account_created,free,0.0
2182,u_201829,2026-06-01,account_created,free,0.0
2183,u_201829,2026-06-03,upgrade,pro_annual,79.99
2184,u_201830,2026-03-06,account_created,free,0.0
2185,u_201831,2026-04-16,account_created,free,0.0
2186,u_201832,2026-04-07,account_created,free,0.0
2187,u_201833,2026-04-29,account_created,free,0.0
2188,u_201833,2026-05-04,upgrade,pro_annual,79.99
2189,u_201834,2026-04-03,account_created,free,0.0
2190,u_201835,2026-05-15,account_created,free,0.0
2191,u_201835,2026-05-19,upgrade,pro_annual,79.99
2192,u_201836,2026-03-15,account_created,free,0.0
2193,u_201837,2026-03-04,account_created,free,0.0
2194,u_201838,2026-05-25,account_created,free,0.0
2195,u_201839,2026-06-08,account_created,free,0.0
2196,u_201840,2026-03-29,account_created,free,0.0
2197,u_201841,2026-05-22,account_created,free,0.0
2198,u_201842,2026-03-25,account_created,free,0.0
2199,u_201843,2026-05-15,account_created,free,0.0
2200,u_201843,2026-05-24,upgrade,enterprise,299.0
2201,u_201844,2026-05-20,account_created,free,0.0
2202,u_201845,2026-06-20,account_created,free,0.0
2203,u_201846,2026-05-12,account_created,free,0.0
2204,u_201846,2026-05-15,upgrade,pro_monthly,9.99
2205,u_201847,2026-05-04,account_created,free,0.0
2206,u_201848,2026-06-16,account_created,free,0.0
2207,u_201849,2026-05-20,account_created,free,0.0
2208,u_201849,2026-05-22,upgrade,pro_annual,79.99
2209,u_201850,2026-05-18,account_created,free,0.0
2210,u_201851,2026-04-15,account_created,free,0.0
2211,u_201852,2026-03-20,account_created,free,0.0
2212,u_201852,2026-03-28,upgrade,pro_annual,79.99
2213,u_201853,2026-03-02,account_created,free,0.0
2214,u_201854,2026-04-05,account_created,free,0.0
2215,u_201855,2026-06-04,account_created,free,0.0
2216,u_201856,2026-04-19,account_created,free,0.0
2217,u_201857,2026-03-10,account_created,free,0.0
2218,u_201858,2026-03-02,account_created,free,0.0
2219,u_201859,2026-05-25,account_created,free,0.0
2220,u_201859,2026-05-26,upgrade,pro_monthly,9.99
2221,u_201860,2026-05-17,account_created,free,0.0
2222,u_201861,2026-04-02,account_created,free,0.0
2223,u_201862,2026-06-17,account_created,free,0.0
2224,u_201863,2026-05-28,account_created,free,0.0
2225,u_201864,2026-04-22,account_created,free,0.0
2226,u_201865,2026-03-22,account_created,free,0.0
2227,u_201865,2026-03-26,upgrade,pro_monthly,9.99
2228,u_201866,2026-03-26,account_created,free,0.0
2229,u_201867,2026-06-08,account_created,free,0.0
2230,u_201868,2026-06-10,account_created,free,0.0
2231,u_201869,2026-04-08,account_created,free,0.0
2232,u_201870,2026-04-15,account_created,free,0.0
2233,u_201871,2026-04-27,account_created,free,0.0
2234,u_201872,2026-04-07,account_created,free,0.0
2235,u_201872,2026-04-08,upgrade,pro_monthly,9.99
2236,u_201873,2026-05-22,account_created,free,0.0
2237,u_201874,2026-03-17,account_created,free,0.0
2238,u_201875,2026-05-10,account_created,free,0.0
2239,u_201876,2026-05-07,account_created,free,0.0
2240,u_201877,2026-04-15,account_created,free,0.0
2241,u_201878,2026-06-13,account_created,free,0.0
2242,u_201879,2026-03-22,account_created,free,0.0
2243,u_201879,2026-03-23,upgrade,pro_monthly,9.99
2244,u_201880,2026-04-22,account_created,free,0.0
2245,u_201881,2026-04-10,account_created,free,0.0
2246,u_201882,2026-03-02,account_created,free,0.0
2247,u_201883,2026-03-23,account_created,free,0.0
2248,u_201884,2026-04-20,account_created,free,0.0
2249,u_201885,2026-06-08,account_created,free,0.0
2250,u_201886,2026-04-13,account_created,free,0.0
2251,u_201887,2026-06-14,account_created,free,0.0
2252,u_201888,2026-05-31,account_created,free,0.0
2253,u_201889,2026-05-08,account_created,free,0.0
2254,u_201889,2026-05-10,upgrade,pro_annual,79.99
2255,u_201890,2026-03-10,account_created,free,0.0
2256,u_201890,2026-03-17,upgrade,pro_monthly,9.99
2257,u_201891,2026-06-14,account_created,free,0.0
2258,u_201891,2026-06-23,upgrade,pro_monthly,9.99
2259,u_201892,2026-06-02,account_created,free,0.0
2260,u_201892,2026-06-11,upgrade,pro_annual,79.99
2261,u_201892,2026-06-23,cancellation,pro_annual,0.0
2262,u_201893,2026-04-20,account_created,free,0.0
2263,u_201894,2026-06-16,account_created,free,0.0
2264,u_201895,2026-04-21,account_created,free,0.0
2265,u_201895,2026-04-25,upgrade,pro_annual,79.99
2266,u_201896,2026-04-16,account_created,free,0.0
2267,u_201896,2026-04-21,upgrade,pro_monthly,9.99
2268,u_201897,2026-05-06,account_created,free,0.0
2269,u_201898,2026-05-05,account_created,free,0.0
2270,u_201898,2026-05-13,upgrade,pro_monthly,9.99
2271,u_201899,2026-03-20,account_created,free,0.0
2272,u_201900,2026-05-27,account_created,free,0.0
2273,u_201901,2026-04-26,account_created,free,0.0
2274,u_201902,2026-05-11,account_created,free,0.0
2275,u_201903,2026-03-20,account_created,free,0.0
2276,u_201904,2026-05-11,account_created,free,0.0
2277,u_201905,2026-03-22,account_created,free,0.0
2278,u_201906,2026-03-15,account_created,free,0.0
2279,u_201907,2026-03-16,account_created,free,0.0
2280,u_201908,2026-05-18,account_created,free,0.0
2281,u_201909,2026-05-11,account_created,free,0.0
2282,u_201910,2026-03-26,account_created,free,0.0
2283,u_201911,2026-04-17,account_created,free,0.0
2284,u_201911,2026-04-19,upgrade,pro_monthly,9.99
2285,u_201912,2026-04-26,account_created,free,0.0
2286,u_201913,2026-04-30,account_created,free,0.0
2287,u_201914,2026-05-01,account_created,free,0.0
2288,u_201915,2026-04-24,account_created,free,0.0
2289,u_201916,2026-03-17,account_created,free,0.0
2290,u_201917,2026-05-17,account_created,free,0.0
2291,u_201918,2026-05-06,account_created,free,0.0
2292,u_201918,2026-05-09,upgrade,enterprise,299.0
2293,u_201919,2026-05-05,account_created,free,0.0
2294,u_201920,2026-05-31,account_created,free,0.0
2295,u_201921,2026-05-01,account_created,free,0.0
2296,u_201922,2026-06-20,account_created,free,0.0
2297,u_201923,2026-03-28,account_created,free,0.0
2298,u_201923,2026-04-02,upgrade,pro_annual,79.99
2299,u_201924,2026-05-27,account_created,free,0.0
2300,u_201925,2026-03-02,account_created,free,0.0
2301,u_201926,2026-05-16,account_created,free,0.0
2302,u_201927,2026-03-14,account_created,free,0.0
2303,u_201928,2026-06-20,account_created,free,0.0
2304,u_201928,2026-06-25,upgrade,pro_annual,79.99
2305,u_201929,2026-06-11,account_created,free,0.0
2306,u_201929,2026-06-17,upgrade,enterprise,299.0
2307,u_201930,2026-06-19,account_created,free,0.0
2308,u_201930,2026-06-25,upgrade,pro_annual,79.99
2309,u_201931,2026-05-30,account_created,free,0.0
2310,u_201931,2026-06-07,upgrade,pro_monthly,9.99
2311,u_201932,2026-03-28,account_created,free,0.0
2312,u_201933,2026-04-11,account_created,free,0.0
2313,u_201934,2026-04-21,account_created,free,0.0
2314,u_201935,2026-04-25,account_created,free,0.0
2315,u_201936,2026-04-07,account_created,free,0.0
2316,u_201936,2026-04-11,upgrade,pro_monthly,9.99
2317,u_201937,2026-04-22,account_created,free,0.0
2318,u_201937,2026-04-24,upgrade,pro_annual,79.99
2319,u_201937,2026-06-19,cancellation,pro_annual,0.0
2320,u_201938,2026-04-28,account_created,free,0.0
2321,u_201939,2026-05-03,account_created,free,0.0
2322,u_201940,2026-05-25,account_created,free,0.0
2323,u_201941,2026-03-18,account_created,free,0.0
2324,u_201942,2026-04-04,account_created,free,0.0
2325,u_201943,2026-03-04,account_created,free,0.0
2326,u_201944,2026-06-11,account_created,free,0.0
2327,u_201945,2026-03-20,account_created,free,0.0
2328,u_201945,2026-03-29,upgrade,pro_monthly,9.99
2329,u_201945,2026-04-16,cancellation,pro_monthly,0.0
2330,u_201946,2026-05-23,account_created,free,0.0
2331,u_201947,2026-05-13,account_created,free,0.0
2332,u_201948,2026-03-01,account_created,free,0.0
2333,u_201949,2026-03-11,account_created,free,0.0
2334,u_201950,2026-05-13,account_created,free,0.0
2335,u_201951,2026-05-01,account_created,free,0.0
2336,u_201951,2026-05-08,upgrade,pro_annual,79.99
2337,u_201952,2026-03-14,account_created,free,0.0
2338,u_201953,2026-03-27,account_created,free,0.0
2339,u_201954,2026-05-16,account_created,free,0.0
2340,u_201955,2026-04-11,account_created,free,0.0
2341,u_201955,2026-04-17,upgrade,pro_monthly,9.99
2342,u_201956,2026-04-24,account_created,free,0.0
2343,u_201956,2026-04-28,upgrade,pro_annual,79.99
2344,u_201957,2026-04-01,account_created,free,0.0
2345,u_201958,2026-04-07,account_created,free,0.0
2346,u_201959,2026-06-19,account_created,free,0.0
2347,u_201960,2026-06-17,account_created,free,0.0
2348,u_201961,2026-06-21,account_created,free,0.0
2349,u_201961,2026-06-26,upgrade,enterprise,299.0
2350,u_201962,2026-05-25,account_created,free,0.0
2351,u_201963,2026-05-24,account_created,free,0.0
2352,u_201964,2026-04-06,account_created,free,0.0
2353,u_201965,2026-03-18,account_created,free,0.0
2354,u_201966,2026-03-11,account_created,free,0.0
2355,u_201967,2026-04-27,account_created,free,0.0
2356,u_201968,2026-06-17,account_created,free,0.0
2357,u_201969,2026-06-08,account_created,free,0.0
2358,u_201970,2026-05-06,account_created,free,0.0
2359,u_201970,2026-05-11,upgrade,pro_monthly,9.99
2360,u_201971,2026-04-12,account_created,free,0.0
2361,u_201972,2026-03-03,account_created,free,0.0
2362,u_201973,2026-03-09,account_created,free,0.0
2363,u_201974,2026-05-26,account_created,free,0.0
2364,u_201975,2026-04-18,account_created,free,0.0
2365,u_201976,2026-03-14,account_created,free,0.0
2366,u_201977,2026-04-01,account_created,free,0.0
2367,u_201978,2026-05-22,account_created,free,0.0
2368,u_201978,2026-05-26,upgrade,pro_monthly,9.99
2369,u_201979,2026-05-24,account_created,free,0.0
2370,u_201980,2026-05-05,account_created,free,0.0
2371,u_201980,2026-05-11,upgrade,enterprise,299.0
2372,u_201981,2026-06-08,account_created,free,0.0
2373,u_201982,2026-06-10,account_created,free,0.0
2374,u_201982,2026-06-15,upgrade,pro_monthly,9.99
2375,u_201983,2026-06-03,account_created,free,0.0
2376,u_201984,2026-04-25,account_created,free,0.0
2377,u_201985,2026-06-15,account_created,free,0.0
2378,u_201986,2026-04-03,account_created,free,0.0
2379,u_201987,2026-03-04,account_created,free,0.0
2380,u_201988,2026-03-04,account_created,free,0.0
2381,u_201989,2026-03-05,account_created,free,0.0
2382,u_201990,2026-04-14,account_created,free,0.0
2383,u_201990,2026-04-20,upgrade,pro_monthly,9.99
2384,u_201991,2026-05-20,account_created,free,0.0
2385,u_201992,2026-05-06,account_created,free,0.0
2386,u_201993,2026-03-23,account_created,free,0.0
2387,u_201994,2026-06-03,account_created,free,0.0
2388,u_201995,2026-04-23,account_created,free,0.0
2389,u_201996,2026-05-11,account_created,free,0.0
2390,u_201997,2026-03-23,account_created,free,0.0
2391,u_201998,2026-06-20,account_created,free,0.0
2392,u_201999,2026-03-11,account_created,free,0.0
2393,u_202000,2026-06-02,account_created,free,0.0
2394,u_202001,2026-03-08,account_created,free,0.0
2395,u_202001,2026-03-13,upgrade,pro_monthly,9.99
2396,u_202002,2026-03-13,account_created,free,0.0
2397,u_202002,2026-03-14,upgrade,pro_annual,79.99
2398,u_202002,2026-04-28,cancellation,pro_annual,0.0
2399,u_202003,2026-05-30,account_created,free,0.0
2400,u_202004,2026-03-11,account_created,free,0.0
2401,u_202005,2026-05-10,account_created,free,0.0
2402,u_202006,2026-05-15,account_created,free,0.0
2403,u_202007,2026-04-05,account_created,free,0.0
2404,u_202007,2026-04-12,upgrade,pro_monthly,9.99
2405,u_202008,2026-05-26,account_created,free,0.0
2406,u_202009,2026-04-10,account_created,free,0.0
2407,u_202009,2026-04-11,upgrade,pro_monthly,9.99
2408,u_202009,2026-05-01,cancellation,pro_monthly,0.0
2409,u_202010,2026-05-01,account_created,free,0.0
2410,u_202011,2026-06-01,account_created,free,0.0
2411,u_202012,2026-03-02,account_created,free,0.0
2412,u_202013,2026-03-15,account_created,free,0.0
2413,u_202014,2026-06-10,account_created,free,0.0
2414,u_202015,2026-04-16,account_created,free,0.0
2415,u_202016,2026-05-07,account_created,free,0.0
2416,u_202017,2026-05-24,account_created,free,0.0
2417,u_202018,2026-04-04,account_created,free,0.0
2418,u_202019,2026-06-14,account_created,free,0.0
2419,u_202020,2026-06-19,account_created,free,0.0
2420,u_202021,2026-03-13,account_created,free,0.0
2421,u_202022,2026-06-19,account_created,free,0.0
2422,u_202023,2026-05-03,account_created,free,0.0
2423,u_202024,2026-03-10,account_created,free,0.0
2424,u_202025,2026-05-16,account_created,free,0.0
2425,u_202026,2026-05-17,account_created,free,0.0
2426,u_202027,2026-04-29,account_created,free,0.0
2427,u_202028,2026-05-08,account_created,free,0.0
2428,u_202029,2026-04-17,account_created,free,0.0
2429,u_202030,2026-04-29,account_created,free,0.0
2430,u_202031,2026-04-17,account_created,free,0.0
2431,u_202032,2026-05-18,account_created,free,0.0
2432,u_202033,2026-05-09,account_created,free,0.0
2433,u_202034,2026-05-05,account_created,free,0.0
2434,u_202035,2026-06-14,account_created,free,0.0
2435,u_202035,2026-06-21,upgrade,pro_monthly,9.99
2436,u_202036,2026-04-04,account_created,free,0.0
2437,u_202037,2026-04-27,account_created,free,0.0
2438,u_202038,2026-05-21,account_created,free,0.0
2439,u_202038,2026-05-22,upgrade,pro_annual,79.99
2440,u_202039,2026-06-11,account_created,free,0.0
2441,u_202040,2026-05-26,account_created,free,0.0
2442,u_202041,2026-04-23,account_created,free,0.0
2443,u_202042,2026-04-27,account_created,free,0.0
2444,u_202043,2026-04-16,account_created,free,0.0
2445,u_202043,2026-04-17,upgrade,pro_annual,79.99
2446,u_202044,2026-05-26,account_created,free,0.0
2447,u_202045,2026-03-27,account_created,free,0.0
2448,u_202046,2026-05-05,account_created,free,0.0
2449,u_202047,2026-04-26,account_created,free,0.0
2450,u_202048,2026-04-20,account_created,free,0.0
2451,u_202049,2026-03-03,account_created,free,0.0
2452,u_202050,2026-04-20,account_created,free,0.0
2453,u_202051,2026-04-20,account_created,free,0.0
2454,u_202052,2026-04-17,account_created,free,0.0
2455,u_202053,2026-05-25,account_created,free,0.0
2456,u_202054,2026-04-02,account_created,free,0.0
2457,u_202055,2026-05-14,account_created,free,0.0
2458,u_202056,2026-03-23,account_created,free,0.0
2459,u_202057,2026-04-30,account_created,free,0.0
2460,u_202058,2026-05-20,account_created,free,0.0
2461,u_202058,2026-05-27,upgrade,pro_annual,79.99
2462,u_202059,2026-03-21,account_created,free,0.0
2463,u_202060,2026-03-08,account_created,free,0.0
2464,u_202061,2026-04-04,account_created,free,0.0
2465,u_202062,2026-03-31,account_created,free,0.0
2466,u_202063,2026-06-10,account_created,free,0.0
2467,u_202064,2026-06-06,account_created,free,0.0
2468,u_202065,2026-05-03,account_created,free,0.0
2469,u_202066,2026-04-28,account_created,free,0.0
2470,u_202067,2026-04-27,account_created,free,0.0
2471,u_202068,2026-05-18,account_created,free,0.0
2472,u_202069,2026-06-15,account_created,free,0.0
2473,u_202070,2026-06-15,account_created,free,0.0
2474,u_202071,2026-05-10,account_created,free,0.0
2475,u_202072,2026-06-08,account_created,free,0.0
2476,u_202073,2026-05-30,account_created,free,0.0
2477,u_202074,2026-06-14,account_created,free,0.0
2478,u_202075,2026-05-01,account_created,free,0.0
2479,u_202075,2026-05-04,upgrade,pro_monthly,9.99
2480,u_202076,2026-03-06,account_created,free,0.0
2481,u_202077,2026-05-20,account_created,free,0.0
2482,u_202078,2026-03-08,account_created,free,0.0
2483,u_202079,2026-05-31,account_created,free,0.0
2484,u_202080,2026-06-16,account_created,free,0.0
2485,u_202081,2026-06-17,account_created,free,0.0
2486,u_202082,2026-05-24,account_created,free,0.0
2487,u_202083,2026-05-28,account_created,free,0.0
2488,u_202084,2026-05-01,account_created,free,0.0
2489,u_202085,2026-05-26,account_created,free,0.0
2490,u_202086,2026-06-19,account_created,free,0.0
2491,u_202087,2026-03-10,account_created,free,0.0
2492,u_202087,2026-03-12,upgrade,pro_monthly,9.99
2493,u_202088,2026-06-17,account_created,free,0.0
2494,u_202088,2026-06-19,upgrade,pro_monthly,9.99
2495,u_202089,2026-05-11,account_created,free,0.0
2496,u_202090,2026-06-19,account_created,free,0.0
2497,u_202091,2026-04-16,account_created,free,0.0
2498,u_202092,2026-05-27,account_created,free,0.0
2499,u_202093,2026-05-17,account_created,free,0.0
2500,u_202094,2026-03-28,account_created,free,0.0
2501,u_202095,2026-05-05,account_created,free,0.0
2502,u_202096,2026-06-16,account_created,free,0.0
2503,u_202097,2026-04-10,account_created,free,0.0
2504,u_202098,2026-03-18,account_created,free,0.0
2505,u_202099,2026-05-27,account_created,free,0.0
2506,u_202100,2026-04-14,account_created,free,0.0
2507,u_202101,2026-05-27,account_created,free,0.0
2508,u_202102,2026-06-05,account_created,free,0.0
2509,u_202103,2026-03-13,account_created,free,0.0
2510,u_202104,2026-04-05,account_created,free,0.0
2511,u_202105,2026-04-19,account_created,free,0.0
2512,u_202106,2026-03-12,account_created,free,0.0
2513,u_202107,2026-05-24,account_created,free,0.0
2514,u_202108,2026-04-04,account_created,free,0.0
2515,u_202109,2026-03-30,account_created,free,0.0
2516,u_202110,2026-06-03,account_created,free,0.0
2517,u_202111,2026-05-10,account_created,free,0.0
2518,u_202111,2026-05-19,upgrade,pro_annual,79.99
2519,u_202112,2026-03-09,account_created,free,0.0
2520,u_202113,2026-05-30,account_created,free,0.0
2521,u_202114,2026-04-19,account_created,free,0.0
2522,u_202115,2026-05-22,account_created,free,0.0
2523,u_202116,2026-06-09,account_created,free,0.0
2524,u_202116,2026-06-11,upgrade,pro_monthly,9.99
2525,u_202117,2026-05-23,account_created,free,0.0
2526,u_202118,2026-03-02,account_created,free,0.0
2527,u_202118,2026-03-07,upgrade,pro_monthly,9.99
2528,u_202118,2026-03-24,cancellation,pro_monthly,0.0
2529,u_202119,2026-05-02,account_created,free,0.0
2530,u_202120,2026-04-01,account_created,free,0.0
2531,u_202121,2026-03-22,account_created,free,0.0
2532,u_202122,2026-03-29,account_created,free,0.0
2533,u_202123,2026-05-05,account_created,free,0.0
2534,u_202124,2026-04-15,account_created,free,0.0
2535,u_202125,2026-03-21,account_created,free,0.0
2536,u_202126,2026-03-08,account_created,free,0.0
2537,u_202127,2026-04-14,account_created,free,0.0
2538,u_202127,2026-04-23,upgrade,pro_monthly,9.99
2539,u_202128,2026-05-17,account_created,free,0.0
2540,u_202129,2026-05-06,account_created,free,0.0
2541,u_202130,2026-04-08,account_created,free,0.0
2542,u_202131,2026-04-09,account_created,free,0.0
2543,u_202132,2026-04-30,account_created,free,0.0
2544,u_202133,2026-03-02,account_created,free,0.0
2545,u_202134,2026-05-01,account_created,free,0.0
2546,u_202134,2026-05-10,upgrade,pro_monthly,9.99
2547,u_202135,2026-04-29,account_created,free,0.0
2548,u_202136,2026-05-19,account_created,free,0.0
2549,u_202137,2026-05-20,account_created,free,0.0
2550,u_202138,2026-04-05,account_created,free,0.0
2551,u_202139,2026-03-05,account_created,free,0.0
2552,u_202140,2026-03-19,account_created,free,0.0
2553,u_202141,2026-03-14,account_created,free,0.0
2554,u_202142,2026-03-22,account_created,free,0.0
2555,u_202143,2026-05-20,account_created,free,0.0
2556,u_202144,2026-06-11,account_created,free,0.0
2557,u_202145,2026-05-29,account_created,free,0.0
2558,u_202146,2026-05-27,account_created,free,0.0
2559,u_202147,2026-03-10,account_created,free,0.0
2560,u_202147,2026-03-18,upgrade,pro_monthly,9.99
2561,u_202148,2026-06-17,account_created,free,0.0
2562,u_202149,2026-03-23,account_created,free,0.0
2563,u_202150,2026-05-09,account_created,free,0.0
2564,u_202151,2026-04-08,account_created,free,0.0
2565,u_202152,2026-03-02,account_created,free,0.0
2566,u_202152,2026-03-05,upgrade,pro_annual,79.99
2567,u_202153,2026-04-24,account_created,free,0.0
2568,u_202154,2026-06-21,account_created,free,0.0
2569,u_202154,2026-06-26,upgrade,pro_monthly,9.99
2570,u_202155,2026-03-01,account_created,free,0.0
2571,u_202156,2026-05-16,account_created,free,0.0
2572,u_202157,2026-04-29,account_created,free,0.0
2573,u_202158,2026-05-03,account_created,free,0.0
2574,u_202159,2026-05-15,account_created,free,0.0
2575,u_202160,2026-06-09,account_created,free,0.0
2576,u_202161,2026-03-05,account_created,free,0.0
2577,u_202162,2026-04-15,account_created,free,0.0
2578,u_202163,2026-05-06,account_created,free,0.0
2579,u_202164,2026-04-05,account_created,free,0.0
2580,u_202165,2026-06-12,account_created,free,0.0
2581,u_202165,2026-06-20,upgrade,pro_annual,79.99
2582,u_202166,2026-05-15,account_created,free,0.0
2583,u_202167,2026-05-27,account_created,free,0.0
2584,u_202168,2026-06-11,account_created,free,0.0
2585,u_202169,2026-05-30,account_created,free,0.0
2586,u_202170,2026-05-27,account_created,free,0.0
2587,u_202171,2026-04-13,account_created,free,0.0
2588,u_202172,2026-04-18,account_created,free,0.0
2589,u_202173,2026-04-15,account_created,free,0.0
2590,u_202174,2026-05-07,account_created,free,0.0
2591,u_202175,2026-06-20,account_created,free,0.0
2592,u_202176,2026-04-27,account_created,free,0.0
2593,u_202177,2026-04-18,account_created,free,0.0
2594,u_202178,2026-03-07,account_created,free,0.0
2595,u_202179,2026-06-16,account_created,free,0.0
2596,u_202180,2026-06-03,account_created,free,0.0
2597,u_202180,2026-06-11,upgrade,pro_annual,79.99
2598,u_202181,2026-04-06,account_created,free,0.0
2599,u_202181,2026-04-07,upgrade,pro_monthly,9.99
2600,u_202182,2026-04-10,account_created,free,0.0
2601,u_202183,2026-06-10,account_created,free,0.0
2602,u_202184,2026-05-29,account_created,free,0.0
2603,u_202185,2026-06-02,account_created,free,0.0
2604,u_202185,2026-06-06,upgrade,pro_monthly,9.99
2605,u_202186,2026-04-22,account_created,free,0.0
2606,u_202187,2026-04-06,account_created,free,0.0
2607,u_202188,2026-06-01,account_created,free,0.0
2608,u_202189,2026-04-12,account_created,free,0.0
2609,u_202190,2026-03-30,account_created,free,0.0
2610,u_202191,2026-04-12,account_created,free,0.0
2611,u_202192,2026-06-19,account_created,free,0.0
2612,u_202193,2026-05-15,account_created,free,0.0
2613,u_202194,2026-03-21,account_created,free,0.0
2614,u_202195,2026-06-14,account_created,free,0.0
2615,u_202196,2026-05-04,account_created,free,0.0
2616,u_202197,2026-04-24,account_created,free,0.0
2617,u_202198,2026-05-08,account_created,free,0.0
2618,u_202199,2026-04-18,account_created,free,0.0
2619,u_202200,2026-06-05,account_created,free,0.0
2620,u_202201,2026-06-21,account_created,free,0.0
2621,u_202202,2026-03-31,account_created,free,0.0
2622,u_202203,2026-03-22,account_created,free,0.0
2623,u_202204,2026-06-02,account_created,free,0.0
2624,u_202205,2026-04-04,account_created,free,0.0
2625,u_202206,2026-05-11,account_created,free,0.0
2626,u_202207,2026-03-05,account_created,free,0.0
2627,u_202208,2026-04-28,account_created,free,0.0
2628,u_202209,2026-04-19,account_created,free,0.0
2629,u_202210,2026-05-14,account_created,free,0.0
2630,u_202211,2026-05-20,account_created,free,0.0
2631,u_202212,2026-05-13,account_created,free,0.0
2632,u_202213,2026-05-06,account_created,free,0.0
2633,u_202214,2026-04-20,account_created,free,0.0
2634,u_202215,2026-03-04,account_created,free,0.0
2635,u_202216,2026-05-12,account_created,free,0.0
2636,u_202217,2026-03-15,account_created,free,0.0
2637,u_202218,2026-05-14,account_created,free,0.0
2638,u_202219,2026-04-14,account_created,free,0.0
2639,u_202219,2026-04-16,upgrade,pro_monthly,9.99
2640,u_202220,2026-05-04,account_created,free,0.0
2641,u_202220,2026-05-11,upgrade,enterprise,299.0
2642,u_202221,2026-05-14,account_created,free,0.0
2643,u_202221,2026-05-22,upgrade,pro_annual,79.99
2644,u_202222,2026-05-14,account_created,free,0.0
2645,u_202222,2026-05-20,upgrade,pro_monthly,9.99
2646,u_202223,2026-06-14,account_created,free,0.0
2647,u_202224,2026-03-27,account_created,free,0.0
2648,u_202224,2026-04-03,upgrade,pro_monthly,9.99
2649,u_202225,2026-06-16,account_created,free,0.0
2650,u_202226,2026-03-05,account_created,free,0.0
2651,u_202227,2026-06-09,account_created,free,0.0
2652,u_202228,2026-03-10,account_created,free,0.0
2653,u_202229,2026-05-24,account_created,free,0.0
2654,u_202229,2026-05-28,upgrade,enterprise,299.0
2655,u_202230,2026-04-04,account_created,free,0.0
2656,u_202230,2026-04-12,upgrade,pro_monthly,9.99
2657,u_202231,2026-04-01,account_created,free,0.0
2658,u_202232,2026-06-07,account_created,free,0.0
2659,u_202233,2026-05-21,account_created,free,0.0
2660,u_202233,2026-05-30,upgrade,pro_monthly,9.99
2661,u_202234,2026-03-12,account_created,free,0.0
2662,u_202235,2026-03-22,account_created,free,0.0
2663,u_202236,2026-06-06,account_created,free,0.0
2664,u_202237,2026-04-18,account_created,free,0.0
2665,u_202238,2026-05-09,account_created,free,0.0
2666,u_202238,2026-05-13,upgrade,pro_monthly,9.99
2667,u_202239,2026-03-21,account_created,free,0.0
2668,u_202239,2026-03-27,upgrade,pro_monthly,9.99
2669,u_202240,2026-05-19,account_created,free,0.0
2670,u_202241,2026-05-07,account_created,free,0.0
2671,u_202242,2026-03-11,account_created,free,0.0
2672,u_202243,2026-06-18,account_created,free,0.0
2673,u_202244,2026-04-14,account_created,free,0.0
2674,u_202245,2026-04-02,account_created,free,0.0
2675,u_202246,2026-04-18,account_created,free,0.0
2676,u_202247,2026-05-31,account_created,free,0.0
2677,u_202248,2026-03-13,account_created,free,0.0
2678,u_202249,2026-03-18,account_created,free,0.0
2679,u_202250,2026-05-22,account_created,free,0.0
2680,u_202250,2026-05-30,upgrade,pro_annual,79.99
2681,u_202251,2026-04-21,account_created,free,0.0
2682,u_202252,2026-05-10,account_created,free,0.0
2683,u_202253,2026-03-30,account_created,free,0.0
2684,u_202254,2026-05-01,account_created,free,0.0
2685,u_202255,2026-03-09,account_created,free,0.0
2686,u_202256,2026-04-17,account_created,free,0.0
2687,u_202257,2026-03-22,account_created,free,0.0
2688,u_202258,2026-03-15,account_created,free,0.0
2689,u_202259,2026-04-16,account_created,free,0.0
2690,u_202260,2026-03-28,account_created,free,0.0
2691,u_202261,2026-06-14,account_created,free,0.0
2692,u_202262,2026-04-27,account_created,free,0.0
2693,u_202263,2026-05-23,account_created,free,0.0
2694,u_202264,2026-04-28,account_created,free,0.0
2695,u_202265,2026-04-17,account_created,free,0.0
2696,u_202265,2026-04-25,upgrade,pro_monthly,9.99
2697,u_202265,2026-05-09,cancellation,pro_monthly,0.0
2698,u_202266,2026-04-07,account_created,free,0.0
2699,u_202267,2026-04-26,account_created,free,0.0
2700,u_202267,2026-05-05,upgrade,pro_monthly,9.99
2701,u_202267,2026-06-17,cancellation,pro_monthly,0.0
2702,u_202268,2026-05-27,account_created,free,0.0
2703,u_202269,2026-04-03,account_created,free,0.0
2704,u_202270,2026-03-23,account_created,free,0.0
2705,u_202271,2026-06-07,account_created,free,0.0
2706,u_202272,2026-06-07,account_created,free,0.0
2707,u_202273,2026-03-25,account_created,free,0.0
2708,u_202273,2026-03-30,upgrade,enterprise,299.0
2709,u_202274,2026-05-10,account_created,free,0.0
2710,u_202275,2026-04-15,account_created,free,0.0
2711,u_202275,2026-04-17,upgrade,pro_annual,79.99
2712,u_202276,2026-05-10,account_created,free,0.0
2713,u_202277,2026-05-08,account_created,free,0.0
2714,u_202278,2026-03-06,account_created,free,0.0
2715,u_202279,2026-03-17,account_created,free,0.0
2716,u_202280,2026-06-20,account_created,free,0.0
2717,u_202281,2026-03-13,account_created,free,0.0
2718,u_202281,2026-03-15,upgrade,pro_monthly,9.99
2719,u_202282,2026-06-03,account_created,free,0.0
2720,u_202283,2026-04-14,account_created,free,0.0
2721,u_202284,2026-06-02,account_created,free,0.0
2722,u_202285,2026-04-28,account_created,free,0.0
2723,u_202286,2026-06-10,account_created,free,0.0
2724,u_202287,2026-05-10,account_created,free,0.0
2725,u_202287,2026-05-12,upgrade,pro_monthly,9.99
2726,u_202288,2026-03-31,account_created,free,0.0
2727,u_202289,2026-04-30,account_created,free,0.0
2728,u_202290,2026-05-17,account_created,free,0.0
2729,u_202290,2026-05-22,upgrade,pro_monthly,9.99
2730,u_202291,2026-05-30,account_created,free,0.0
2731,u_202292,2026-03-10,account_created,free,0.0
2732,u_202293,2026-05-01,account_created,free,0.0
2733,u_202294,2026-05-04,account_created,free,0.0
2734,u_202295,2026-05-25,account_created,free,0.0
2735,u_202296,2026-04-13,account_created,free,0.0
2736,u_202297,2026-03-24,account_created,free,0.0
2737,u_202298,2026-06-07,account_created,free,0.0
2738,u_202299,2026-03-06,account_created,free,0.0
2739,u_202300,2026-03-04,account_created,free,0.0
2740,u_202300,2026-03-10,upgrade,pro_annual,79.99
2741,u_202301,2026-05-19,account_created,free,0.0
2742,u_202302,2026-04-19,account_created,free,0.0
2743,u_202303,2026-05-05,account_created,free,0.0
2744,u_202304,2026-04-08,account_created,free,0.0
2745,u_202305,2026-06-03,account_created,free,0.0
2746,u_202306,2026-03-13,account_created,free,0.0
2747,u_202307,2026-05-13,account_created,free,0.0
2748,u_202308,2026-04-30,account_created,free,0.0
2749,u_202309,2026-04-12,account_created,free,0.0
2750,u_202310,2026-06-05,account_created,free,0.0
2751,u_202311,2026-03-03,account_created,free,0.0
2752,u_202312,2026-06-03,account_created,free,0.0
2753,u_202313,2026-04-16,account_created,free,0.0
2754,u_202314,2026-04-21,account_created,free,0.0
2755,u_202315,2026-03-13,account_created,free,0.0
2756,u_202316,2026-03-07,account_created,free,0.0
2757,u_202317,2026-03-14,account_created,free,0.0
2758,u_202317,2026-03-18,upgrade,pro_annual,79.99
2759,u_202318,2026-04-07,account_created,free,0.0
2760,u_202318,2026-04-14,upgrade,pro_monthly,9.99
2761,u_202319,2026-06-17,account_created,free,0.0
2762,u_202320,2026-03-02,account_created,free,0.0
2763,u_202321,2026-05-21,account_created,free,0.0
2764,u_202321,2026-05-28,upgrade,pro_monthly,9.99
2765,u_202322,2026-03-04,account_created,free,0.0
2766,u_202323,2026-06-03,account_created,free,0.0
2767,u_202323,2026-06-04,upgrade,pro_monthly,9.99
2768,u_202324,2026-04-16,account_created,free,0.0
2769,u_202325,2026-05-24,account_created,free,0.0
2770,u_202325,2026-05-31,upgrade,pro_monthly,9.99
2771,u_202326,2026-03-24,account_created,free,0.0
2772,u_202327,2026-04-28,account_created,free,0.0
2773,u_202328,2026-05-22,account_created,free,0.0
2774,u_202329,2026-05-05,account_created,free,0.0
2775,u_202330,2026-06-05,account_created,free,0.0
2776,u_202331,2026-03-01,account_created,free,0.0
2777,u_202332,2026-05-25,account_created,free,0.0
2778,u_202333,2026-03-17,account_created,free,0.0
2779,u_202334,2026-05-07,account_created,free,0.0
2780,u_202335,2026-03-25,account_created,free,0.0
2781,u_202336,2026-03-21,account_created,free,0.0
2782,u_202337,2026-05-09,account_created,free,0.0
2783,u_202338,2026-03-29,account_created,free,0.0
2784,u_202338,2026-03-30,upgrade,pro_annual,79.99
2785,u_202339,2026-03-22,account_created,free,0.0
2786,u_202340,2026-05-26,account_created,free,0.0
2787,u_202341,2026-06-15,account_created,free,0.0
2788,u_202342,2026-03-31,account_created,free,0.0
2789,u_202343,2026-05-17,account_created,free,0.0
2790,u_202344,2026-03-25,account_created,free,0.0
2791,u_202345,2026-06-04,account_created,free,0.0
2792,u_202346,2026-03-30,account_created,free,0.0
2793,u_202346,2026-04-08,upgrade,pro_annual,79.99
2794,u_202347,2026-05-21,account_created,free,0.0
2795,u_202348,2026-03-20,account_created,free,0.0
2796,u_202349,2026-04-12,account_created,free,0.0
2797,u_202350,2026-06-09,account_created,free,0.0
2798,u_202351,2026-06-11,account_created,free,0.0
2799,u_202352,2026-05-10,account_created,free,0.0
2800,u_202353,2026-05-09,account_created,free,0.0
2801,u_202354,2026-03-23,account_created,free,0.0
2802,u_202355,2026-04-07,account_created,free,0.0
2803,u_202356,2026-03-15,account_created,free,0.0
2804,u_202357,2026-05-31,account_created,free,0.0
2805,u_202358,2026-05-16,account_created,free,0.0
2806,u_202359,2026-03-10,account_created,free,0.0
2807,u_202359,2026-03-18,upgrade,pro_monthly,9.99
2808,u_202360,2026-03-20,account_created,free,0.0
2809,u_202361,2026-05-11,account_created,free,0.0
2810,u_202362,2026-03-28,account_created,free,0.0
2811,u_202363,2026-03-20,account_created,free,0.0
2812,u_202364,2026-05-28,account_created,free,0.0
2813,u_202365,2026-03-14,account_created,free,0.0
2814,u_202366,2026-06-14,account_created,free,0.0
2815,u_202367,2026-05-13,account_created,free,0.0
2816,u_202368,2026-05-20,account_created,free,0.0
2817,u_202368,2026-05-28,upgrade,pro_monthly,9.99
2818,u_202369,2026-06-14,account_created,free,0.0
2819,u_202370,2026-03-12,account_created,free,0.0
2820,u_202371,2026-03-10,account_created,free,0.0
2821,u_202372,2026-03-15,account_created,free,0.0
2822,u_202373,2026-05-13,account_created,free,0.0
2823,u_202374,2026-03-05,account_created,free,0.0
2824,u_202375,2026-03-18,account_created,free,0.0
2825,u_202376,2026-05-29,account_created,free,0.0
2826,u_202377,2026-06-08,account_created,free,0.0
2827,u_202377,2026-06-16,upgrade,pro_monthly,9.99
2828,u_202378,2026-03-10,account_created,free,0.0
2829,u_202379,2026-03-30,account_created,free,0.0
2830,u_202380,2026-05-23,account_created,free,0.0
2831,u_202381,2026-06-20,account_created,free,0.0
2832,u_202382,2026-03-02,account_created,free,0.0
2833,u_202383,2026-04-20,account_created,free,0.0
2834,u_202384,2026-03-09,account_created,free,0.0
2835,u_202385,2026-05-04,account_created,free,0.0
2836,u_202386,2026-05-15,account_created,free,0.0
2837,u_202387,2026-04-07,account_created,free,0.0
2838,u_202388,2026-04-17,account_created,free,0.0
2839,u_202388,2026-04-20,upgrade,pro_monthly,9.99
2840,u_202389,2026-06-03,account_created,free,0.0
2841,u_202390,2026-04-27,account_created,free,0.0
2842,u_202391,2026-04-12,account_created,free,0.0
2843,u_202392,2026-05-01,account_created,free,0.0
2844,u_202393,2026-06-12,account_created,free,0.0
2845,u_202393,2026-06-17,upgrade,pro_monthly,9.99
2846,u_202394,2026-03-21,account_created,free,0.0
2847,u_202395,2026-06-12,account_created,free,0.0
2848,u_202396,2026-05-01,account_created,free,0.0
2849,u_202397,2026-06-20,account_created,free,0.0
2850,u_202398,2026-06-21,account_created,free,0.0
2851,u_202399,2026-06-18,account_created,free,0.0
2852,u_202400,2026-05-10,account_created,free,0.0
2853,u_202400,2026-05-12,upgrade,pro_annual,79.99
2854,u_202401,2026-05-16,account_created,free,0.0
2855,u_202402,2026-03-01,account_created,free,0.0
2856,u_202403,2026-05-21,account_created,free,0.0
2857,u_202404,2026-04-21,account_created,free,0.0
2858,u_202405,2026-03-16,account_created,free,0.0
2859,u_202406,2026-03-18,account_created,free,0.0
2860,u_202407,2026-05-27,account_created,free,0.0
2861,u_202408,2026-03-20,account_created,free,0.0
2862,u_202409,2026-04-29,account_created,free,0.0
2863,u_202410,2026-03-10,account_created,free,0.0
2864,u_202410,2026-03-12,upgrade,pro_monthly,9.99
2865,u_202411,2026-03-20,account_created,free,0.0
2866,u_202412,2026-03-29,account_created,free,0.0
2867,u_202413,2026-06-05,account_created,free,0.0
2868,u_202414,2026-05-23,account_created,free,0.0
2869,u_202414,2026-05-31,upgrade,pro_annual,79.99
2870,u_202415,2026-03-03,account_created,free,0.0
2871,u_202416,2026-03-21,account_created,free,0.0
2872,u_202416,2026-03-22,upgrade,pro_monthly,9.99
2873,u_202417,2026-05-02,account_created,free,0.0
2874,u_202418,2026-03-30,account_created,free,0.0
2875,u_202419,2026-03-19,account_created,free,0.0
2876,u_202420,2026-05-28,account_created,free,0.0
2877,u_202421,2026-06-03,account_created,free,0.0
2878,u_202422,2026-05-08,account_created,free,0.0
2879,u_202423,2026-04-10,account_created,free,0.0
2880,u_202424,2026-03-25,account_created,free,0.0
2881,u_202425,2026-05-13,account_created,free,0.0
2882,u_202426,2026-03-04,account_created,free,0.0
2883,u_202427,2026-05-26,account_created,free,0.0
2884,u_202428,2026-03-01,account_created,free,0.0
2885,u_202429,2026-03-11,account_created,free,0.0
2886,u_202430,2026-06-13,account_created,free,0.0
2887,u_202430,2026-06-16,upgrade,pro_monthly,9.99
2888,u_202431,2026-05-21,account_created,free,0.0
2889,u_202431,2026-05-22,upgrade,pro_monthly,9.99
2890,u_202432,2026-04-18,account_created,free,0.0
2891,u_202433,2026-05-31,account_created,free,0.0
2892,u_202433,2026-06-07,upgrade,pro_monthly,9.99
2893,u_202434,2026-04-19,account_created,free,0.0
2894,u_202434,2026-04-20,upgrade,pro_monthly,9.99
2895,u_202435,2026-04-23,account_created,free,0.0
2896,u_202436,2026-03-04,account_created,free,0.0
2897,u_202437,2026-04-01,account_created,free,0.0
2898,u_202438,2026-05-22,account_created,free,0.0
2899,u_202438,2026-05-26,upgrade,pro_monthly,9.99
2900,u_202439,2026-04-14,account_created,free,0.0
2901,u_202440,2026-04-07,account_created,free,0.0
2902,u_202441,2026-03-08,account_created,free,0.0
2903,u_202441,2026-03-15,upgrade,pro_monthly,9.99
2904,u_202442,2026-04-29,account_created,free,0.0
2905,u_202443,2026-05-25,account_created,free,0.0
2906,u_202443,2026-05-26,upgrade,pro_monthly,9.99
2907,u_202444,2026-05-02,account_created,free,0.0
2908,u_202445,2026-05-25,account_created,free,0.0
2909,u_202446,2026-04-16,account_created,free,0.0
2910,u_202447,2026-03-02,account_created,free,0.0
2911,u_202448,2026-05-16,account_created,free,0.0
2912,u_202449,2026-04-18,account_created,free,0.0
2913,u_202449,2026-04-23,upgrade,pro_monthly,9.99
2914,u_202450,2026-03-23,account_created,free,0.0
2915,u_202450,2026-03-24,upgrade,pro_annual,79.99
2916,u_202451,2026-03-03,account_created,free,0.0
2917,u_202452,2026-05-01,account_created,free,0.0
2918,u_202453,2026-03-19,account_created,free,0.0
2919,u_202454,2026-03-17,account_created,free,0.0
2920,u_202455,2026-04-02,account_created,free,0.0
2921,u_202456,2026-06-12,account_created,free,0.0
2922,u_202457,2026-03-27,account_created,free,0.0
2923,u_202457,2026-04-03,upgrade,pro_monthly,9.99
2924,u_202458,2026-05-30,account_created,free,0.0
2925,u_202459,2026-03-30,account_created,free,0.0
2926,u_202460,2026-03-01,account_created,free,0.0
2927,u_202461,2026-04-29,account_created,free,0.0
2928,u_202462,2026-05-25,account_created,free,0.0
2929,u_202462,2026-05-31,upgrade,pro_monthly,9.99
2930,u_202463,2026-06-16,account_created,free,0.0
2931,u_202464,2026-04-29,account_created,free,0.0
2932,u_202465,2026-05-05,account_created,free,0.0
2933,u_202465,2026-05-11,upgrade,pro_monthly,9.99
2934,u_202466,2026-04-08,account_created,free,0.0
2935,u_202467,2026-06-20,account_created,free,0.0
2936,u_202468,2026-04-16,account_created,free,0.0
2937,u_202469,2026-03-19,account_created,free,0.0
2938,u_202469,2026-03-26,upgrade,pro_monthly,9.99
2939,u_202470,2026-06-04,account_created,free,0.0
2940,u_202471,2026-04-09,account_created,free,0.0
2941,u_202472,2026-04-17,account_created,free,0.0
2942,u_202473,2026-06-11,account_created,free,0.0
2943,u_202474,2026-04-22,account_created,free,0.0
2944,u_202475,2026-04-18,account_created,free,0.0
2945,u_202476,2026-05-07,account_created,free,0.0
2946,u_202477,2026-04-21,account_created,free,0.0
2947,u_202478,2026-05-27,account_created,free,0.0
2948,u_202479,2026-03-25,account_created,free,0.0
2949,u_202480,2026-04-11,account_created,free,0.0
2950,u_202480,2026-04-14,upgrade,pro_monthly,9.99
2951,u_202481,2026-06-17,account_created,free,0.0
2952,u_202481,2026-06-26,upgrade,enterprise,299.0
2953,u_202482,2026-06-15,account_created,free,0.0
2954,u_202483,2026-04-01,account_created,free,0.0
2955,u_202484,2026-06-16,account_created,free,0.0
2956,u_202485,2026-05-06,account_created,free,0.0
2957,u_202486,2026-06-02,account_created,free,0.0
2958,u_202487,2026-03-21,account_created,free,0.0
2959,u_202488,2026-06-18,account_created,free,0.0
2960,u_202489,2026-04-24,account_created,free,0.0
2961,u_202490,2026-03-14,account_created,free,0.0
2962,u_202491,2026-03-14,account_created,free,0.0
2963,u_202492,2026-04-16,account_created,free,0.0
2964,u_202493,2026-03-08,account_created,free,0.0
2965,u_202494,2026-03-01,account_created,free,0.0
2966,u_202495,2026-06-14,account_created,free,0.0
2967,u_202495,2026-06-23,upgrade,pro_monthly,9.99
2968,u_202496,2026-05-20,account_created,free,0.0
2969,u_202497,2026-04-04,account_created,free,0.0
2970,u_202497,2026-04-13,upgrade,enterprise,299.0
2971,u_202497,2026-05-08,cancellation,enterprise,0.0
2972,u_202498,2026-06-04,account_created,free,0.0
2973,u_202499,2026-03-04,account_created,free,0.0
2974,u_202500,2026-05-10,account_created,free,0.0
2975,u_202501,2026-06-03,account_created,free,0.0
2976,u_202501,2026-06-09,upgrade,enterprise,299.0
2977,u_202502,2026-06-17,account_created,free,0.0
2978,u_202503,2026-04-16,account_created,free,0.0
2979,u_202504,2026-03-13,account_created,free,0.0
2980,u_202505,2026-03-25,account_created,free,0.0
2981,u_202506,2026-05-08,account_created,free,0.0
2982,u_202507,2026-04-05,account_created,free,0.0
2983,u_202508,2026-06-18,account_created,free,0.0
2984,u_202509,2026-05-10,account_created,free,0.0
2985,u_202510,2026-06-20,account_created,free,0.0
2986,u_202511,2026-05-10,account_created,free,0.0
2987,u_202511,2026-05-17,upgrade,pro_monthly,9.99
2988,u_202512,2026-04-19,account_created,free,0.0
2989,u_202513,2026-04-19,account_created,free,0.0
2990,u_202514,2026-05-22,account_created,free,0.0
2991,u_202515,2026-03-26,account_created,free,0.0
2992,u_202516,2026-06-19,account_created,free,0.0
2993,u_202517,2026-04-27,account_created,free,0.0
2994,u_202518,2026-04-01,account_created,free,0.0
2995,u_202519,2026-05-09,account_created,free,0.0
2996,u_202520,2026-04-10,account_created,free,0.0
2997,u_202521,2026-05-08,account_created,free,0.0
2998,u_202522,2026-05-22,account_created,free,0.0
2999,u_202523,2026-03-08,account_created,free,0.0
3000,u_202524,2026-05-02,account_created,free,0.0
3001,u_202525,2026-03-09,account_created,free,0.0
3002,u_202526,2026-05-19,account_created,free,0.0
3003,u_202526,2026-05-20,upgrade,pro_monthly,9.99
3004,u_202527,2026-03-28,account_created,free,0.0
3005,u_202528,2026-03-16,account_created,free,0.0
3006,u_202529,2026-05-27,account_created,free,0.0
3007,u_202530,2026-03-14,account_created,free,0.0
3008,u_202531,2026-06-20,account_created,free,0.0
3009,u_202531,2026-06-23,upgrade,pro_annual,79.99
3010,u_202532,2026-04-04,account_created,free,0.0
3011,u_202533,2026-04-22,account_created,free,0.0
3012,u_202534,2026-06-07,account_created,free,0.0
3013,u_202535,2026-06-09,account_created,free,0.0
3014,u_202536,2026-03-07,account_created,free,0.0
3015,u_202537,2026-04-22,account_created,free,0.0
3016,u_202537,2026-05-01,upgrade,pro_monthly,9.99
3017,u_202538,2026-05-05,account_created,free,0.0
3018,u_202539,2026-06-10,account_created,free,0.0
3019,u_202540,2026-03-19,account_created,free,0.0
3020,u_202541,2026-06-03,account_created,free,0.0
3021,u_202542,2026-03-07,account_created,free,0.0
3022,u_202543,2026-03-26,account_created,free,0.0
3023,u_202544,2026-04-21,account_created,free,0.0
3024,u_202545,2026-03-23,account_created,free,0.0
3025,u_202546,2026-05-27,account_created,free,0.0
3026,u_202547,2026-04-21,account_created,free,0.0
3027,u_202548,2026-05-15,account_created,free,0.0
3028,u_202549,2026-05-06,account_created,free,0.0
3029,u_202550,2026-04-10,account_created,free,0.0
3030,u_202551,2026-05-31,account_created,free,0.0
3031,u_202552,2026-06-12,account_created,free,0.0
3032,u_202553,2026-05-30,account_created,free,0.0
3033,u_202554,2026-03-22,account_created,free,0.0
3034,u_202554,2026-03-26,upgrade,enterprise,299.0
3035,u_202555,2026-04-26,account_created,free,0.0
3036,u_202556,2026-03-15,account_created,free,0.0
3037,u_202557,2026-04-04,account_created,free,0.0
3038,u_202557,2026-04-10,upgrade,pro_monthly,9.99
3039,u_202558,2026-04-13,account_created,free,0.0
3040,u_202559,2026-05-08,account_created,free,0.0
3041,u_202560,2026-06-16,account_created,free,0.0
3042,u_202560,2026-06-20,upgrade,pro_monthly,9.99
3043,u_202561,2026-06-16,account_created,free,0.0
3044,u_202562,2026-04-15,account_created,free,0.0
3045,u_202563,2026-03-25,account_created,free,0.0
3046,u_202564,2026-06-10,account_created,free,0.0
3047,u_202565,2026-03-03,account_created,free,0.0
3048,u_202565,2026-03-08,upgrade,pro_annual,79.99
3049,u_202566,2026-05-27,account_created,free,0.0
3050,u_202567,2026-03-03,account_created,free,0.0
3051,u_202568,2026-04-30,account_created,free,0.0
3052,u_202569,2026-03-02,account_created,free,0.0
3053,u_202569,2026-03-05,upgrade,pro_annual,79.99
3054,u_202570,2026-03-17,account_created,free,0.0
3055,u_202571,2026-05-16,account_created,free,0.0
3056,u_202572,2026-05-24,account_created,free,0.0
3057,u_202573,2026-06-16,account_created,free,0.0
3058,u_202573,2026-06-22,upgrade,pro_monthly,9.99
3059,u_202574,2026-05-25,account_created,free,0.0
3060,u_202574,2026-05-28,upgrade,pro_monthly,9.99
3061,u_202575,2026-03-02,account_created,free,0.0
3062,u_202575,2026-03-08,upgrade,pro_monthly,9.99
3063,u_202576,2026-03-03,account_created,free,0.0
3064,u_202576,2026-03-05,upgrade,pro_monthly,9.99
3065,u_202577,2026-05-02,account_created,free,0.0
3066,u_202578,2026-05-31,account_created,free,0.0
3067,u_202579,2026-04-23,account_created,free,0.0
3068,u_202580,2026-04-11,account_created,free,0.0
3069,u_202580,2026-04-17,upgrade,pro_annual,79.99
3070,u_202581,2026-04-28,account_created,free,0.0
3071,u_202582,2026-04-21,account_created,free,0.0
3072,u_202582,2026-04-28,upgrade,pro_monthly,9.99
3073,u_202583,2026-04-13,account_created,free,0.0
3074,u_202583,2026-04-19,upgrade,pro_monthly,9.99
3075,u_202584,2026-05-03,account_created,free,0.0
3076,u_202584,2026-05-04,upgrade,pro_monthly,9.99
3077,u_202584,2026-05-26,cancellation,pro_monthly,0.0
3078,u_202585,2026-05-01,account_created,free,0.0
3079,u_202586,2026-06-11,account_created,free,0.0
3080,u_202586,2026-06-20,upgrade,pro_annual,79.99
3081,u_202587,2026-04-26,account_created,free,0.0
3082,u_202587,2026-05-05,upgrade,pro_monthly,9.99
3083,u_202588,2026-05-23,account_created,free,0.0
3084,u_202589,2026-06-21,account_created,free,0.0
3085,u_202590,2026-04-12,account_created,free,0.0
3086,u_202590,2026-04-13,upgrade,pro_monthly,9.99
3087,u_202590,2026-05-28,cancellation,pro_monthly,0.0
3088,u_202591,2026-06-15,account_created,free,0.0
3089,u_202592,2026-06-01,account_created,free,0.0
3090,u_202593,2026-05-25,account_created,free,0.0
3091,u_202593,2026-06-01,upgrade,pro_annual,79.99
3092,u_202594,2026-04-09,account_created,free,0.0
3093,u_202595,2026-05-31,account_created,free,0.0
3094,u_202596,2026-03-27,account_created,free,0.0
3095,u_202597,2026-04-15,account_created,free,0.0
3096,u_202597,2026-04-17,upgrade,pro_annual,79.99
3097,u_202598,2026-05-16,account_created,free,0.0
3098,u_202599,2026-06-19,account_created,free,0.0
3099,u_202600,2026-05-27,account_created,free,0.0
3100,u_202601,2026-05-16,account_created,free,0.0
3101,u_202602,2026-04-09,account_created,free,0.0
3102,u_202603,2026-06-07,account_created,free,0.0
3103,u_202604,2026-06-20,account_created,free,0.0
3104,u_202605,2026-05-01,account_created,free,0.0
3105,u_202606,2026-06-10,account_created,free,0.0
3106,u_202607,2026-05-31,account_created,free,0.0
3107,u_202608,2026-03-08,account_created,free,0.0
3108,u_202608,2026-03-16,upgrade,pro_annual,79.99
3109,u_202609,2026-04-24,account_created,free,0.0
3110,u_202610,2026-06-21,account_created,free,0.0
3111,u_202611,2026-03-21,account_created,free,0.0
3112,u_202612,2026-05-09,account_created,free,0.0
3113,u_202613,2026-03-22,account_created,free,0.0
3114,u_202614,2026-06-13,account_created,free,0.0
3115,u_202615,2026-03-20,account_created,free,0.0
3116,u_202616,2026-04-15,account_created,free,0.0
3117,u_202617,2026-05-07,account_created,free,0.0
3118,u_202618,2026-05-27,account_created,free,0.0
3119,u_202619,2026-05-09,account_created,free,0.0
3120,u_202619,2026-05-12,upgrade,enterprise,299.0
3121,u_202619,2026-05-31,cancellation,enterprise,0.0
3122,u_202620,2026-05-11,account_created,free,0.0
3123,u_202620,2026-05-19,upgrade,pro_annual,79.99
3124,u_202621,2026-06-11,account_created,free,0.0
3125,u_202622,2026-06-01,account_created,free,0.0
3126,u_202623,2026-04-24,account_created,free,0.0
3127,u_202624,2026-03-18,account_created,free,0.0
3128,u_202625,2026-03-27,account_created,free,0.0
3129,u_202626,2026-05-25,account_created,free,0.0
3130,u_202627,2026-05-09,account_created,free,0.0
3131,u_202628,2026-03-17,account_created,free,0.0
3132,u_202628,2026-03-26,upgrade,pro_monthly,9.99
3133,u_202629,2026-05-21,account_created,free,0.0
3134,u_202630,2026-06-07,account_created,free,0.0
3135,u_202631,2026-04-16,account_created,free,0.0
3136,u_202632,2026-04-29,account_created,free,0.0
3137,u_202633,2026-03-07,account_created,free,0.0
3138,u_202634,2026-04-16,account_created,free,0.0
3139,u_202635,2026-05-01,account_created,free,0.0
3140,u_202636,2026-03-08,account_created,free,0.0
3141,u_202637,2026-05-17,account_created,free,0.0
3142,u_202638,2026-03-26,account_created,free,0.0
3143,u_202639,2026-05-28,account_created,free,0.0
3144,u_202640,2026-05-12,account_created,free,0.0
3145,u_202641,2026-04-05,account_created,free,0.0
3146,u_202642,2026-05-26,account_created,free,0.0
3147,u_202643,2026-05-25,account_created,free,0.0
3148,u_202643,2026-05-26,upgrade,pro_monthly,9.99
3149,u_202644,2026-06-13,account_created,free,0.0
3150,u_202645,2026-03-14,account_created,free,0.0
3151,u_202646,2026-03-30,account_created,free,0.0
3152,u_202647,2026-05-29,account_created,free,0.0
3153,u_202648,2026-04-17,account_created,free,0.0
3154,u_202649,2026-06-18,account_created,free,0.0
3155,u_202650,2026-03-08,account_created,free,0.0
3156,u_202651,2026-03-10,account_created,free,0.0
3157,u_202652,2026-04-15,account_created,free,0.0
3158,u_202653,2026-05-06,account_created,free,0.0
3159,u_202654,2026-05-25,account_created,free,0.0
3160,u_202655,2026-03-31,account_created,free,0.0
3161,u_202656,2026-05-16,account_created,free,0.0
3162,u_202657,2026-04-25,account_created,free,0.0
3163,u_202657,2026-04-29,upgrade,pro_annual,79.99
3164,u_202657,2026-05-25,cancellation,pro_annual,0.0
3165,u_202658,2026-05-29,account_created,free,0.0
3166,u_202659,2026-03-27,account_created,free,0.0
3167,u_202660,2026-05-27,account_created,free,0.0
3168,u_202661,2026-03-25,account_created,free,0.0
3169,u_202662,2026-05-28,account_created,free,0.0
3170,u_202663,2026-05-08,account_created,free,0.0
3171,u_202664,2026-03-28,account_created,free,0.0
3172,u_202665,2026-05-09,account_created,free,0.0
3173,u_202666,2026-05-26,account_created,free,0.0
3174,u_202667,2026-05-16,account_created,free,0.0
3175,u_202668,2026-03-28,account_created,free,0.0
3176,u_202669,2026-03-20,account_created,free,0.0
3177,u_202669,2026-03-25,upgrade,pro_monthly,9.99
3178,u_202669,2026-04-08,cancellation,pro_monthly,0.0
3179,u_202670,2026-03-31,account_created,free,0.0
3180,u_202671,2026-05-24,account_created,free,0.0
3181,u_202672,2026-03-24,account_created,free,0.0
3182,u_202672,2026-03-27,upgrade,pro_monthly,9.99
3183,u_202673,2026-05-26,account_created,free,0.0
3184,u_202673,2026-06-01,upgrade,pro_monthly,9.99
3185,u_202674,2026-04-23,account_created,free,0.0
3186,u_202675,2026-06-11,account_created,free,0.0
3187,u_202676,2026-03-12,account_created,free,0.0
3188,u_202676,2026-03-13,upgrade,pro_annual,79.99
3189,u_202677,2026-05-27,account_created,free,0.0
3190,u_202678,2026-04-08,account_created,free,0.0
3191,u_202679,2026-03-23,account_created,free,0.0
3192,u_202680,2026-06-07,account_created,free,0.0
3193,u_202680,2026-06-15,upgrade,pro_monthly,9.99
3194,u_202681,2026-06-13,account_created,free,0.0
3195,u_202682,2026-03-25,account_created,free,0.0
3196,u_202682,2026-03-27,upgrade,pro_annual,79.99
3197,u_202683,2026-06-17,account_created,free,0.0
3198,u_202684,2026-05-30,account_created,free,0.0
3199,u_202685,2026-06-11,account_created,free,0.0
3200,u_202686,2026-06-08,account_created,free,0.0
3201,u_202687,2026-06-20,account_created,free,0.0
3202,u_202687,2026-06-29,upgrade,pro_monthly,9.99
3203,u_202688,2026-04-17,account_created,free,0.0
3204,u_202689,2026-04-10,account_created,free,0.0
3205,u_202690,2026-06-16,account_created,free,0.0
3206,u_202691,2026-03-13,account_created,free,0.0
3207,u_202692,2026-05-18,account_created,free,0.0
3208,u_202693,2026-06-11,account_created,free,0.0
3209,u_202694,2026-04-30,account_created,free,0.0
3210,u_202694,2026-05-01,upgrade,pro_monthly,9.99
3211,u_202695,2026-04-09,account_created,free,0.0
3212,u_202696,2026-05-25,account_created,free,0.0
3213,u_202697,2026-05-16,account_created,free,0.0
3214,u_202697,2026-05-25,upgrade,pro_monthly,9.99
3215,u_202698,2026-05-26,account_created,free,0.0
3216,u_202699,2026-05-05,account_created,free,0.0
3217,u_202700,2026-05-03,account_created,free,0.0
3218,u_202701,2026-06-08,account_created,free,0.0
3219,u_202702,2026-05-03,account_created,free,0.0
3220,u_202702,2026-05-11,upgrade,pro_monthly,9.99
3221,u_202703,2026-06-19,account_created,free,0.0
3222,u_202704,2026-06-15,account_created,free,0.0
3223,u_202705,2026-06-18,account_created,free,0.0
3224,u_202706,2026-05-17,account_created,free,0.0
3225,u_202707,2026-06-07,account_created,free,0.0
3226,u_202708,2026-03-25,account_created,free,0.0
3227,u_202709,2026-04-01,account_created,free,0.0
3228,u_202710,2026-04-20,account_created,free,0.0
3229,u_202710,2026-04-25,upgrade,pro_annual,79.99
3230,u_202710,2026-05-10,cancellation,pro_annual,0.0
3231,u_202711,2026-05-07,account_created,free,0.0
3232,u_202712,2026-06-11,account_created,free,0.0
3233,u_202713,2026-04-17,account_created,free,0.0
3234,u_202714,2026-03-13,account_created,free,0.0
3235,u_202715,2026-03-25,account_created,free,0.0
3236,u_202716,2026-03-07,account_created,free,0.0
3237,u_202716,2026-03-09,upgrade,pro_annual,79.99
3238,u_202717,2026-05-01,account_created,free,0.0
3239,u_202718,2026-06-14,account_created,free,0.0
3240,u_202719,2026-06-15,account_created,free,0.0
3241,u_202720,2026-04-03,account_created,free,0.0
3242,u_202720,2026-04-09,upgrade,pro_annual,79.99
3243,u_202721,2026-06-06,account_created,free,0.0
3244,u_202722,2026-05-23,account_created,free,0.0
3245,u_202723,2026-03-18,account_created,free,0.0
3246,u_202724,2026-04-26,account_created,free,0.0
3247,u_202724,2026-05-02,upgrade,enterprise,299.0
3248,u_202725,2026-06-10,account_created,free,0.0
3249,u_202726,2026-05-17,account_created,free,0.0
3250,u_202727,2026-06-18,account_created,free,0.0
3251,u_202728,2026-03-19,account_created,free,0.0
3252,u_202729,2026-03-17,account_created,free,0.0
3253,u_202730,2026-05-01,account_created,free,0.0
3254,u_202731,2026-04-29,account_created,free,0.0
3255,u_202732,2026-03-03,account_created,free,0.0
3256,u_202732,2026-03-11,upgrade,pro_annual,79.99
3257,u_202732,2026-04-25,cancellation,pro_annual,0.0
3258,u_202733,2026-04-22,account_created,free,0.0
3259,u_202733,2026-04-28,upgrade,pro_annual,79.99
3260,u_202734,2026-04-20,account_created,free,0.0
3261,u_202735,2026-06-03,account_created,free,0.0
3262,u_202736,2026-03-05,account_created,free,0.0
3263,u_202736,2026-03-13,upgrade,pro_annual,79.99
3264,u_202736,2026-03-31,cancellation,pro_annual,0.0
3265,u_202737,2026-03-12,account_created,free,0.0
3266,u_202738,2026-05-31,account_created,free,0.0
3267,u_202738,2026-06-08,upgrade,pro_monthly,9.99
3268,u_202739,2026-05-20,account_created,free,0.0
3269,u_202739,2026-05-28,upgrade,pro_annual,79.99
3270,u_202740,2026-04-04,account_created,free,0.0
3271,u_202741,2026-06-09,account_created,free,0.0
3272,u_202742,2026-03-18,account_created,free,0.0
3273,u_202742,2026-03-22,upgrade,pro_annual,79.99
3274,u_202743,2026-03-25,account_created,free,0.0
3275,u_202744,2026-03-02,account_created,free,0.0
3276,u_202745,2026-05-31,account_created,free,0.0
3277,u_202746,2026-04-13,account_created,free,0.0
3278,u_202747,2026-05-08,account_created,free,0.0
3279,u_202747,2026-05-11,upgrade,enterprise,299.0
3280,u_202748,2026-04-08,account_created,free,0.0
3281,u_202749,2026-03-28,account_created,free,0.0
3282,u_202750,2026-06-19,account_created,free,0.0
3283,u_202750,2026-06-22,upgrade,pro_monthly,9.99
3284,u_202751,2026-04-16,account_created,free,0.0
3285,u_202751,2026-04-19,upgrade,pro_monthly,9.99
3286,u_202752,2026-03-09,account_created,free,0.0
3287,u_202752,2026-03-11,upgrade,pro_monthly,9.99
3288,u_202753,2026-03-14,account_created,free,0.0
3289,u_202754,2026-04-06,account_created,free,0.0
3290,u_202755,2026-03-24,account_created,free,0.0
3291,u_202756,2026-03-25,account_created,free,0.0
3292,u_202757,2026-04-26,account_created,free,0.0
3293,u_202758,2026-04-20,account_created,free,0.0
3294,u_202758,2026-04-25,upgrade,pro_monthly,9.99
3295,u_202759,2026-03-19,account_created,free,0.0
3296,u_202760,2026-03-03,account_created,free,0.0
3297,u_202761,2026-06-15,account_created,free,0.0
3298,u_202762,2026-03-12,account_created,free,0.0
3299,u_202763,2026-06-03,account_created,free,0.0
3300,u_202764,2026-03-28,account_created,free,0.0
3301,u_202765,2026-06-10,account_created,free,0.0
3302,u_202766,2026-04-12,account_created,free,0.0
3303,u_202767,2026-03-29,account_created,free,0.0
3304,u_202768,2026-05-27,account_created,free,0.0
3305,u_202769,2026-06-07,account_created,free,0.0
3306,u_202770,2026-05-28,account_created,free,0.0
3307,u_202771,2026-03-17,account_created,free,0.0
3308,u_202772,2026-04-11,account_created,free,0.0
3309,u_202772,2026-04-12,upgrade,pro_annual,79.99
3310,u_202772,2026-06-06,cancellation,pro_annual,0.0
3311,u_202773,2026-04-04,account_created,free,0.0
3312,u_202774,2026-06-11,account_created,free,0.0
3313,u_202774,2026-06-13,upgrade,pro_annual,79.99
3314,u_202775,2026-04-21,account_created,free,0.0
3315,u_202776,2026-05-11,account_created,free,0.0
3316,u_202776,2026-05-13,upgrade,pro_monthly,9.99
3317,u_202777,2026-04-20,account_created,free,0.0
3318,u_202778,2026-06-07,account_created,free,0.0
3319,u_202779,2026-05-26,account_created,free,0.0
3320,u_202780,2026-03-16,account_created,free,0.0
3321,u_202781,2026-05-11,account_created,free,0.0
3322,u_202781,2026-05-14,upgrade,pro_monthly,9.99
3323,u_202782,2026-05-31,account_created,free,0.0
3324,u_202783,2026-05-27,account_created,free,0.0
3325,u_202784,2026-04-14,account_created,free,0.0
3326,u_202785,2026-05-25,account_created,free,0.0
3327,u_202786,2026-05-02,account_created,free,0.0
3328,u_202787,2026-03-30,account_created,free,0.0
3329,u_202788,2026-04-01,account_created,free,0.0
3330,u_202789,2026-04-08,account_created,free,0.0
3331,u_202790,2026-03-04,account_created,free,0.0
3332,u_202791,2026-06-21,account_created,free,0.0
3333,u_202792,2026-04-19,account_created,free,0.0
3334,u_202793,2026-04-02,account_created,free,0.0
3335,u_202794,2026-04-06,account_created,free,0.0
3336,u_202795,2026-03-15,account_created,free,0.0
3337,u_202795,2026-03-21,upgrade,pro_annual,79.99
3338,u_202796,2026-04-14,account_created,free,0.0
3339,u_202797,2026-05-28,account_created,free,0.0
3340,u_202798,2026-03-21,account_created,free,0.0
3341,u_202799,2026-04-20,account_created,free,0.0
3342,u_202800,2026-06-16,account_created,free,0.0
3343,u_202801,2026-05-01,account_created,free,0.0
3344,u_202802,2026-04-18,account_created,free,0.0
3345,u_202803,2026-05-19,account_created,free,0.0
3346,u_202804,2026-05-06,account_created,free,0.0
3347,u_202805,2026-03-09,account_created,free,0.0
3348,u_202805,2026-03-17,upgrade,pro_monthly,9.99
3349,u_202806,2026-03-29,account_created,free,0.0
3350,u_202807,2026-04-01,account_created,free,0.0
3351,u_202808,2026-03-08,account_created,free,0.0
3352,u_202808,2026-03-11,upgrade,enterprise,299.0
3353,u_202809,2026-05-01,account_created,free,0.0
3354,u_202810,2026-03-12,account_created,free,0.0
3355,u_202810,2026-03-14,upgrade,pro_monthly,9.99
3356,u_202811,2026-04-27,account_created,free,0.0
3357,u_202811,2026-04-28,upgrade,enterprise,299.0
3358,u_202811,2026-06-15,cancellation,enterprise,0.0
3359,u_202812,2026-04-27,account_created,free,0.0
3360,u_202813,2026-04-18,account_created,free,0.0
3361,u_202814,2026-03-29,account_created,free,0.0
3362,u_202815,2026-04-26,account_created,free,0.0
3363,u_202815,2026-05-03,upgrade,pro_monthly,9.99
3364,u_202816,2026-03-25,account_created,free,0.0
3365,u_202817,2026-03-04,account_created,free,0.0
3366,u_202818,2026-03-26,account_created,free,0.0
3367,u_202819,2026-04-09,account_created,free,0.0
3368,u_202820,2026-03-06,account_created,free,0.0
3369,u_202821,2026-04-18,account_created,free,0.0
3370,u_202822,2026-03-23,account_created,free,0.0
3371,u_202823,2026-06-20,account_created,free,0.0
3372,u_202823,2026-06-28,upgrade,pro_annual,79.99
3373,u_202824,2026-03-20,account_created,free,0.0
3374,u_202825,2026-04-18,account_created,free,0.0
3375,u_202825,2026-04-27,upgrade,pro_annual,79.99
3376,u_202826,2026-06-09,account_created,free,0.0
3377,u_202827,2026-04-30,account_created,free,0.0
3378,u_202828,2026-04-25,account_created,free,0.0
3379,u_202829,2026-04-01,account_created,free,0.0
3380,u_202830,2026-04-12,account_created,free,0.0
3381,u_202831,2026-06-09,account_created,free,0.0
3382,u_202832,2026-05-23,account_created,free,0.0
3383,u_202833,2026-04-10,account_created,free,0.0
3384,u_202834,2026-04-21,account_created,free,0.0
3385,u_202834,2026-04-26,upgrade,pro_monthly,9.99
3386,u_202835,2026-05-22,account_created,free,0.0
3387,u_202836,2026-06-02,account_created,free,0.0
3388,u_202837,2026-06-05,account_created,free,0.0
3389,u_202838,2026-05-13,account_created,free,0.0
3390,u_202839,2026-04-15,account_created,free,0.0
3391,u_202840,2026-04-27,account_created,free,0.0
3392,u_202841,2026-04-02,account_created,free,0.0
3393,u_202842,2026-03-07,account_created,free,0.0
3394,u_202843,2026-05-16,account_created,free,0.0
3395,u_202844,2026-05-11,account_created,free,0.0
3396,u_202845,2026-03-27,account_created,free,0.0
3397,u_202846,2026-03-08,account_created,free,0.0
3398,u_202847,2026-05-18,account_created,free,0.0
3399,u_202848,2026-06-21,account_created,free,0.0
3400,u_202849,2026-04-07,account_created,free,0.0
3401,u_202849,2026-04-09,upgrade,pro_monthly,9.99
3402,u_202849,2026-05-16,cancellation,pro_monthly,0.0
3403,u_202850,2026-05-18,account_created,free,0.0
3404,u_202851,2026-05-29,account_created,free,0.0
3405,u_202852,2026-03-12,account_created,free,0.0
3406,u_202853,2026-03-02,account_created,free,0.0
3407,u_202853,2026-03-09,upgrade,pro_monthly,9.99
3408,u_202854,2026-05-09,account_created,free,0.0
3409,u_202855,2026-05-18,account_created,free,0.0
3410,u_202856,2026-03-26,account_created,free,0.0
3411,u_202857,2026-05-28,account_created,free,0.0
3412,u_202858,2026-03-30,account_created,free,0.0
3413,u_202859,2026-05-09,account_created,free,0.0
3414,u_202860,2026-04-18,account_created,free,0.0
3415,u_202861,2026-06-12,account_created,free,0.0
3416,u_202862,2026-05-26,account_created,free,0.0
3417,u_202862,2026-05-27,upgrade,pro_monthly,9.99
3418,u_202863,2026-06-09,account_created,free,0.0
3419,u_202864,2026-03-29,account_created,free,0.0
3420,u_202865,2026-05-05,account_created,free,0.0
3421,u_202866,2026-05-29,account_created,free,0.0
3422,u_202867,2026-06-15,account_created,free,0.0
3423,u_202868,2026-04-09,account_created,free,0.0
3424,u_202869,2026-04-29,account_created,free,0.0
3425,u_202870,2026-04-15,account_created,free,0.0
3426,u_202870,2026-04-19,upgrade,pro_monthly,9.99
3427,u_202870,2026-06-05,cancellation,pro_monthly,0.0
3428,u_202871,2026-06-19,account_created,free,0.0
3429,u_202872,2026-05-05,account_created,free,0.0
3430,u_202873,2026-03-28,account_created,free,0.0
3431,u_202874,2026-05-27,account_created,free,0.0
3432,u_202874,2026-06-04,upgrade,pro_annual,79.99
3433,u_202875,2026-03-01,account_created,free,0.0
3434,u_202876,2026-05-09,account_created,free,0.0
3435,u_202877,2026-04-08,account_created,free,0.0
3436,u_202878,2026-05-10,account_created,free,0.0
3437,u_202879,2026-04-03,account_created,free,0.0
3438,u_202880,2026-03-02,account_created,free,0.0
3439,u_202881,2026-06-20,account_created,free,0.0
3440,u_202882,2026-03-06,account_created,free,0.0
3441,u_202883,2026-05-20,account_created,free,0.0
3442,u_202884,2026-06-05,account_created,free,0.0
3443,u_202885,2026-05-19,account_created,free,0.0
3444,u_202886,2026-03-14,account_created,free,0.0
3445,u_202886,2026-03-18,upgrade,pro_monthly,9.99
3446,u_202886,2026-04-27,cancellation,pro_monthly,0.0
3447,u_202887,2026-04-16,account_created,free,0.0
3448,u_202888,2026-04-14,account_created,free,0.0
3449,u_202889,2026-06-09,account_created,free,0.0
3450,u_202890,2026-05-23,account_created,free,0.0
3451,u_202891,2026-04-04,account_created,free,0.0
3452,u_202892,2026-05-28,account_created,free,0.0
3453,u_202893,2026-06-17,account_created,free,0.0
3454,u_202893,2026-06-26,upgrade,pro_annual,79.99
3455,u_202894,2026-04-06,account_created,free,0.0
3456,u_202895,2026-03-05,account_created,free,0.0
3457,u_202896,2026-06-20,account_created,free,0.0
3458,u_202897,2026-03-09,account_created,free,0.0
3459,u_202898,2026-03-27,account_created,free,0.0
3460,u_202899,2026-05-12,account_created,free,0.0
3461,u_202900,2026-05-03,account_created,free,0.0
3462,u_202901,2026-05-13,account_created,free,0.0
3463,u_202901,2026-05-15,upgrade,pro_annual,79.99
3464,u_202902,2026-05-24,account_created,free,0.0
3465,u_202903,2026-03-02,account_created,free,0.0
3466,u_202904,2026-04-21,account_created,free,0.0
3467,u_202905,2026-04-07,account_created,free,0.0
3468,u_202906,2026-06-07,account_created,free,0.0
3469,u_202907,2026-05-30,account_created,free,0.0
3470,u_202907,2026-06-06,upgrade,pro_monthly,9.99
3471,u_202908,2026-04-25,account_created,free,0.0
3472,u_202909,2026-04-27,account_created,free,0.0
3473,u_202910,2026-05-11,account_created,free,0.0
3474,u_202911,2026-03-09,account_created,free,0.0
3475,u_202912,2026-04-15,account_created,free,0.0
3476,u_202913,2026-05-07,account_created,free,0.0
3477,u_202914,2026-04-13,account_created,free,0.0
3478,u_202915,2026-03-04,account_created,free,0.0
3479,u_202916,2026-03-15,account_created,free,0.0
3480,u_202917,2026-04-03,account_created,free,0.0
3481,u_202917,2026-04-11,upgrade,pro_monthly,9.99
3482,u_202918,2026-04-16,account_created,free,0.0
3483,u_202919,2026-04-12,account_created,free,0.0
3484,u_202920,2026-04-05,account_created,free,0.0
3485,u_202920,2026-04-12,upgrade,pro_monthly,9.99
3486,u_202921,2026-05-04,account_created,free,0.0
3487,u_202921,2026-05-11,upgrade,pro_annual,79.99
3488,u_202922,2026-04-23,account_created,free,0.0
3489,u_202923,2026-03-25,account_created,free,0.0
3490,u_202923,2026-03-26,upgrade,pro_monthly,9.99
3491,u_202924,2026-03-31,account_created,free,0.0
3492,u_202925,2026-06-21,account_created,free,0.0
3493,u_202926,2026-06-16,account_created,free,0.0
3494,u_202927,2026-03-01,account_created,free,0.0
3495,u_202928,2026-05-17,account_created,free,0.0
3496,u_202929,2026-05-28,account_created,free,0.0
3497,u_202930,2026-05-24,account_created,free,0.0
3498,u_202930,2026-05-28,upgrade,pro_monthly,9.99
3499,u_202931,2026-04-29,account_created,free,0.0
3500,u_202932,2026-04-02,account_created,free,0.0
3501,u_202933,2026-05-02,account_created,free,0.0
3502,u_202934,2026-04-14,account_created,free,0.0
3503,u_202935,2026-04-16,account_created,free,0.0
3504,u_202936,2026-05-30,account_created,free,0.0
3505,u_202937,2026-03-17,account_created,free,0.0
3506,u_202938,2026-06-05,account_created,free,0.0
3507,u_202939,2026-05-31,account_created,free,0.0
3508,u_202940,2026-06-12,account_created,free,0.0
3509,u_202940,2026-06-17,upgrade,pro_annual,79.99
3510,u_202941,2026-04-16,account_created,free,0.0
3511,u_202942,2026-03-29,account_created,free,0.0
3512,u_202943,2026-04-05,account_created,free,0.0
3513,u_202944,2026-04-14,account_created,free,0.0
3514,u_202945,2026-05-04,account_created,free,0.0
3515,u_202946,2026-04-19,account_created,free,0.0
3516,u_202947,2026-06-04,account_created,free,0.0
3517,u_202948,2026-06-20,account_created,free,0.0
3518,u_202949,2026-04-23,account_created,free,0.0
3519,u_202950,2026-04-09,account_created,free,0.0
3520,u_202951,2026-03-31,account_created,free,0.0
3521,u_202952,2026-05-15,account_created,free,0.0
3522,u_202953,2026-04-22,account_created,free,0.0
3523,u_202954,2026-03-27,account_created,free,0.0
3524,u_202955,2026-06-08,account_created,free,0.0
3525,u_202956,2026-04-27,account_created,free,0.0
3526,u_202957,2026-06-16,account_created,free,0.0
3527,u_202958,2026-03-25,account_created,free,0.0
3528,u_202959,2026-04-07,account_created,free,0.0
3529,u_202960,2026-05-15,account_created,free,0.0
3530,u_202961,2026-05-09,account_created,free,0.0
3531,u_202962,2026-04-13,account_created,free,0.0
3532,u_202963,2026-04-14,account_created,free,0.0
3533,u_202964,2026-04-26,account_created,free,0.0
3534,u_202965,2026-04-19,account_created,free,0.0
3535,u_202965,2026-04-20,upgrade,pro_monthly,9.99
3536,u_202966,2026-06-01,account_created,free,0.0
3537,u_202966,2026-06-03,upgrade,pro_monthly,9.99
3538,u_202967,2026-05-07,account_created,free,0.0
3539,u_202967,2026-05-12,upgrade,pro_monthly,9.99
3540,u_202968,2026-06-12,account_created,free,0.0
3541,u_202969,2026-05-19,account_created,free,0.0
3542,u_202970,2026-05-03,account_created,free,0.0
3543,u_202971,2026-03-26,account_created,free,0.0
3544,u_202972,2026-06-13,account_created,free,0.0
3545,u_202972,2026-06-18,upgrade,pro_annual,79.99
3546,u_202973,2026-04-23,account_created,free,0.0
3547,u_202974,2026-04-07,account_created,free,0.0
3548,u_202975,2026-05-13,account_created,free,0.0
3549,u_202976,2026-04-23,account_created,free,0.0
3550,u_202976,2026-04-24,upgrade,pro_annual,79.99
3551,u_202977,2026-04-24,account_created,free,0.0
3552,u_202977,2026-04-28,upgrade,pro_annual,79.99
3553,u_202977,2026-06-23,cancellation,pro_annual,0.0
3554,u_202978,2026-03-26,account_created,free,0.0
3555,u_202978,2026-04-01,upgrade,pro_monthly,9.99
3556,u_202979,2026-05-16,account_created,free,0.0
3557,u_202980,2026-04-09,account_created,free,0.0
3558,u_202981,2026-03-22,account_created,free,0.0
3559,u_202982,2026-03-12,account_created,free,0.0
3560,u_202983,2026-06-19,account_created,free,0.0
3561,u_202983,2026-06-22,upgrade,pro_monthly,9.99
3562,u_202984,2026-04-07,account_created,free,0.0
3563,u_202985,2026-06-18,account_created,free,0.0
3564,u_202985,2026-06-25,upgrade,pro_monthly,9.99
3565,u_202986,2026-04-11,account_created,free,0.0
3566,u_202987,2026-03-30,account_created,free,0.0
3567,u_202988,2026-03-29,account_created,free,0.0
3568,u_202989,2026-06-15,account_created,free,0.0
3569,u_202990,2026-05-16,account_created,free,0.0
3570,u_202991,2026-05-31,account_created,free,0.0
3571,u_202992,2026-03-25,account_created,free,0.0
3572,u_202993,2026-04-09,account_created,free,0.0
3573,u_202994,2026-03-16,account_created,free,0.0
3574,u_202995,2026-03-19,account_created,free,0.0
3575,u_202995,2026-03-20,upgrade,enterprise,299.0
3576,u_202996,2026-06-19,account_created,free,0.0
3577,u_202997,2026-04-10,account_created,free,0.0
3578,u_202998,2026-05-24,account_created,free,0.0
3579,u_202999,2026-05-17,account_created,free,0.0
3580,u_203000,2026-03-14,account_created,free,0.0
3581,u_203001,2026-06-02,account_created,free,0.0
3582,u_203002,2026-03-24,account_created,free,0.0
3583,u_203003,2026-06-11,account_created,free,0.0
3584,u_203004,2026-05-05,account_created,free,0.0
3585,u_203005,2026-05-30,account_created,free,0.0
3586,u_203006,2026-05-31,account_created,free,0.0
3587,u_203006,2026-06-02,upgrade,pro_monthly,9.99
3588,u_203007,2026-05-08,account_created,free,0.0
3589,u_203008,2026-04-20,account_created,free,0.0
3590,u_203008,2026-04-29,upgrade,pro_annual,79.99
3591,u_203009,2026-04-12,account_created,free,0.0
3592,u_203009,2026-04-17,upgrade,pro_monthly,9.99
3593,u_203009,2026-05-07,cancellation,pro_monthly,0.0
3594,u_203010,2026-06-19,account_created,free,0.0
3595,u_203011,2026-04-30,account_created,free,0.0
3596,u_203012,2026-05-25,account_created,free,0.0
3597,u_203012,2026-05-27,upgrade,pro_monthly,9.99
3598,u_203013,2026-04-28,account_created,free,0.0
3599,u_203014,2026-04-28,account_created,free,0.0
3600,u_203014,2026-05-05,upgrade,pro_monthly,9.99
3601,u_203015,2026-06-09,account_created,free,0.0
3602,u_203016,2026-03-15,account_created,free,0.0
3603,u_203017,2026-05-15,account_created,free,0.0
3604,u_203017,2026-05-18,upgrade,pro_annual,79.99
3605,u_203018,2026-05-31,account_created,free,0.0
3606,u_203019,2026-04-17,account_created,free,0.0
3607,u_203020,2026-06-10,account_created,free,0.0
3608,u_203021,2026-04-13,account_created,free,0.0
3609,u_203022,2026-06-19,account_created,free,0.0
3610,u_203023,2026-06-20,account_created,free,0.0
3611,u_203024,2026-04-27,account_created,free,0.0
3612,u_203025,2026-04-25,account_created,free,0.0
3613,u_203026,2026-05-03,account_created,free,0.0
3614,u_203026,2026-05-06,upgrade,pro_annual,79.99
3615,u_203027,2026-04-12,account_created,free,0.0
3616,u_203028,2026-04-18,account_created,free,0.0
3617,u_203029,2026-05-22,account_created,free,0.0
3618,u_203030,2026-04-12,account_created,free,0.0
3619,u_203031,2026-06-04,account_created,free,0.0
3620,u_203032,2026-05-31,account_created,free,0.0
3621,u_203033,2026-03-29,account_created,free,0.0
3622,u_203034,2026-06-20,account_created,free,0.0
3623,u_203034,2026-06-22,upgrade,pro_monthly,9.99
3624,u_203035,2026-04-01,account_created,free,0.0
3625,u_203036,2026-03-03,account_created,free,0.0
3626,u_203036,2026-03-04,upgrade,enterprise,299.0
3627,u_203037,2026-05-14,account_created,free,0.0
3628,u_203038,2026-05-09,account_created,free,0.0
3629,u_203039,2026-05-19,account_created,free,0.0
3630,u_203040,2026-03-08,account_created,free,0.0
3631,u_203041,2026-03-08,account_created,free,0.0
3632,u_203042,2026-04-17,account_created,free,0.0
3633,u_203043,2026-04-10,account_created,free,0.0
3634,u_203044,2026-03-09,account_created,free,0.0
3635,u_203045,2026-05-26,account_created,free,0.0
3636,u_203045,2026-05-31,upgrade,pro_monthly,9.99
3637,u_203046,2026-04-22,account_created,free,0.0
3638,u_203047,2026-05-21,account_created,free,0.0
3639,u_203048,2026-05-08,account_created,free,0.0
3640,u_203048,2026-05-10,upgrade,pro_monthly,9.99
3641,u_203049,2026-04-17,account_created,free,0.0
3642,u_203050,2026-03-23,account_created,free,0.0
3643,u_203051,2026-03-27,account_created,free,0.0
3644,u_203052,2026-03-12,account_created,free,0.0
3645,u_203052,2026-03-15,upgrade,pro_monthly,9.99
3646,u_203052,2026-04-11,cancellation,pro_monthly,0.0
3647,u_203053,2026-05-31,account_created,free,0.0
3648,u_203054,2026-04-22,account_created,free,0.0
3649,u_203055,2026-03-25,account_created,free,0.0
3650,u_203056,2026-03-22,account_created,free,0.0
3651,u_203057,2026-05-22,account_created,free,0.0
3652,u_203058,2026-05-27,account_created,free,0.0
3653,u_203059,2026-05-10,account_created,free,0.0
3654,u_203059,2026-05-13,upgrade,pro_monthly,9.99
3655,u_203060,2026-03-23,account_created,free,0.0
3656,u_203060,2026-04-01,upgrade,pro_monthly,9.99
3657,u_203060,2026-04-15,cancellation,pro_monthly,0.0
3658,u_203061,2026-03-27,account_created,free,0.0
3659,u_203062,2026-06-20,account_created,free,0.0
3660,u_203063,2026-06-18,account_created,free,0.0
3661,u_203064,2026-06-10,account_created,free,0.0
3662,u_203065,2026-05-02,account_created,free,0.0
3663,u_203066,2026-03-06,account_created,free,0.0
3664,u_203066,2026-03-09,upgrade,pro_monthly,9.99
3665,u_203067,2026-06-08,account_created,free,0.0
3666,u_203068,2026-04-12,account_created,free,0.0
3667,u_203069,2026-05-20,account_created,free,0.0
3668,u_203070,2026-03-13,account_created,free,0.0
3669,u_203071,2026-04-06,account_created,free,0.0
3670,u_203072,2026-04-24,account_created,free,0.0
3671,u_203073,2026-04-11,account_created,free,0.0
3672,u_203074,2026-03-06,account_created,free,0.0
3673,u_203075,2026-03-22,account_created,free,0.0
3674,u_203076,2026-05-09,account_created,free,0.0
3675,u_203077,2026-03-23,account_created,free,0.0
3676,u_203078,2026-04-29,account_created,free,0.0
3677,u_203079,2026-06-03,account_created,free,0.0
3678,u_203080,2026-05-03,account_created,free,0.0
3679,u_203081,2026-06-18,account_created,free,0.0
3680,u_203082,2026-06-07,account_created,free,0.0
3681,u_203083,2026-03-12,account_created,free,0.0
3682,u_203084,2026-04-24,account_created,free,0.0
3683,u_203085,2026-03-14,account_created,free,0.0
3684,u_203085,2026-03-20,upgrade,pro_annual,79.99
3685,u_203086,2026-06-02,account_created,free,0.0
3686,u_203086,2026-06-09,upgrade,pro_monthly,9.99
3687,u_203087,2026-04-09,account_created,free,0.0
3688,u_203087,2026-04-16,upgrade,pro_monthly,9.99
3689,u_203087,2026-06-04,cancellation,pro_monthly,0.0
3690,u_203088,2026-06-11,account_created,free,0.0
3691,u_203089,2026-04-23,account_created,free,0.0
3692,u_203089,2026-04-29,upgrade,pro_annual,79.99
3693,u_203090,2026-05-15,account_created,free,0.0
3694,u_203091,2026-04-13,account_created,free,0.0
3695,u_203092,2026-05-26,account_created,free,0.0
3696,u_203093,2026-03-15,account_created,free,0.0
3697,u_203094,2026-05-16,account_created,free,0.0
3698,u_203095,2026-06-19,account_created,free,0.0
3699,u_203096,2026-05-30,account_created,free,0.0
3700,u_203097,2026-04-26,account_created,free,0.0
3701,u_203097,2026-04-30,upgrade,pro_monthly,9.99
3702,u_203098,2026-05-31,account_created,free,0.0
3703,u_203099,2026-05-14,account_created,free,0.0
3704,u_203100,2026-05-03,account_created,free,0.0
3705,u_203101,2026-06-17,account_created,free,0.0
3706,u_203101,2026-06-23,upgrade,pro_annual,79.99
3707,u_203102,2026-06-06,account_created,free,0.0
3708,u_203103,2026-03-02,account_created,free,0.0
3709,u_203104,2026-03-02,account_created,free,0.0
3710,u_203105,2026-03-31,account_created,free,0.0
3711,u_203106,2026-06-05,account_created,free,0.0
3712,u_203107,2026-04-27,account_created,free,0.0
3713,u_203108,2026-05-22,account_created,free,0.0
3714,u_203108,2026-05-28,upgrade,pro_annual,79.99
3715,u_203109,2026-05-12,account_created,free,0.0
3716,u_203110,2026-03-22,account_created,free,0.0
3717,u_203111,2026-05-25,account_created,free,0.0
3718,u_203112,2026-06-20,account_created,free,0.0
3719,u_203112,2026-06-29,upgrade,pro_monthly,9.99
3720,u_203113,2026-05-03,account_created,free,0.0
3721,u_203114,2026-03-06,account_created,free,0.0
3722,u_203115,2026-06-18,account_created,free,0.0
3723,u_203116,2026-03-29,account_created,free,0.0
3724,u_203117,2026-03-05,account_created,free,0.0
3725,u_203118,2026-05-30,account_created,free,0.0
3726,u_203119,2026-04-06,account_created,free,0.0
3727,u_203120,2026-03-10,account_created,free,0.0
3728,u_203121,2026-03-30,account_created,free,0.0
3729,u_203122,2026-04-19,account_created,free,0.0
3730,u_203123,2026-05-24,account_created,free,0.0
3731,u_203124,2026-03-22,account_created,free,0.0
3732,u_203125,2026-05-05,account_created,free,0.0
3733,u_203126,2026-04-02,account_created,free,0.0
3734,u_203127,2026-03-15,account_created,free,0.0
3735,u_203128,2026-04-06,account_created,free,0.0
3736,u_203129,2026-04-16,account_created,free,0.0
3737,u_203130,2026-04-01,account_created,free,0.0
3738,u_203131,2026-05-14,account_created,free,0.0
3739,u_203132,2026-05-29,account_created,free,0.0
3740,u_203133,2026-06-10,account_created,free,0.0
3741,u_203134,2026-05-02,account_created,free,0.0
3742,u_203135,2026-06-07,account_created,free,0.0
3743,u_203135,2026-06-08,upgrade,pro_monthly,9.99
3744,u_203136,2026-03-11,account_created,free,0.0
3745,u_203137,2026-06-05,account_created,free,0.0
3746,u_203138,2026-05-29,account_created,free,0.0
3747,u_203139,2026-03-12,account_created,free,0.0
3748,u_203140,2026-05-15,account_created,free,0.0
3749,u_203141,2026-03-23,account_created,free,0.0
3750,u_203142,2026-04-22,account_created,free,0.0
3751,u_203143,2026-03-26,account_created,free,0.0
3752,u_203143,2026-04-03,upgrade,pro_monthly,9.99
3753,u_203144,2026-03-19,account_created,free,0.0
3754,u_203144,2026-03-27,upgrade,pro_monthly,9.99
3755,u_203145,2026-05-23,account_created,free,0.0
3756,u_203146,2026-04-27,account_created,free,0.0
3757,u_203147,2026-05-17,account_created,free,0.0
3758,u_203147,2026-05-19,upgrade,pro_monthly,9.99
3759,u_203148,2026-03-08,account_created,free,0.0
3760,u_203149,2026-03-30,account_created,free,0.0
3761,u_203150,2026-05-18,account_created,free,0.0
3762,u_203151,2026-06-21,account_created,free,0.0
3763,u_203152,2026-04-22,account_created,free,0.0
3764,u_203153,2026-03-19,account_created,free,0.0
3765,u_203154,2026-03-08,account_created,free,0.0
3766,u_203155,2026-04-06,account_created,free,0.0
3767,u_203156,2026-04-13,account_created,free,0.0
3768,u_203157,2026-03-19,account_created,free,0.0
3769,u_203158,2026-06-10,account_created,free,0.0
3770,u_203159,2026-05-17,account_created,free,0.0
3771,u_203159,2026-05-26,upgrade,pro_annual,79.99
3772,u_203160,2026-04-07,account_created,free,0.0
3773,u_203161,2026-05-21,account_created,free,0.0
3774,u_203162,2026-06-20,account_created,free,0.0
3775,u_203163,2026-03-30,account_created,free,0.0
3776,u_203163,2026-04-06,upgrade,pro_annual,79.99
3777,u_203164,2026-06-20,account_created,free,0.0
3778,u_203165,2026-06-12,account_created,free,0.0
3779,u_203166,2026-06-03,account_created,free,0.0
3780,u_203167,2026-05-13,account_created,free,0.0
3781,u_203168,2026-03-01,account_created,free,0.0
3782,u_203169,2026-05-02,account_created,free,0.0
3783,u_203170,2026-03-13,account_created,free,0.0
3784,u_203171,2026-04-10,account_created,free,0.0
3785,u_203171,2026-04-15,upgrade,pro_annual,79.99
3786,u_203171,2026-06-06,cancellation,pro_annual,0.0
3787,u_203172,2026-06-14,account_created,free,0.0
3788,u_203173,2026-06-19,account_created,free,0.0
3789,u_203173,2026-06-20,upgrade,enterprise,299.0
3790,u_203174,2026-06-14,account_created,free,0.0
3791,u_203175,2026-03-07,account_created,free,0.0
3792,u_203175,2026-03-08,upgrade,pro_annual,79.99
3793,u_203176,2026-04-27,account_created,free,0.0
3794,u_203177,2026-05-13,account_created,free,0.0
3795,u_203178,2026-05-16,account_created,free,0.0
3796,u_203179,2026-05-04,account_created,free,0.0
3797,u_203180,2026-05-31,account_created,free,0.0
3798,u_203181,2026-04-08,account_created,free,0.0
3799,u_203182,2026-05-11,account_created,free,0.0
3800,u_203183,2026-05-08,account_created,free,0.0
3801,u_203184,2026-04-24,account_created,free,0.0
3802,u_203184,2026-04-28,upgrade,pro_annual,79.99
3803,u_203185,2026-06-13,account_created,free,0.0
3804,u_203186,2026-03-18,account_created,free,0.0
3805,u_203187,2026-04-03,account_created,free,0.0
3806,u_203188,2026-05-20,account_created,free,0.0
3807,u_203189,2026-03-08,account_created,free,0.0
3808,u_203190,2026-04-16,account_created,free,0.0
3809,u_203190,2026-04-18,upgrade,pro_annual,79.99
3810,u_203191,2026-06-06,account_created,free,0.0
3811,u_203192,2026-06-12,account_created,free,0.0
3812,u_203192,2026-06-13,upgrade,pro_annual,79.99
3813,u_203193,2026-06-06,account_created,free,0.0
3814,u_203194,2026-03-03,account_created,free,0.0
3815,u_203194,2026-03-09,upgrade,pro_annual,79.99
3816,u_203195,2026-04-10,account_created,free,0.0
3817,u_203196,2026-04-19,account_created,free,0.0
3818,u_203196,2026-04-27,upgrade,pro_annual,79.99
3819,u_203196,2026-05-15,cancellation,pro_annual,0.0
3820,u_203197,2026-04-07,account_created,free,0.0
3821,u_203197,2026-04-15,upgrade,pro_annual,79.99
3822,u_203198,2026-04-20,account_created,free,0.0
3823,u_203199,2026-04-03,account_created,free,0.0
3824,u_203199,2026-04-12,upgrade,pro_monthly,9.99
3825,u_203200,2026-03-29,account_created,free,0.0
3826,u_203200,2026-04-04,upgrade,pro_annual,79.99
3827,u_203201,2026-04-20,account_created,free,0.0
3828,u_203202,2026-06-15,account_created,free,0.0
3829,u_203203,2026-05-30,account_created,free,0.0
3830,u_203204,2026-05-12,account_created,free,0.0
3831,u_203204,2026-05-16,upgrade,pro_annual,79.99
3832,u_203205,2026-04-15,account_created,free,0.0
3833,u_203206,2026-03-27,account_created,free,0.0
3834,u_203207,2026-06-20,account_created,free,0.0
3835,u_203208,2026-05-22,account_created,free,0.0
3836,u_203208,2026-05-31,upgrade,pro_monthly,9.99
3837,u_203209,2026-06-03,account_created,free,0.0
3838,u_203210,2026-03-07,account_created,free,0.0
3839,u_203211,2026-04-15,account_created,free,0.0
3840,u_203212,2026-05-30,account_created,free,0.0
3841,u_203213,2026-03-08,account_created,free,0.0
3842,u_203214,2026-03-11,account_created,free,0.0
3843,u_203215,2026-05-07,account_created,free,0.0
3844,u_203216,2026-05-29,account_created,free,0.0
3845,u_203217,2026-06-10,account_created,free,0.0
3846,u_203218,2026-05-17,account_created,free,0.0
3847,u_203218,2026-05-20,upgrade,pro_monthly,9.99
3848,u_203219,2026-05-18,account_created,free,0.0
3849,u_203220,2026-05-31,account_created,free,0.0
3850,u_203221,2026-03-15,account_created,free,0.0
3851,u_203222,2026-04-15,account_created,free,0.0
3852,u_203223,2026-04-29,account_created,free,0.0
3853,u_203224,2026-04-12,account_created,free,0.0
3854,u_203225,2026-06-01,account_created,free,0.0
3855,u_203226,2026-05-09,account_created,free,0.0
3856,u_203227,2026-05-02,account_created,free,0.0
3857,u_203228,2026-05-09,account_created,free,0.0
3858,u_203229,2026-05-07,account_created,free,0.0
3859,u_203230,2026-03-27,account_created,free,0.0
3860,u_203230,2026-04-05,upgrade,enterprise,299.0
3861,u_203231,2026-04-17,account_created,free,0.0
3862,u_203232,2026-06-21,account_created,free,0.0
3863,u_203232,2026-06-22,upgrade,pro_monthly,9.99
3864,u_203233,2026-03-03,account_created,free,0.0
3865,u_203234,2026-06-11,account_created,free,0.0
3866,u_203234,2026-06-15,upgrade,pro_monthly,9.99
3867,u_203235,2026-06-06,account_created,free,0.0
3868,u_203235,2026-06-09,upgrade,pro_monthly,9.99
3869,u_203236,2026-06-15,account_created,free,0.0
3870,u_203236,2026-06-16,upgrade,pro_monthly,9.99
3871,u_203237,2026-05-20,account_created,free,0.0
3872,u_203238,2026-03-29,account_created,free,0.0
3873,u_203239,2026-05-27,account_created,free,0.0
3874,u_203240,2026-05-18,account_created,free,0.0
3875,u_203241,2026-05-28,account_created,free,0.0
3876,u_203242,2026-03-28,account_created,free,0.0
3877,u_203243,2026-04-14,account_created,free,0.0
3878,u_203243,2026-04-21,upgrade,pro_monthly,9.99
3879,u_203243,2026-06-21,cancellation,pro_monthly,0.0
3880,u_203244,2026-05-03,account_created,free,0.0
3881,u_203245,2026-04-12,account_created,free,0.0
3882,u_203246,2026-04-07,account_created,free,0.0
3883,u_203247,2026-04-30,account_created,free,0.0
3884,u_203248,2026-05-02,account_created,free,0.0
3885,u_203249,2026-03-25,account_created,free,0.0
3886,u_203250,2026-05-13,account_created,free,0.0
3887,u_203250,2026-05-19,upgrade,pro_monthly,9.99
3888,u_203251,2026-05-17,account_created,free,0.0
3889,u_203252,2026-05-17,account_created,free,0.0
3890,u_203253,2026-05-27,account_created,free,0.0
3891,u_203254,2026-03-02,account_created,free,0.0
3892,u_203255,2026-04-28,account_created,free,0.0
3893,u_203256,2026-04-10,account_created,free,0.0
3894,u_203257,2026-03-15,account_created,free,0.0
3895,u_203258,2026-04-13,account_created,free,0.0
3896,u_203259,2026-05-09,account_created,free,0.0
3897,u_203260,2026-04-17,account_created,free,0.0
3898,u_203260,2026-04-23,upgrade,pro_annual,79.99
3899,u_203261,2026-06-16,account_created,free,0.0
3900,u_203262,2026-05-24,account_created,free,0.0
3901,u_203263,2026-04-15,account_created,free,0.0
3902,u_203264,2026-05-09,account_created,free,0.0
3903,u_203265,2026-03-05,account_created,free,0.0
3904,u_203266,2026-03-26,account_created,free,0.0
3905,u_203267,2026-04-20,account_created,free,0.0
3906,u_203267,2026-04-26,upgrade,pro_monthly,9.99
3907,u_203268,2026-05-28,account_created,free,0.0
3908,u_203269,2026-04-09,account_created,free,0.0
3909,u_203270,2026-06-09,account_created,free,0.0
3910,u_203270,2026-06-17,upgrade,pro_monthly,9.99
3911,u_203271,2026-05-15,account_created,free,0.0
3912,u_203272,2026-03-08,account_created,free,0.0
3913,u_203273,2026-04-18,account_created,free,0.0
3914,u_203274,2026-03-29,account_created,free,0.0
3915,u_203275,2026-03-03,account_created,free,0.0
3916,u_203275,2026-03-08,upgrade,pro_monthly,9.99
3917,u_203276,2026-05-01,account_created,free,0.0
3918,u_203277,2026-04-19,account_created,free,0.0
3919,u_203278,2026-03-30,account_created,free,0.0
3920,u_203279,2026-03-24,account_created,free,0.0
3921,u_203280,2026-05-05,account_created,free,0.0
3922,u_203281,2026-05-09,account_created,free,0.0
3923,u_203281,2026-05-12,upgrade,pro_annual,79.99
3924,u_203282,2026-05-14,account_created,free,0.0
3925,u_203282,2026-05-18,upgrade,pro_monthly,9.99
3926,u_203283,2026-05-07,account_created,free,0.0
3927,u_203284,2026-04-19,account_created,free,0.0
3928,u_203284,2026-04-23,upgrade,pro_annual,79.99
3929,u_203285,2026-06-17,account_created,free,0.0
3930,u_203286,2026-04-05,account_created,free,0.0
3931,u_203287,2026-06-18,account_created,free,0.0
3932,u_203288,2026-03-26,account_created,free,0.0
3933,u_203289,2026-05-04,account_created,free,0.0
3934,u_203290,2026-05-23,account_created,free,0.0
3935,u_203291,2026-03-03,account_created,free,0.0
3936,u_203292,2026-05-07,account_created,free,0.0
3937,u_203293,2026-06-13,account_created,free,0.0
3938,u_203294,2026-04-02,account_created,free,0.0
3939,u_203294,2026-04-07,upgrade,pro_annual,79.99
3940,u_203294,2026-06-04,cancellation,pro_annual,0.0
3941,u_203295,2026-04-26,account_created,free,0.0
3942,u_203296,2026-04-10,account_created,free,0.0
3943,u_203296,2026-04-13,upgrade,pro_annual,79.99
3944,u_203297,2026-05-21,account_created,free,0.0
3945,u_203298,2026-03-01,account_created,free,0.0
3946,u_203299,2026-03-05,account_created,free,0.0
3947,u_203300,2026-04-20,account_created,free,0.0
3948,u_203301,2026-06-16,account_created,free,0.0
3949,u_203301,2026-06-23,upgrade,pro_monthly,9.99
3950,u_203302,2026-06-15,account_created,free,0.0
3951,u_203303,2026-05-10,account_created,free,0.0
3952,u_203303,2026-05-12,upgrade,pro_monthly,9.99
3953,u_203304,2026-03-10,account_created,free,0.0
3954,u_203305,2026-06-09,account_created,free,0.0
3955,u_203306,2026-06-03,account_created,free,0.0
3956,u_203307,2026-04-22,account_created,free,0.0
3957,u_203307,2026-04-28,upgrade,pro_monthly,9.99
3958,u_203308,2026-03-15,account_created,free,0.0
3959,u_203309,2026-06-18,account_created,free,0.0
3960,u_203309,2026-06-25,upgrade,pro_annual,79.99
3961,u_203310,2026-04-09,account_created,free,0.0
3962,u_203311,2026-03-27,account_created,free,0.0
3963,u_203312,2026-05-14,account_created,free,0.0
3964,u_203313,2026-04-10,account_created,free,0.0
3965,u_203314,2026-04-22,account_created,free,0.0
3966,u_203315,2026-04-18,account_created,free,0.0
3967,u_203316,2026-03-20,account_created,free,0.0
3968,u_203317,2026-05-13,account_created,free,0.0
3969,u_203318,2026-05-17,account_created,free,0.0
3970,u_203319,2026-05-26,account_created,free,0.0
3971,u_203319,2026-05-27,upgrade,pro_annual,79.99
3972,u_203320,2026-05-08,account_created,free,0.0
3973,u_203321,2026-03-24,account_created,free,0.0
3974,u_203321,2026-03-30,upgrade,pro_annual,79.99
3975,u_203322,2026-05-18,account_created,free,0.0
3976,u_203323,2026-05-30,account_created,free,0.0
3977,u_203324,2026-04-29,account_created,free,0.0
3978,u_203325,2026-03-06,account_created,free,0.0
3979,u_203326,2026-05-23,account_created,free,0.0
3980,u_203327,2026-06-16,account_created,free,0.0
3981,u_203328,2026-05-09,account_created,free,0.0
3982,u_203328,2026-05-14,upgrade,pro_annual,79.99
3983,u_203328,2026-06-25,cancellation,pro_annual,0.0
3984,u_203329,2026-05-23,account_created,free,0.0
3985,u_203330,2026-04-24,account_created,free,0.0
3986,u_203331,2026-03-18,account_created,free,0.0
3987,u_203332,2026-06-07,account_created,free,0.0
3988,u_203333,2026-03-26,account_created,free,0.0
3989,u_203334,2026-03-26,account_created,free,0.0
3990,u_203335,2026-06-12,account_created,free,0.0
3991,u_203336,2026-03-10,account_created,free,0.0
3992,u_203337,2026-03-03,account_created,free,0.0
3993,u_203338,2026-05-28,account_created,free,0.0
3994,u_203339,2026-05-24,account_created,free,0.0
3995,u_203340,2026-06-16,account_created,free,0.0
3996,u_203340,2026-06-20,upgrade,pro_annual,79.99
3997,u_203341,2026-05-24,account_created,free,0.0
3998,u_203342,2026-04-05,account_created,free,0.0
3999,u_203343,2026-03-31,account_created,free,0.0
4000,u_203344,2026-05-08,account_created,free,0.0
4001,u_203345,2026-04-27,account_created,free,0.0
4002,u_203346,2026-04-26,account_created,free,0.0
4003,u_203346,2026-05-04,upgrade,pro_monthly,9.99
4004,u_203347,2026-03-17,account_created,free,0.0
4005,u_203347,2026-03-22,upgrade,pro_annual,79.99
4006,u_203347,2026-04-17,cancellation,pro_annual,0.0
4007,u_203348,2026-03-03,account_created,free,0.0
4008,u_203349,2026-05-27,account_created,free,0.0
4009,u_203350,2026-04-26,account_created,free,0.0
4010,u_203350,2026-04-27,upgrade,pro_monthly,9.99
4011,u_203351,2026-06-17,account_created,free,0.0
4012,u_203351,2026-06-26,upgrade,pro_monthly,9.99
4013,u_203352,2026-03-28,account_created,free,0.0
4014,u_203352,2026-03-30,upgrade,pro_monthly,9.99
4015,u_203353,2026-05-13,account_created,free,0.0
4016,u_203354,2026-04-06,account_created,free,0.0
4017,u_203355,2026-06-17,account_created,free,0.0
4018,u_203356,2026-05-03,account_created,free,0.0
4019,u_203357,2026-05-16,account_created,free,0.0
4020,u_203358,2026-05-24,account_created,free,0.0
4021,u_203359,2026-06-03,account_created,free,0.0
4022,u_203360,2026-05-16,account_created,free,0.0
4023,u_203361,2026-06-04,account_created,free,0.0
4024,u_203362,2026-04-02,account_created,free,0.0
4025,u_203363,2026-03-08,account_created,free,0.0
4026,u_203364,2026-05-05,account_created,free,0.0
4027,u_203365,2026-04-24,account_created,free,0.0
4028,u_203366,2026-04-03,account_created,free,0.0
4029,u_203367,2026-05-20,account_created,free,0.0
4030,u_203368,2026-03-15,account_created,free,0.0
4031,u_203369,2026-04-14,account_created,free,0.0
4032,u_203370,2026-05-03,account_created,free,0.0
4033,u_203371,2026-04-10,account_created,free,0.0
4034,u_203371,2026-04-15,upgrade,pro_annual,79.99
4035,u_203372,2026-03-14,account_created,free,0.0
4036,u_203373,2026-04-22,account_created,free,0.0
4037,u_203373,2026-04-30,upgrade,pro_monthly,9.99
4038,u_203373,2026-06-15,cancellation,pro_monthly,0.0
4039,u_203374,2026-06-05,account_created,free,0.0
4040,u_203374,2026-06-06,upgrade,pro_monthly,9.99
4041,u_203375,2026-05-17,account_created,free,0.0
4042,u_203376,2026-06-08,account_created,free,0.0
4043,u_203377,2026-05-11,account_created,free,0.0
4044,u_203377,2026-05-19,upgrade,pro_monthly,9.99
4045,u_203378,2026-05-03,account_created,free,0.0
4046,u_203379,2026-04-08,account_created,free,0.0
4047,u_203380,2026-05-26,account_created,free,0.0
4048,u_203381,2026-03-28,account_created,free,0.0
4049,u_203382,2026-05-25,account_created,free,0.0
4050,u_203383,2026-03-24,account_created,free,0.0
4051,u_203384,2026-04-21,account_created,free,0.0
4052,u_203385,2026-04-04,account_created,free,0.0
4053,u_203385,2026-04-08,upgrade,pro_annual,79.99
4054,u_203386,2026-05-20,account_created,free,0.0
4055,u_203387,2026-06-09,account_created,free,0.0
4056,u_203388,2026-06-07,account_created,free,0.0
4057,u_203389,2026-04-25,account_created,free,0.0
4058,u_203390,2026-06-17,account_created,free,0.0
4059,u_203391,2026-04-01,account_created,free,0.0
4060,u_203392,2026-04-17,account_created,free,0.0
4061,u_203393,2026-06-04,account_created,free,0.0
4062,u_203394,2026-05-08,account_created,free,0.0
4063,u_203394,2026-05-15,upgrade,pro_monthly,9.99
4064,u_203395,2026-04-03,account_created,free,0.0
4065,u_203396,2026-06-08,account_created,free,0.0
4066,u_203397,2026-04-21,account_created,free,0.0
4067,u_203398,2026-06-03,account_created,free,0.0
4068,u_203399,2026-06-09,account_created,free,0.0
4069,u_203399,2026-06-14,upgrade,enterprise,299.0
4070,u_203400,2026-05-01,account_created,free,0.0
4071,u_203401,2026-04-01,account_created,free,0.0
4072,u_203402,2026-03-04,account_created,free,0.0
4073,u_203402,2026-03-12,upgrade,pro_monthly,9.99
4074,u_203403,2026-03-23,account_created,free,0.0
4075,u_203404,2026-03-07,account_created,free,0.0
4076,u_203404,2026-03-09,upgrade,pro_annual,79.99
4077,u_203405,2026-03-27,account_created,free,0.0
4078,u_203406,2026-03-17,account_created,free,0.0
4079,u_203407,2026-06-06,account_created,free,0.0
4080,u_203407,2026-06-07,upgrade,pro_monthly,9.99
4081,u_203408,2026-03-02,account_created,free,0.0
4082,u_203409,2026-04-15,account_created,free,0.0
4083,u_203410,2026-06-02,account_created,free,0.0
4084,u_203411,2026-03-04,account_created,free,0.0
4085,u_203412,2026-06-20,account_created,free,0.0
4086,u_203413,2026-03-22,account_created,free,0.0
4087,u_203414,2026-04-16,account_created,free,0.0
4088,u_203415,2026-06-07,account_created,free,0.0
4089,u_203415,2026-06-11,upgrade,pro_monthly,9.99
4090,u_203416,2026-04-19,account_created,free,0.0
4091,u_203417,2026-03-07,account_created,free,0.0
4092,u_203418,2026-05-08,account_created,free,0.0
4093,u_203419,2026-03-14,account_created,free,0.0
4094,u_203420,2026-03-28,account_created,free,0.0
4095,u_203421,2026-03-06,account_created,free,0.0
4096,u_203422,2026-04-09,account_created,free,0.0
4097,u_203423,2026-05-16,account_created,free,0.0
4098,u_203424,2026-03-01,account_created,free,0.0
4099,u_203424,2026-03-03,upgrade,pro_monthly,9.99
4100,u_203425,2026-03-15,account_created,free,0.0
4101,u_203426,2026-05-09,account_created,free,0.0
4102,u_203426,2026-05-10,upgrade,pro_annual,79.99
4103,u_203427,2026-05-07,account_created,free,0.0
4104,u_203428,2026-03-05,account_created,free,0.0
4105,u_203429,2026-06-03,account_created,free,0.0
4106,u_203430,2026-04-16,account_created,free,0.0
4107,u_203431,2026-03-12,account_created,free,0.0
4108,u_203432,2026-06-14,account_created,free,0.0
4109,u_203433,2026-06-14,account_created,free,0.0
4110,u_203433,2026-06-17,upgrade,pro_monthly,9.99
4111,u_203434,2026-06-14,account_created,free,0.0
4112,u_203435,2026-05-18,account_created,free,0.0
4113,u_203436,2026-03-06,account_created,free,0.0
4114,u_203437,2026-04-28,account_created,free,0.0
4115,u_203438,2026-03-21,account_created,free,0.0
4116,u_203438,2026-03-27,upgrade,pro_monthly,9.99
4117,u_203439,2026-06-07,account_created,free,0.0
4118,u_203440,2026-03-07,account_created,free,0.0
4119,u_203441,2026-05-06,account_created,free,0.0
4120,u_203442,2026-04-13,account_created,free,0.0
4121,u_203443,2026-05-09,account_created,free,0.0
4122,u_203444,2026-06-06,account_created,free,0.0
4123,u_203445,2026-05-27,account_created,free,0.0
4124,u_203445,2026-06-05,upgrade,pro_monthly,9.99
4125,u_203446,2026-06-12,account_created,free,0.0
4126,u_203446,2026-06-13,upgrade,pro_annual,79.99
4127,u_203447,2026-04-21,account_created,free,0.0
4128,u_203448,2026-03-11,account_created,free,0.0
4129,u_203449,2026-04-17,account_created,free,0.0
4130,u_203450,2026-04-18,account_created,free,0.0
4131,u_203451,2026-04-12,account_created,free,0.0
4132,u_203451,2026-04-19,upgrade,pro_monthly,9.99
4133,u_203452,2026-04-11,account_created,free,0.0
4134,u_203453,2026-06-05,account_created,free,0.0
4135,u_203454,2026-04-01,account_created,free,0.0
4136,u_203455,2026-03-01,account_created,free,0.0
4137,u_203456,2026-03-01,account_created,free,0.0
4138,u_203457,2026-05-17,account_created,free,0.0
4139,u_203458,2026-05-11,account_created,free,0.0
4140,u_203458,2026-05-20,upgrade,pro_monthly,9.99
4141,u_203459,2026-05-23,account_created,free,0.0
4142,u_203460,2026-06-06,account_created,free,0.0
4143,u_203461,2026-05-19,account_created,free,0.0
4144,u_203461,2026-05-25,upgrade,pro_monthly,9.99
4145,u_203462,2026-03-21,account_created,free,0.0
4146,u_203463,2026-03-23,account_created,free,0.0
4147,u_203464,2026-04-12,account_created,free,0.0
4148,u_203465,2026-04-09,account_created,free,0.0
4149,u_203466,2026-04-12,account_created,free,0.0
4150,u_203467,2026-04-26,account_created,free,0.0
4151,u_203468,2026-05-17,account_created,free,0.0
4152,u_203468,2026-05-24,upgrade,pro_monthly,9.99
4153,u_203469,2026-03-08,account_created,free,0.0
4154,u_203470,2026-03-12,account_created,free,0.0
4155,u_203471,2026-05-22,account_created,free,0.0
4156,u_203472,2026-06-18,account_created,free,0.0
4157,u_203472,2026-06-19,upgrade,pro_monthly,9.99
4158,u_203473,2026-05-16,account_created,free,0.0
4159,u_203474,2026-03-23,account_created,free,0.0
4160,u_203475,2026-03-05,account_created,free,0.0
4161,u_203476,2026-03-12,account_created,free,0.0
4162,u_203477,2026-06-06,account_created,free,0.0
4163,u_203477,2026-06-14,upgrade,pro_monthly,9.99
4164,u_203478,2026-03-05,account_created,free,0.0
4165,u_203479,2026-03-21,account_created,free,0.0
4166,u_203480,2026-06-03,account_created,free,0.0
4167,u_203481,2026-04-26,account_created,free,0.0
4168,u_203482,2026-03-12,account_created,free,0.0
4169,u_203483,2026-04-24,account_created,free,0.0
4170,u_203484,2026-03-29,account_created,free,0.0
4171,u_203485,2026-04-10,account_created,free,0.0
4172,u_203486,2026-03-26,account_created,free,0.0
4173,u_203487,2026-05-10,account_created,free,0.0
4174,u_203488,2026-05-07,account_created,free,0.0
4175,u_203488,2026-05-16,upgrade,pro_monthly,9.99
4176,u_203489,2026-04-07,account_created,free,0.0
4177,u_203489,2026-04-16,upgrade,pro_monthly,9.99
4178,u_203489,2026-05-21,cancellation,pro_monthly,0.0
4179,u_203490,2026-03-07,account_created,free,0.0
4180,u_203491,2026-03-01,account_created,free,0.0
4181,u_203492,2026-04-22,account_created,free,0.0
4182,u_203493,2026-05-29,account_created,free,0.0
4183,u_203494,2026-03-20,account_created,free,0.0
4184,u_203495,2026-05-02,account_created,free,0.0
4185,u_203496,2026-03-14,account_created,free,0.0
4186,u_203497,2026-06-12,account_created,free,0.0
4187,u_203498,2026-05-30,account_created,free,0.0
4188,u_203499,2026-04-30,account_created,free,0.0
4189,u_203500,2026-05-03,account_created,free,0.0
4190,u_203501,2026-06-08,account_created,free,0.0
4191,u_203502,2026-03-29,account_created,free,0.0
4192,u_203503,2026-05-15,account_created,free,0.0
4193,u_203504,2026-04-02,account_created,free,0.0
4194,u_203504,2026-04-11,upgrade,pro_monthly,9.99
4195,u_203504,2026-05-23,cancellation,pro_monthly,0.0
4196,u_203505,2026-05-29,account_created,free,0.0
4197,u_203506,2026-05-17,account_created,free,0.0
4198,u_203507,2026-04-22,account_created,free,0.0
4199,u_203508,2026-06-16,account_created,free,0.0
4200,u_203509,2026-06-11,account_created,free,0.0
4201,u_203510,2026-06-02,account_created,free,0.0
4202,u_203510,2026-06-04,upgrade,pro_annual,79.99
4203,u_203511,2026-03-25,account_created,free,0.0
4204,u_203512,2026-03-07,account_created,free,0.0
4205,u_203512,2026-03-15,upgrade,pro_monthly,9.99
4206,u_203512,2026-05-11,cancellation,pro_monthly,0.0
4207,u_203513,2026-03-08,account_created,free,0.0
4208,u_203514,2026-05-26,account_created,free,0.0
4209,u_203514,2026-05-28,upgrade,pro_monthly,9.99
4210,u_203514,2026-06-08,cancellation,pro_monthly,0.0
4211,u_203515,2026-04-17,account_created,free,0.0
4212,u_203516,2026-05-28,account_created,free,0.0
4213,u_203517,2026-05-20,account_created,free,0.0
4214,u_203518,2026-05-22,account_created,free,0.0
4215,u_203519,2026-06-18,account_created,free,0.0
4216,u_203520,2026-04-05,account_created,free,0.0
4217,u_203521,2026-04-26,account_created,free,0.0
4218,u_203521,2026-04-27,upgrade,pro_monthly,9.99
4219,u_203521,2026-06-01,cancellation,pro_monthly,0.0
4220,u_203522,2026-03-12,account_created,free,0.0
4221,u_203523,2026-03-20,account_created,free,0.0
4222,u_203524,2026-05-28,account_created,free,0.0
4223,u_203525,2026-05-22,account_created,free,0.0
4224,u_203525,2026-05-23,upgrade,pro_annual,79.99
4225,u_203526,2026-06-16,account_created,free,0.0
4226,u_203527,2026-04-20,account_created,free,0.0
4227,u_203528,2026-03-06,account_created,free,0.0
4228,u_203529,2026-03-01,account_created,free,0.0
4229,u_203530,2026-04-26,account_created,free,0.0
4230,u_203531,2026-03-01,account_created,free,0.0
4231,u_203532,2026-05-10,account_created,free,0.0
4232,u_203533,2026-04-18,account_created,free,0.0
4233,u_203533,2026-04-19,upgrade,pro_monthly,9.99
4234,u_203534,2026-05-07,account_created,free,0.0
4235,u_203535,2026-04-29,account_created,free,0.0
4236,u_203536,2026-05-11,account_created,free,0.0
4237,u_203537,2026-03-27,account_created,free,0.0
4238,u_203537,2026-04-04,upgrade,pro_monthly,9.99
4239,u_203538,2026-05-15,account_created,free,0.0
4240,u_203539,2026-05-29,account_created,free,0.0
4241,u_203540,2026-04-02,account_created,free,0.0
4242,u_203541,2026-03-07,account_created,free,0.0
4243,u_203542,2026-05-14,account_created,free,0.0
4244,u_203542,2026-05-23,upgrade,pro_monthly,9.99
4245,u_203543,2026-03-08,account_created,free,0.0
4246,u_203543,2026-03-16,upgrade,enterprise,299.0
4247,u_203543,2026-04-22,cancellation,enterprise,0.0
4248,u_203544,2026-06-12,account_created,free,0.0
4249,u_203545,2026-04-19,account_created,free,0.0
4250,u_203546,2026-05-14,account_created,free,0.0
4251,u_203547,2026-04-24,account_created,free,0.0
4252,u_203548,2026-06-21,account_created,free,0.0
4253,u_203549,2026-03-04,account_created,free,0.0
4254,u_203550,2026-05-01,account_created,free,0.0
4255,u_203551,2026-03-24,account_created,free,0.0
4256,u_203552,2026-05-08,account_created,free,0.0
4257,u_203553,2026-06-02,account_created,free,0.0
4258,u_203554,2026-05-10,account_created,free,0.0
4259,u_203555,2026-05-27,account_created,free,0.0
4260,u_203555,2026-06-02,upgrade,pro_monthly,9.99
4261,u_203556,2026-06-03,account_created,free,0.0
4262,u_203556,2026-06-10,upgrade,pro_annual,79.99
4263,u_203557,2026-03-16,account_created,free,0.0
4264,u_203558,2026-05-01,account_created,free,0.0
4265,u_203559,2026-04-08,account_created,free,0.0
4266,u_203560,2026-03-27,account_created,free,0.0
4267,u_203561,2026-04-13,account_created,free,0.0
4268,u_203562,2026-04-07,account_created,free,0.0
4269,u_203563,2026-05-21,account_created,free,0.0
4270,u_203563,2026-05-30,upgrade,pro_annual,79.99
4271,u_203564,2026-04-28,account_created,free,0.0
4272,u_203565,2026-05-27,account_created,free,0.0
4273,u_203566,2026-05-10,account_created,free,0.0
4274,u_203567,2026-04-20,account_created,free,0.0
4275,u_203568,2026-04-16,account_created,free,0.0
4276,u_203569,2026-04-02,account_created,free,0.0
4277,u_203570,2026-03-31,account_created,free,0.0
4278,u_203570,2026-04-02,upgrade,enterprise,299.0
4279,u_203571,2026-04-25,account_created,free,0.0
4280,u_203572,2026-06-01,account_created,free,0.0
4281,u_203573,2026-03-04,account_created,free,0.0
4282,u_203574,2026-06-13,account_created,free,0.0
4283,u_203575,2026-06-21,account_created,free,0.0
4284,u_203576,2026-04-12,account_created,free,0.0
4285,u_203577,2026-04-23,account_created,free,0.0
4286,u_203578,2026-05-09,account_created,free,0.0
4287,u_203579,2026-05-18,account_created,free,0.0
4288,u_203579,2026-05-21,upgrade,pro_monthly,9.99
4289,u_203580,2026-05-15,account_created,free,0.0
4290,u_203581,2026-06-02,account_created,free,0.0
4291,u_203582,2026-03-29,account_created,free,0.0
4292,u_203583,2026-03-05,account_created,free,0.0
4293,u_203584,2026-04-28,account_created,free,0.0
4294,u_203584,2026-04-29,upgrade,enterprise,299.0
4295,u_203585,2026-03-18,account_created,free,0.0
4296,u_203586,2026-03-18,account_created,free,0.0
4297,u_203587,2026-05-22,account_created,free,0.0
4298,u_203587,2026-05-28,upgrade,pro_annual,79.99
4299,u_203588,2026-06-11,account_created,free,0.0
4300,u_203589,2026-05-04,account_created,free,0.0
4301,u_203590,2026-04-01,account_created,free,0.0
4302,u_203591,2026-03-15,account_created,free,0.0
4303,u_203592,2026-03-18,account_created,free,0.0
4304,u_203593,2026-05-03,account_created,free,0.0
4305,u_203594,2026-04-03,account_created,free,0.0
4306,u_203594,2026-04-08,upgrade,pro_monthly,9.99
4307,u_203594,2026-04-25,cancellation,pro_monthly,0.0
4308,u_203595,2026-05-13,account_created,free,0.0
4309,u_203596,2026-05-02,account_created,free,0.0
4310,u_203597,2026-05-31,account_created,free,0.0
4311,u_203598,2026-04-25,account_created,free,0.0
4312,u_203599,2026-05-27,account_created,free,0.0
4313,u_203600,2026-05-21,account_created,free,0.0
4314,u_203600,2026-05-30,upgrade,pro_monthly,9.99
4315,u_203601,2026-06-07,account_created,free,0.0
4316,u_203601,2026-06-12,upgrade,pro_annual,79.99
4317,u_203602,2026-03-29,account_created,free,0.0
4318,u_203603,2026-03-20,account_created,free,0.0
4319,u_203604,2026-05-04,account_created,free,0.0
4320,u_203605,2026-05-07,account_created,free,0.0
4321,u_203606,2026-05-30,account_created,free,0.0
4322,u_203607,2026-05-10,account_created,free,0.0
4323,u_203608,2026-05-13,account_created,free,0.0
4324,u_203608,2026-05-16,upgrade,pro_monthly,9.99
4325,u_203609,2026-05-29,account_created,free,0.0
4326,u_203610,2026-03-02,account_created,free,0.0
4327,u_203611,2026-05-12,account_created,free,0.0
4328,u_203612,2026-04-12,account_created,free,0.0
4329,u_203613,2026-05-10,account_created,free,0.0
4330,u_203614,2026-06-16,account_created,free,0.0
4331,u_203615,2026-05-10,account_created,free,0.0
4332,u_203616,2026-03-15,account_created,free,0.0
4333,u_203616,2026-03-17,upgrade,pro_monthly,9.99
4334,u_203617,2026-03-26,account_created,free,0.0
4335,u_203618,2026-03-07,account_created,free,0.0
4336,u_203619,2026-04-05,account_created,free,0.0
4337,u_203619,2026-04-07,upgrade,pro_monthly,9.99
4338,u_203620,2026-03-17,account_created,free,0.0
4339,u_203620,2026-03-19,upgrade,pro_monthly,9.99
4340,u_203621,2026-06-15,account_created,free,0.0
4341,u_203622,2026-05-07,account_created,free,0.0
4342,u_203623,2026-03-20,account_created,free,0.0
4343,u_203624,2026-06-11,account_created,free,0.0
4344,u_203625,2026-03-01,account_created,free,0.0
4345,u_203626,2026-06-13,account_created,free,0.0
4346,u_203626,2026-06-22,upgrade,pro_monthly,9.99
4347,u_203627,2026-04-20,account_created,free,0.0
4348,u_203628,2026-06-16,account_created,free,0.0
4349,u_203629,2026-03-28,account_created,free,0.0
4350,u_203630,2026-04-19,account_created,free,0.0
4351,u_203631,2026-06-13,account_created,free,0.0
4352,u_203632,2026-06-11,account_created,free,0.0
4353,u_203632,2026-06-17,upgrade,pro_monthly,9.99
4354,u_203633,2026-06-21,account_created,free,0.0
4355,u_203634,2026-04-28,account_created,free,0.0
4356,u_203635,2026-06-07,account_created,free,0.0
4357,u_203636,2026-06-15,account_created,free,0.0
4358,u_203637,2026-03-27,account_created,free,0.0
4359,u_203638,2026-04-13,account_created,free,0.0
4360,u_203639,2026-06-12,account_created,free,0.0
4361,u_203640,2026-06-18,account_created,free,0.0
4362,u_203641,2026-03-10,account_created,free,0.0
4363,u_203642,2026-06-11,account_created,free,0.0
4364,u_203642,2026-06-18,upgrade,pro_monthly,9.99
4365,u_203643,2026-03-14,account_created,free,0.0
4366,u_203644,2026-05-01,account_created,free,0.0
4367,u_203644,2026-05-09,upgrade,pro_monthly,9.99
4368,u_203645,2026-06-02,account_created,free,0.0
4369,u_203645,2026-06-07,upgrade,pro_monthly,9.99
4370,u_203646,2026-04-20,account_created,free,0.0
4371,u_203647,2026-04-24,account_created,free,0.0
4372,u_203648,2026-05-10,account_created,free,0.0
4373,u_203649,2026-05-29,account_created,free,0.0
4374,u_203650,2026-05-14,account_created,free,0.0
4375,u_203650,2026-05-20,upgrade,pro_monthly,9.99
4376,u_203651,2026-04-28,account_created,free,0.0
4377,u_203652,2026-05-17,account_created,free,0.0
4378,u_203653,2026-06-09,account_created,free,0.0
4379,u_203653,2026-06-11,upgrade,pro_annual,79.99
4380,u_203654,2026-03-31,account_created,free,0.0
4381,u_203655,2026-03-01,account_created,free,0.0
4382,u_203656,2026-04-24,account_created,free,0.0
4383,u_203657,2026-03-18,account_created,free,0.0
4384,u_203658,2026-05-05,account_created,free,0.0
4385,u_203659,2026-05-08,account_created,free,0.0
4386,u_203660,2026-06-16,account_created,free,0.0
4387,u_203661,2026-06-06,account_created,free,0.0
4388,u_203662,2026-04-22,account_created,free,0.0
4389,u_203662,2026-04-28,upgrade,pro_monthly,9.99
4390,u_203662,2026-05-21,cancellation,pro_monthly,0.0
4391,u_203663,2026-04-23,account_created,free,0.0
4392,u_203663,2026-04-26,upgrade,pro_monthly,9.99
4393,u_203663,2026-06-26,cancellation,pro_monthly,0.0
4394,u_203664,2026-04-21,account_created,free,0.0
4395,u_203665,2026-04-23,account_created,free,0.0
4396,u_203666,2026-06-02,account_created,free,0.0
4397,u_203666,2026-06-07,upgrade,pro_annual,79.99
4398,u_203667,2026-03-12,account_created,free,0.0
4399,u_203668,2026-05-15,account_created,free,0.0
4400,u_203669,2026-06-01,account_created,free,0.0
4401,u_203670,2026-03-01,account_created,free,0.0
4402,u_203671,2026-04-21,account_created,free,0.0
4403,u_203672,2026-06-12,account_created,free,0.0
4404,u_203673,2026-06-20,account_created,free,0.0
4405,u_203674,2026-03-02,account_created,free,0.0
4406,u_203674,2026-03-08,upgrade,pro_annual,79.99
4407,u_203674,2026-04-07,cancellation,pro_annual,0.0
4408,u_203675,2026-03-20,account_created,free,0.0
4409,u_203676,2026-05-13,account_created,free,0.0
4410,u_203677,2026-04-22,account_created,free,0.0
4411,u_203678,2026-05-09,account_created,free,0.0
4412,u_203679,2026-03-31,account_created,free,0.0
4413,u_203680,2026-05-26,account_created,free,0.0
4414,u_203681,2026-04-24,account_created,free,0.0
4415,u_203681,2026-04-30,upgrade,pro_annual,79.99
4416,u_203682,2026-06-21,account_created,free,0.0
4417,u_203683,2026-03-08,account_created,free,0.0
4418,u_203683,2026-03-10,upgrade,pro_monthly,9.99
4419,u_203684,2026-05-20,account_created,free,0.0
4420,u_203684,2026-05-23,upgrade,pro_annual,79.99
4421,u_203685,2026-05-31,account_created,free,0.0
4422,u_203686,2026-06-02,account_created,free,0.0
4423,u_203686,2026-06-10,upgrade,enterprise,299.0
4424,u_203687,2026-03-07,account_created,free,0.0
4425,u_203688,2026-04-09,account_created,free,0.0
4426,u_203689,2026-05-13,account_created,free,0.0
4427,u_203690,2026-04-06,account_created,free,0.0
4428,u_203690,2026-04-09,upgrade,pro_monthly,9.99
4429,u_203690,2026-04-21,cancellation,pro_monthly,0.0
4430,u_203691,2026-05-20,account_created,free,0.0
4431,u_203692,2026-03-13,account_created,free,0.0
4432,u_203692,2026-03-22,upgrade,pro_monthly,9.99
4433,u_203692,2026-04-12,cancellation,pro_monthly,0.0
4434,u_203693,2026-04-20,account_created,free,0.0
4435,u_203694,2026-03-26,account_created,free,0.0
4436,u_203695,2026-03-06,account_created,free,0.0
4437,u_203696,2026-06-09,account_created,free,0.0
4438,u_203696,2026-06-11,upgrade,pro_annual,79.99
4439,u_203697,2026-06-17,account_created,free,0.0
4440,u_203698,2026-05-06,account_created,free,0.0
4441,u_203699,2026-03-07,account_created,free,0.0
4442,u_203699,2026-03-08,upgrade,pro_annual,79.99
4443,u_203700,2026-03-24,account_created,free,0.0
4444,u_203701,2026-04-02,account_created,free,0.0
4445,u_203702,2026-05-05,account_created,free,0.0
4446,u_203703,2026-03-23,account_created,free,0.0
4447,u_203704,2026-06-06,account_created,free,0.0
4448,u_203705,2026-05-11,account_created,free,0.0
4449,u_203706,2026-04-16,account_created,free,0.0
4450,u_203707,2026-03-11,account_created,free,0.0
4451,u_203708,2026-04-22,account_created,free,0.0
4452,u_203708,2026-04-24,upgrade,pro_annual,79.99
4453,u_203709,2026-03-16,account_created,free,0.0
4454,u_203710,2026-03-14,account_created,free,0.0
4455,u_203710,2026-03-20,upgrade,pro_monthly,9.99
4456,u_203711,2026-06-19,account_created,free,0.0
4457,u_203712,2026-03-28,account_created,free,0.0
4458,u_203713,2026-04-16,account_created,free,0.0
4459,u_203714,2026-06-14,account_created,free,0.0
4460,u_203715,2026-06-12,account_created,free,0.0
4461,u_203716,2026-04-29,account_created,free,0.0
4462,u_203717,2026-05-13,account_created,free,0.0
4463,u_203718,2026-03-09,account_created,free,0.0
4464,u_203719,2026-05-16,account_created,free,0.0
4465,u_203720,2026-03-12,account_created,free,0.0
4466,u_203721,2026-03-10,account_created,free,0.0
4467,u_203721,2026-03-16,upgrade,pro_monthly,9.99
4468,u_203721,2026-04-29,cancellation,pro_monthly,0.0
4469,u_203722,2026-06-19,account_created,free,0.0
4470,u_203723,2026-03-25,account_created,free,0.0
4471,u_203724,2026-05-17,account_created,free,0.0
4472,u_203725,2026-04-04,account_created,free,0.0
4473,u_203725,2026-04-11,upgrade,pro_annual,79.99
4474,u_203726,2026-05-13,account_created,free,0.0
4475,u_203726,2026-05-14,upgrade,pro_monthly,9.99
4476,u_203727,2026-06-19,account_created,free,0.0
4477,u_203728,2026-04-08,account_created,free,0.0
4478,u_203729,2026-04-25,account_created,free,0.0
4479,u_203730,2026-06-07,account_created,free,0.0
4480,u_203731,2026-06-03,account_created,free,0.0
4481,u_203732,2026-03-22,account_created,free,0.0
4482,u_203733,2026-06-17,account_created,free,0.0
4483,u_203733,2026-06-26,upgrade,pro_monthly,9.99
4484,u_203734,2026-05-06,account_created,free,0.0
4485,u_203734,2026-05-08,upgrade,pro_annual,79.99
4486,u_203735,2026-03-31,account_created,free,0.0
4487,u_203736,2026-03-27,account_created,free,0.0
4488,u_203736,2026-03-29,upgrade,pro_monthly,9.99
4489,u_203737,2026-05-01,account_created,free,0.0
4490,u_203738,2026-05-05,account_created,free,0.0
4491,u_203739,2026-03-25,account_created,free,0.0
4492,u_203740,2026-04-21,account_created,free,0.0
4493,u_203741,2026-04-30,account_created,free,0.0
4494,u_203741,2026-05-06,upgrade,pro_annual,79.99
4495,u_203742,2026-05-06,account_created,free,0.0
4496,u_203743,2026-05-25,account_created,free,0.0
4497,u_203744,2026-05-17,account_created,free,0.0
4498,u_203744,2026-05-18,upgrade,pro_monthly,9.99
4499,u_203745,2026-05-12,account_created,free,0.0
4500,u_203746,2026-06-07,account_created,free,0.0
4501,u_203747,2026-03-05,account_created,free,0.0
4502,u_203748,2026-06-19,account_created,free,0.0
4503,u_203749,2026-04-17,account_created,free,0.0
4504,u_203750,2026-03-08,account_created,free,0.0
4505,u_203751,2026-03-30,account_created,free,0.0
4506,u_203751,2026-04-07,upgrade,pro_monthly,9.99
4507,u_203752,2026-05-07,account_created,free,0.0
4508,u_203753,2026-06-17,account_created,free,0.0
4509,u_203754,2026-04-27,account_created,free,0.0
4510,u_203754,2026-04-30,upgrade,pro_annual,79.99
4511,u_203754,2026-05-18,cancellation,pro_annual,0.0
4512,u_203755,2026-05-08,account_created,free,0.0
4513,u_203756,2026-04-10,account_created,free,0.0
4514,u_203757,2026-04-23,account_created,free,0.0
4515,u_203757,2026-04-26,upgrade,pro_monthly,9.99
4516,u_203758,2026-05-31,account_created,free,0.0
4517,u_203759,2026-05-08,account_created,free,0.0
4518,u_203760,2026-04-19,account_created,free,0.0
4519,u_203761,2026-06-18,account_created,free,0.0
4520,u_203762,2026-04-25,account_created,free,0.0
4521,u_203763,2026-03-27,account_created,free,0.0
4522,u_203764,2026-05-13,account_created,free,0.0
4523,u_203765,2026-06-20,account_created,free,0.0
4524,u_203766,2026-05-30,account_created,free,0.0
4525,u_203767,2026-03-20,account_created,free,0.0
4526,u_203768,2026-04-19,account_created,free,0.0
4527,u_203768,2026-04-28,upgrade,enterprise,299.0
4528,u_203769,2026-03-29,account_created,free,0.0
4529,u_203770,2026-05-25,account_created,free,0.0
4530,u_203771,2026-06-06,account_created,free,0.0
4531,u_203772,2026-06-08,account_created,free,0.0
4532,u_203773,2026-05-06,account_created,free,0.0
4533,u_203774,2026-06-07,account_created,free,0.0
4534,u_203775,2026-06-17,account_created,free,0.0
4535,u_203776,2026-05-02,account_created,free,0.0
4536,u_203777,2026-06-10,account_created,free,0.0
4537,u_203778,2026-03-09,account_created,free,0.0
4538,u_203779,2026-06-21,account_created,free,0.0
4539,u_203780,2026-06-14,account_created,free,0.0
4540,u_203780,2026-06-22,upgrade,pro_monthly,9.99
4541,u_203781,2026-05-13,account_created,free,0.0
4542,u_203782,2026-03-23,account_created,free,0.0
4543,u_203782,2026-03-29,upgrade,pro_monthly,9.99
4544,u_203783,2026-05-16,account_created,free,0.0
4545,u_203783,2026-05-21,upgrade,pro_monthly,9.99
4546,u_203784,2026-04-12,account_created,free,0.0
4547,u_203785,2026-03-03,account_created,free,0.0
4548,u_203785,2026-03-09,upgrade,pro_monthly,9.99
4549,u_203786,2026-05-03,account_created,free,0.0
4550,u_203786,2026-05-10,upgrade,pro_annual,79.99
4551,u_203787,2026-06-12,account_created,free,0.0
4552,u_203788,2026-06-06,account_created,free,0.0
4553,u_203789,2026-05-26,account_created,free,0.0
4554,u_203790,2026-05-31,account_created,free,0.0
4555,u_203791,2026-04-11,account_created,free,0.0
4556,u_203792,2026-05-03,account_created,free,0.0
4557,u_203793,2026-05-13,account_created,free,0.0
4558,u_203794,2026-05-06,account_created,free,0.0
4559,u_203794,2026-05-08,upgrade,pro_annual,79.99
4560,u_203795,2026-04-22,account_created,free,0.0
4561,u_203796,2026-03-29,account_created,free,0.0
4562,u_203796,2026-03-30,upgrade,pro_annual,79.99
4563,u_203796,2026-04-22,cancellation,pro_annual,0.0
4564,u_203797,2026-03-01,account_created,free,0.0
4565,u_203798,2026-04-13,account_created,free,0.0
4566,u_203799,2026-05-23,account_created,free,0.0
4567,u_203800,2026-04-22,account_created,free,0.0
4568,u_203801,2026-03-30,account_created,free,0.0
4569,u_203802,2026-04-10,account_created,free,0.0
4570,u_203803,2026-06-01,account_created,free,0.0
4571,u_203804,2026-03-10,account_created,free,0.0
4572,u_203805,2026-06-15,account_created,free,0.0
4573,u_203806,2026-06-12,account_created,free,0.0
4574,u_203807,2026-05-11,account_created,free,0.0
4575,u_203808,2026-06-18,account_created,free,0.0
4576,u_203809,2026-05-12,account_created,free,0.0
4577,u_203809,2026-05-16,upgrade,pro_monthly,9.99
4578,u_203810,2026-05-24,account_created,free,0.0
4579,u_203811,2026-06-16,account_created,free,0.0
4580,u_203812,2026-03-03,account_created,free,0.0
4581,u_203813,2026-04-16,account_created,free,0.0
4582,u_203814,2026-04-19,account_created,free,0.0
4583,u_203815,2026-03-14,account_created,free,0.0
4584,u_203816,2026-05-23,account_created,free,0.0
4585,u_203817,2026-05-25,account_created,free,0.0
4586,u_203818,2026-06-17,account_created,free,0.0
4587,u_203818,2026-06-23,upgrade,pro_annual,79.99
4588,u_203819,2026-05-17,account_created,free,0.0
4589,u_203820,2026-03-13,account_created,free,0.0
4590,u_203821,2026-05-12,account_created,free,0.0
4591,u_203822,2026-04-23,account_created,free,0.0
4592,u_203823,2026-03-26,account_created,free,0.0
4593,u_203824,2026-03-07,account_created,free,0.0
4594,u_203824,2026-03-09,upgrade,pro_monthly,9.99
4595,u_203825,2026-03-10,account_created,free,0.0
4596,u_203826,2026-06-12,account_created,free,0.0
4597,u_203827,2026-05-31,account_created,free,0.0
4598,u_203828,2026-05-18,account_created,free,0.0
4599,u_203829,2026-05-23,account_created,free,0.0
4600,u_203830,2026-05-03,account_created,free,0.0
4601,u_203831,2026-04-05,account_created,free,0.0
4602,u_203832,2026-03-18,account_created,free,0.0
4603,u_203833,2026-03-04,account_created,free,0.0
4604,u_203834,2026-04-18,account_created,free,0.0
4605,u_203835,2026-03-24,account_created,free,0.0
4606,u_203836,2026-03-20,account_created,free,0.0
4607,u_203837,2026-05-20,account_created,free,0.0
4608,u_203838,2026-06-15,account_created,free,0.0
4609,u_203839,2026-04-11,account_created,free,0.0
4610,u_203840,2026-04-16,account_created,free,0.0
4611,u_203840,2026-04-22,upgrade,pro_monthly,9.99
4612,u_203841,2026-04-08,account_created,free,0.0
4613,u_203842,2026-03-27,account_created,free,0.0
4614,u_203842,2026-04-01,upgrade,enterprise,299.0
4615,u_203843,2026-05-06,account_created,free,0.0
4616,u_203844,2026-05-06,account_created,free,0.0
4617,u_203845,2026-04-17,account_created,free,0.0
4618,u_203845,2026-04-23,upgrade,pro_annual,79.99
4619,u_203846,2026-05-25,account_created,free,0.0
4620,u_203846,2026-06-02,upgrade,pro_monthly,9.99
4621,u_203847,2026-04-27,account_created,free,0.0
4622,u_203848,2026-03-03,account_created,free,0.0
4623,u_203849,2026-03-15,account_created,free,0.0
4624,u_203850,2026-06-02,account_created,free,0.0
4625,u_203851,2026-04-13,account_created,free,0.0
4626,u_203852,2026-05-30,account_created,free,0.0
4627,u_203853,2026-06-09,account_created,free,0.0
4628,u_203854,2026-05-21,account_created,free,0.0
4629,u_203855,2026-05-24,account_created,free,0.0
4630,u_203856,2026-03-30,account_created,free,0.0
4631,u_203856,2026-04-07,upgrade,pro_annual,79.99
4632,u_203857,2026-04-28,account_created,free,0.0
4633,u_203858,2026-03-11,account_created,free,0.0
4634,u_203858,2026-03-18,upgrade,pro_monthly,9.99
4635,u_203859,2026-06-12,account_created,free,0.0
4636,u_203860,2026-06-09,account_created,free,0.0
4637,u_203861,2026-06-08,account_created,free,0.0
4638,u_203862,2026-05-04,account_created,free,0.0
4639,u_203863,2026-03-06,account_created,free,0.0
4640,u_203864,2026-03-16,account_created,free,0.0
4641,u_203865,2026-05-06,account_created,free,0.0
4642,u_203866,2026-03-17,account_created,free,0.0
4643,u_203867,2026-04-22,account_created,free,0.0
4644,u_203868,2026-04-07,account_created,free,0.0
4645,u_203869,2026-04-01,account_created,free,0.0
4646,u_203870,2026-05-02,account_created,free,0.0
4647,u_203871,2026-05-10,account_created,free,0.0
4648,u_203872,2026-04-07,account_created,free,0.0
4649,u_203872,2026-04-16,upgrade,pro_monthly,9.99
4650,u_203873,2026-03-02,account_created,free,0.0
4651,u_203874,2026-04-03,account_created,free,0.0
4652,u_203874,2026-04-09,upgrade,pro_monthly,9.99
4653,u_203875,2026-03-06,account_created,free,0.0
4654,u_203876,2026-05-27,account_created,free,0.0
4655,u_203876,2026-05-30,upgrade,pro_monthly,9.99
4656,u_203876,2026-06-11,cancellation,pro_monthly,0.0
4657,u_203877,2026-03-01,account_created,free,0.0
4658,u_203877,2026-03-05,upgrade,pro_monthly,9.99
4659,u_203878,2026-03-07,account_created,free,0.0
4660,u_203879,2026-04-12,account_created,free,0.0
4661,u_203880,2026-04-08,account_created,free,0.0
4662,u_203881,2026-06-11,account_created,free,0.0
4663,u_203881,2026-06-12,upgrade,pro_monthly,9.99
4664,u_203882,2026-06-02,account_created,free,0.0
4665,u_203883,2026-03-26,account_created,free,0.0
4666,u_203884,2026-05-08,account_created,free,0.0
4667,u_203885,2026-03-21,account_created,free,0.0
4668,u_203886,2026-06-10,account_created,free,0.0
4669,u_203886,2026-06-19,upgrade,pro_annual,79.99
4670,u_203887,2026-04-23,account_created,free,0.0
4671,u_203888,2026-05-27,account_created,free,0.0
4672,u_203889,2026-04-18,account_created,free,0.0
4673,u_203890,2026-05-05,account_created,free,0.0
4674,u_203890,2026-05-09,upgrade,pro_annual,79.99
4675,u_203891,2026-04-28,account_created,free,0.0
4676,u_203892,2026-06-18,account_created,free,0.0
4677,u_203892,2026-06-22,upgrade,pro_monthly,9.99
4678,u_203893,2026-05-13,account_created,free,0.0
4679,u_203893,2026-05-18,upgrade,pro_monthly,9.99
4680,u_203894,2026-03-27,account_created,free,0.0
4681,u_203895,2026-06-06,account_created,free,0.0
4682,u_203896,2026-03-24,account_created,free,0.0
4683,u_203897,2026-04-29,account_created,free,0.0
4684,u_203898,2026-04-26,account_created,free,0.0
4685,u_203899,2026-05-26,account_created,free,0.0
4686,u_203900,2026-04-13,account_created,free,0.0
4687,u_203900,2026-04-21,upgrade,pro_annual,79.99
4688,u_203901,2026-04-07,account_created,free,0.0
4689,u_203901,2026-04-12,upgrade,pro_annual,79.99
4690,u_203902,2026-03-13,account_created,free,0.0
4691,u_203903,2026-04-25,account_created,free,0.0
4692,u_203904,2026-05-25,account_created,free,0.0
4693,u_203905,2026-06-03,account_created,free,0.0
4694,u_203906,2026-05-30,account_created,free,0.0
4695,u_203907,2026-06-08,account_created,free,0.0
4696,u_203908,2026-05-28,account_created,free,0.0
4697,u_203909,2026-04-08,account_created,free,0.0
4698,u_203910,2026-05-03,account_created,free,0.0
4699,u_203911,2026-04-12,account_created,free,0.0
4700,u_203912,2026-06-12,account_created,free,0.0
4701,u_203913,2026-04-23,account_created,free,0.0
4702,u_203914,2026-04-29,account_created,free,0.0
4703,u_203915,2026-03-27,account_created,free,0.0
4704,u_203916,2026-04-07,account_created,free,0.0
4705,u_203917,2026-05-31,account_created,free,0.0
4706,u_203918,2026-03-16,account_created,free,0.0
4707,u_203919,2026-06-04,account_created,free,0.0
4708,u_203919,2026-06-12,upgrade,pro_annual,79.99
4709,u_203920,2026-03-02,account_created,free,0.0
4710,u_203921,2026-05-31,account_created,free,0.0
4711,u_203922,2026-04-24,account_created,free,0.0
4712,u_203923,2026-05-01,account_created,free,0.0
4713,u_203924,2026-05-03,account_created,free,0.0
4714,u_203925,2026-04-12,account_created,free,0.0
4715,u_203926,2026-05-13,account_created,free,0.0
4716,u_203927,2026-06-05,account_created,free,0.0
4717,u_203928,2026-03-07,account_created,free,0.0
4718,u_203929,2026-06-09,account_created,free,0.0
4719,u_203930,2026-04-02,account_created,free,0.0
4720,u_203931,2026-06-15,account_created,free,0.0
4721,u_203931,2026-06-24,upgrade,enterprise,299.0
4722,u_203932,2026-06-21,account_created,free,0.0
4723,u_203933,2026-04-24,account_created,free,0.0
4724,u_203934,2026-06-19,account_created,free,0.0
4725,u_203935,2026-05-21,account_created,free,0.0
4726,u_203936,2026-06-19,account_created,free,0.0
4727,u_203936,2026-06-22,upgrade,pro_monthly,9.99
4728,u_203937,2026-03-15,account_created,free,0.0
4729,u_203938,2026-03-02,account_created,free,0.0
4730,u_203938,2026-03-09,upgrade,pro_annual,79.99
4731,u_203939,2026-03-29,account_created,free,0.0
4732,u_203940,2026-04-16,account_created,free,0.0
4733,u_203941,2026-04-29,account_created,free,0.0
4734,u_203942,2026-05-24,account_created,free,0.0
4735,u_203942,2026-06-02,upgrade,pro_monthly,9.99
4736,u_203943,2026-06-08,account_created,free,0.0
4737,u_203944,2026-04-01,account_created,free,0.0
4738,u_203945,2026-05-10,account_created,free,0.0
4739,u_203946,2026-05-10,account_created,free,0.0
4740,u_203947,2026-05-01,account_created,free,0.0
4741,u_203948,2026-03-05,account_created,free,0.0
4742,u_203949,2026-03-05,account_created,free,0.0
4743,u_203950,2026-06-15,account_created,free,0.0
4744,u_203951,2026-05-27,account_created,free,0.0
4745,u_203952,2026-04-09,account_created,free,0.0
4746,u_203953,2026-03-27,account_created,free,0.0
4747,u_203954,2026-06-08,account_created,free,0.0
4748,u_203955,2026-05-10,account_created,free,0.0
4749,u_203956,2026-03-27,account_created,free,0.0
4750,u_203957,2026-05-29,account_created,free,0.0
4751,u_203958,2026-03-27,account_created,free,0.0
4752,u_203959,2026-03-30,account_created,free,0.0
4753,u_203960,2026-03-21,account_created,free,0.0
4754,u_203960,2026-03-26,upgrade,pro_monthly,9.99
4755,u_203960,2026-04-30,cancellation,pro_monthly,0.0
4756,u_203961,2026-03-08,account_created,free,0.0
4757,u_203962,2026-05-19,account_created,free,0.0
4758,u_203963,2026-05-15,account_created,free,0.0
4759,u_203963,2026-05-21,upgrade,pro_annual,79.99
4760,u_203963,2026-06-15,cancellation,pro_annual,0.0
4761,u_203964,2026-05-13,account_created,free,0.0
4762,u_203965,2026-03-31,account_created,free,0.0
4763,u_203966,2026-04-09,account_created,free,0.0
4764,u_203967,2026-03-13,account_created,free,0.0
4765,u_203968,2026-06-12,account_created,free,0.0
4766,u_203969,2026-03-11,account_created,free,0.0
4767,u_203969,2026-03-19,upgrade,pro_annual,79.99
4768,u_203970,2026-04-11,account_created,free,0.0
4769,u_203971,2026-06-20,account_created,free,0.0
4770,u_203972,2026-05-10,account_created,free,0.0
4771,u_203973,2026-03-29,account_created,free,0.0
4772,u_203974,2026-04-01,account_created,free,0.0
4773,u_203974,2026-04-04,upgrade,pro_monthly,9.99
4774,u_203975,2026-05-28,account_created,free,0.0
4775,u_203975,2026-05-30,upgrade,pro_monthly,9.99
4776,u_203976,2026-06-08,account_created,free,0.0
4777,u_203977,2026-05-07,account_created,free,0.0
4778,u_203977,2026-05-13,upgrade,pro_annual,79.99
4779,u_203978,2026-05-21,account_created,free,0.0
4780,u_203979,2026-03-04,account_created,free,0.0
4781,u_203980,2026-06-18,account_created,free,0.0
4782,u_203981,2026-03-07,account_created,free,0.0
4783,u_203982,2026-04-09,account_created,free,0.0
4784,u_203983,2026-05-11,account_created,free,0.0
4785,u_203984,2026-03-10,account_created,free,0.0
4786,u_203984,2026-03-17,upgrade,pro_monthly,9.99
4787,u_203985,2026-04-12,account_created,free,0.0
4788,u_203986,2026-06-05,account_created,free,0.0
4789,u_203987,2026-03-08,account_created,free,0.0
4790,u_203987,2026-03-13,upgrade,pro_monthly,9.99
4791,u_203988,2026-05-30,account_created,free,0.0
4792,u_203989,2026-06-20,account_created,free,0.0
4793,u_203990,2026-05-02,account_created,free,0.0
4794,u_203991,2026-03-19,account_created,free,0.0
4795,u_203992,2026-05-14,account_created,free,0.0
4796,u_203993,2026-03-05,account_created,free,0.0
4797,u_203994,2026-06-16,account_created,free,0.0
4798,u_203995,2026-04-04,account_created,free,0.0
4799,u_203996,2026-06-04,account_created,free,0.0
4800,u_203997,2026-05-06,account_created,free,0.0
4801,u_203997,2026-05-07,upgrade,pro_monthly,9.99
4802,u_203998,2026-06-01,account_created,free,0.0
4803,u_203999,2026-03-05,account_created,free,0.0
4804,u_204000,2026-04-25,account_created,free,0.0
4805,u_204001,2026-03-04,account_created,free,0.0
4806,u_204002,2026-03-24,account_created,free,0.0
4807,u_204002,2026-03-31,upgrade,pro_monthly,9.99
4808,u_204002,2026-05-19,cancellation,pro_monthly,0.0
4809,u_204003,2026-04-22,account_created,free,0.0
4810,u_204004,2026-06-14,account_created,free,0.0
4811,u_204005,2026-04-17,account_created,free,0.0
4812,u_204006,2026-04-11,account_created,free,0.0
4813,u_204007,2026-06-05,account_created,free,0.0
4814,u_204008,2026-06-02,account_created,free,0.0
4815,u_204008,2026-06-09,upgrade,pro_annual,79.99
4816,u_204009,2026-05-04,account_created,free,0.0
4817,u_204010,2026-04-16,account_created,free,0.0
4818,u_204011,2026-03-02,account_created,free,0.0
4819,u_204012,2026-03-25,account_created,free,0.0
4820,u_204013,2026-03-03,account_created,free,0.0
4821,u_204014,2026-04-25,account_created,free,0.0
4822,u_204014,2026-04-28,upgrade,pro_monthly,9.99
4823,u_204015,2026-04-11,account_created,free,0.0
4824,u_204015,2026-04-18,upgrade,pro_monthly,9.99
4825,u_204016,2026-05-21,account_created,free,0.0
4826,u_204017,2026-04-21,account_created,free,0.0
4827,u_204017,2026-04-29,upgrade,pro_annual,79.99
4828,u_204018,2026-06-07,account_created,free,0.0
4829,u_204018,2026-06-12,upgrade,pro_monthly,9.99
4830,u_204019,2026-05-15,account_created,free,0.0
4831,u_204020,2026-05-15,account_created,free,0.0
4832,u_204021,2026-04-24,account_created,free,0.0
4833,u_204021,2026-04-29,upgrade,enterprise,299.0
4834,u_204022,2026-04-20,account_created,free,0.0
4835,u_204023,2026-06-08,account_created,free,0.0
4836,u_204024,2026-04-12,account_created,free,0.0
4837,u_204025,2026-05-17,account_created,free,0.0
4838,u_204026,2026-05-14,account_created,free,0.0
4839,u_204027,2026-06-13,account_created,free,0.0
4840,u_204028,2026-03-21,account_created,free,0.0
4841,u_204029,2026-03-06,account_created,free,0.0
4842,u_204030,2026-04-03,account_created,free,0.0
4843,u_204031,2026-03-07,account_created,free,0.0
4844,u_204032,2026-04-10,account_created,free,0.0
4845,u_204033,2026-03-09,account_created,free,0.0
4846,u_204034,2026-03-22,account_created,free,0.0
4847,u_204035,2026-04-24,account_created,free,0.0
4848,u_204036,2026-06-18,account_created,free,0.0
4849,u_204037,2026-03-25,account_created,free,0.0
4850,u_204038,2026-03-14,account_created,free,0.0
4851,u_204039,2026-03-24,account_created,free,0.0
4852,u_204039,2026-03-28,upgrade,pro_monthly,9.99
4853,u_204039,2026-04-12,cancellation,pro_monthly,0.0
4854,u_204040,2026-03-17,account_created,free,0.0
4855,u_204041,2026-03-18,account_created,free,0.0
4856,u_204042,2026-04-24,account_created,free,0.0
4857,u_204043,2026-06-11,account_created,free,0.0
4858,u_204044,2026-05-15,account_created,free,0.0
4859,u_204045,2026-05-23,account_created,free,0.0
4860,u_204046,2026-06-16,account_created,free,0.0
4861,u_204046,2026-06-19,upgrade,pro_monthly,9.99
4862,u_204047,2026-03-28,account_created,free,0.0
4863,u_204048,2026-04-02,account_created,free,0.0
4864,u_204049,2026-04-20,account_created,free,0.0
4865,u_204050,2026-06-05,account_created,free,0.0
4866,u_204051,2026-04-17,account_created,free,0.0
4867,u_204052,2026-06-16,account_created,free,0.0
4868,u_204053,2026-03-16,account_created,free,0.0
4869,u_204053,2026-03-25,upgrade,pro_monthly,9.99
4870,u_204054,2026-03-04,account_created,free,0.0
4871,u_204055,2026-03-15,account_created,free,0.0
4872,u_204056,2026-05-26,account_created,free,0.0
4873,u_204057,2026-05-02,account_created,free,0.0
4874,u_204057,2026-05-07,upgrade,pro_monthly,9.99
4875,u_204057,2026-06-08,cancellation,pro_monthly,0.0
4876,u_204058,2026-04-28,account_created,free,0.0
4877,u_204059,2026-05-01,account_created,free,0.0
4878,u_204060,2026-03-31,account_created,free,0.0
4879,u_204061,2026-05-30,account_created,free,0.0
4880,u_204062,2026-05-28,account_created,free,0.0
4881,u_204063,2026-03-02,account_created,free,0.0
4882,u_204064,2026-04-29,account_created,free,0.0
4883,u_204064,2026-05-01,upgrade,enterprise,299.0
4884,u_204065,2026-04-07,account_created,free,0.0
4885,u_204065,2026-04-16,upgrade,pro_annual,79.99
4886,u_204066,2026-04-25,account_created,free,0.0
4887,u_204067,2026-06-14,account_created,free,0.0
4888,u_204068,2026-06-13,account_created,free,0.0
4889,u_204069,2026-03-01,account_created,free,0.0
4890,u_204070,2026-03-27,account_created,free,0.0
4891,u_204071,2026-04-24,account_created,free,0.0
4892,u_204072,2026-04-02,account_created,free,0.0
4893,u_204073,2026-06-14,account_created,free,0.0
4894,u_204074,2026-06-03,account_created,free,0.0
4895,u_204075,2026-06-02,account_created,free,0.0
4896,u_204076,2026-05-19,account_created,free,0.0
4897,u_204077,2026-04-09,account_created,free,0.0
4898,u_204078,2026-06-14,account_created,free,0.0
4899,u_204079,2026-06-19,account_created,free,0.0
4900,u_204080,2026-06-01,account_created,free,0.0
4901,u_204081,2026-03-06,account_created,free,0.0
4902,u_204082,2026-03-27,account_created,free,0.0
4903,u_204083,2026-04-07,account_created,free,0.0
4904,u_204084,2026-03-31,account_created,free,0.0
4905,u_204085,2026-06-12,account_created,free,0.0
4906,u_204086,2026-04-22,account_created,free,0.0
4907,u_204087,2026-06-10,account_created,free,0.0
4908,u_204088,2026-05-16,account_created,free,0.0
4909,u_204089,2026-06-12,account_created,free,0.0
4910,u_204090,2026-03-23,account_created,free,0.0
4911,u_204091,2026-05-27,account_created,free,0.0
4912,u_204092,2026-03-09,account_created,free,0.0
4913,u_204093,2026-06-04,account_created,free,0.0
4914,u_204094,2026-05-26,account_created,free,0.0
4915,u_204095,2026-04-05,account_created,free,0.0
4916,u_204096,2026-04-21,account_created,free,0.0
4917,u_204097,2026-04-26,account_created,free,0.0
4918,u_204098,2026-06-18,account_created,free,0.0
4919,u_204099,2026-06-03,account_created,free,0.0
4920,u_204100,2026-04-18,account_created,free,0.0
4921,u_204100,2026-04-27,upgrade,enterprise,299.0
4922,u_204100,2026-05-18,cancellation,enterprise,0.0
4923,u_204101,2026-06-05,account_created,free,0.0
4924,u_204102,2026-04-17,account_created,free,0.0
4925,u_204103,2026-03-24,account_created,free,0.0
4926,u_204104,2026-04-10,account_created,free,0.0
4927,u_204105,2026-04-10,account_created,free,0.0
4928,u_204106,2026-03-07,account_created,free,0.0
4929,u_204107,2026-05-15,account_created,free,0.0
4930,u_204108,2026-06-03,account_created,free,0.0
4931,u_204109,2026-05-09,account_created,free,0.0
4932,u_204110,2026-05-14,account_created,free,0.0
4933,u_204111,2026-03-26,account_created,free,0.0
4934,u_204112,2026-03-07,account_created,free,0.0
4935,u_204113,2026-04-22,account_created,free,0.0
4936,u_204113,2026-04-29,upgrade,pro_annual,79.99
4937,u_204114,2026-03-09,account_created,free,0.0
4938,u_204115,2026-03-14,account_created,free,0.0
4939,u_204116,2026-03-09,account_created,free,0.0
4940,u_204117,2026-03-20,account_created,free,0.0
4941,u_204118,2026-03-01,account_created,free,0.0
4942,u_204119,2026-04-02,account_created,free,0.0
4943,u_204120,2026-06-11,account_created,free,0.0
4944,u_204121,2026-05-05,account_created,free,0.0
4945,u_204122,2026-06-18,account_created,free,0.0
4946,u_204123,2026-06-03,account_created,free,0.0
4947,u_204124,2026-05-02,account_created,free,0.0
4948,u_204125,2026-06-04,account_created,free,0.0
4949,u_204126,2026-03-18,account_created,free,0.0
4950,u_204126,2026-03-19,upgrade,pro_monthly,9.99
4951,u_204127,2026-04-17,account_created,free,0.0
4952,u_204128,2026-04-21,account_created,free,0.0
4953,u_204129,2026-06-14,account_created,free,0.0
4954,u_204129,2026-06-18,upgrade,pro_monthly,9.99
4955,u_204130,2026-04-09,account_created,free,0.0
4956,u_204131,2026-04-07,account_created,free,0.0
4957,u_204132,2026-06-21,account_created,free,0.0
4958,u_204133,2026-04-15,account_created,free,0.0
4959,u_204133,2026-04-21,upgrade,pro_annual,79.99
4960,u_204134,2026-06-17,account_created,free,0.0
4961,u_204135,2026-05-11,account_created,free,0.0
4962,u_204135,2026-05-12,upgrade,enterprise,299.0
4963,u_204136,2026-04-24,account_created,free,0.0
4964,u_204137,2026-04-24,account_created,free,0.0
4965,u_204138,2026-06-03,account_created,free,0.0
4966,u_204139,2026-03-08,account_created,free,0.0
4967,u_204140,2026-04-23,account_created,free,0.0
4968,u_204141,2026-06-18,account_created,free,0.0
4969,u_204141,2026-06-24,upgrade,pro_annual,79.99
4970,u_204142,2026-03-10,account_created,free,0.0
4971,u_204143,2026-03-16,account_created,free,0.0
4972,u_204144,2026-04-25,account_created,free,0.0
4973,u_204145,2026-05-24,account_created,free,0.0
4974,u_204146,2026-06-15,account_created,free,0.0
4975,u_204147,2026-04-15,account_created,free,0.0
4976,u_204148,2026-03-06,account_created,free,0.0
4977,u_204148,2026-03-08,upgrade,pro_monthly,9.99
4978,u_204149,2026-04-09,account_created,free,0.0
4979,u_204150,2026-03-04,account_created,free,0.0
4980,u_204151,2026-04-30,account_created,free,0.0
4981,u_204152,2026-05-28,account_created,free,0.0
4982,u_204152,2026-06-02,upgrade,enterprise,299.0
4983,u_204153,2026-03-26,account_created,free,0.0
4984,u_204153,2026-03-27,upgrade,pro_annual,79.99
4985,u_204154,2026-05-13,account_created,free,0.0
4986,u_204155,2026-03-28,account_created,free,0.0
4987,u_204156,2026-05-19,account_created,free,0.0
4988,u_204157,2026-06-09,account_created,free,0.0
4989,u_204158,2026-04-20,account_created,free,0.0
4990,u_204159,2026-03-29,account_created,free,0.0
4991,u_204159,2026-04-04,upgrade,pro_monthly,9.99
4992,u_204160,2026-05-30,account_created,free,0.0
4993,u_204161,2026-05-28,account_created,free,0.0
4994,u_204162,2026-03-29,account_created,free,0.0
4995,u_204162,2026-03-30,upgrade,pro_monthly,9.99
4996,u_204163,2026-03-12,account_created,free,0.0
4997,u_204163,2026-03-18,upgrade,pro_monthly,9.99
4998,u_204164,2026-04-26,account_created,free,0.0
4999,u_204165,2026-04-15,account_created,free,0.0
5000,u_204166,2026-03-08,account_created,free,0.0
5001,u_204167,2026-05-23,account_created,free,0.0
5002,u_204168,2026-04-03,account_created,free,0.0
5003,u_204169,2026-04-03,account_created,free,0.0
5004,u_204170,2026-05-08,account_created,free,0.0
5005,u_204171,2026-03-27,account_created,free,0.0
5006,u_204172,2026-04-28,account_created,free,0.0
5007,u_204173,2026-05-17,account_created,free,0.0
5008,u_204173,2026-05-21,upgrade,pro_monthly,9.99
5009,u_204174,2026-06-17,account_created,free,0.0
5010,u_204175,2026-05-03,account_created,free,0.0
5011,u_204176,2026-05-28,account_created,free,0.0
5012,u_204176,2026-06-05,upgrade,enterprise,299.0
5013,u_204177,2026-05-19,account_created,free,0.0
5014,u_204178,2026-05-02,account_created,free,0.0
5015,u_204178,2026-05-08,upgrade,pro_monthly,9.99
5016,u_204179,2026-05-02,account_created,free,0.0
5017,u_204180,2026-05-30,account_created,free,0.0
5018,u_204181,2026-05-19,account_created,free,0.0
5019,u_204182,2026-03-19,account_created,free,0.0
5020,u_204182,2026-03-23,upgrade,pro_monthly,9.99
5021,u_204183,2026-03-08,account_created,free,0.0
5022,u_204184,2026-04-29,account_created,free,0.0
5023,u_204184,2026-05-06,upgrade,pro_monthly,9.99
5024,u_204185,2026-03-07,account_created,free,0.0
5025,u_204186,2026-04-10,account_created,free,0.0
5026,u_204187,2026-05-28,account_created,free,0.0
5027,u_204188,2026-03-10,account_created,free,0.0
5028,u_204189,2026-04-02,account_created,free,0.0
5029,u_204190,2026-05-02,account_created,free,0.0
5030,u_204191,2026-03-17,account_created,free,0.0
5031,u_204192,2026-05-23,account_created,free,0.0
5032,u_204193,2026-05-06,account_created,free,0.0
5033,u_204193,2026-05-10,upgrade,enterprise,299.0
5034,u_204194,2026-06-19,account_created,free,0.0
5035,u_204195,2026-03-16,account_created,free,0.0
5036,u_204196,2026-04-02,account_created,free,0.0
5037,u_204197,2026-03-21,account_created,free,0.0
5038,u_204198,2026-05-19,account_created,free,0.0
5039,u_204199,2026-03-31,account_created,free,0.0
5040,u_204200,2026-04-03,account_created,free,0.0
5041,u_204201,2026-04-01,account_created,free,0.0
5042,u_204201,2026-04-08,upgrade,pro_monthly,9.99
5043,u_204202,2026-03-02,account_created,free,0.0
5044,u_204203,2026-06-17,account_created,free,0.0
5045,u_204204,2026-04-12,account_created,free,0.0
5046,u_204205,2026-03-30,account_created,free,0.0
5047,u_204206,2026-06-09,account_created,free,0.0
5048,u_204206,2026-06-14,upgrade,pro_monthly,9.99
5049,u_204207,2026-04-12,account_created,free,0.0
5050,u_204208,2026-03-24,account_created,free,0.0
5051,u_204209,2026-05-18,account_created,free,0.0
5052,u_204210,2026-03-18,account_created,free,0.0
5053,u_204211,2026-03-05,account_created,free,0.0
5054,u_204211,2026-03-09,upgrade,pro_monthly,9.99
5055,u_204212,2026-05-13,account_created,free,0.0
5056,u_204213,2026-05-20,account_created,free,0.0
5057,u_204214,2026-06-12,account_created,free,0.0
5058,u_204215,2026-03-03,account_created,free,0.0
5059,u_204216,2026-04-03,account_created,free,0.0
5060,u_204217,2026-03-04,account_created,free,0.0
5061,u_204218,2026-06-19,account_created,free,0.0
5062,u_204219,2026-03-17,account_created,free,0.0
5063,u_204220,2026-03-25,account_created,free,0.0
5064,u_204221,2026-06-07,account_created,free,0.0
5065,u_204222,2026-04-24,account_created,free,0.0
5066,u_204223,2026-05-20,account_created,free,0.0
5067,u_204224,2026-03-28,account_created,free,0.0
5068,u_204225,2026-05-20,account_created,free,0.0
5069,u_204226,2026-05-22,account_created,free,0.0
5070,u_204227,2026-04-16,account_created,free,0.0
5071,u_204228,2026-06-01,account_created,free,0.0
5072,u_204229,2026-05-24,account_created,free,0.0
5073,u_204229,2026-05-28,upgrade,pro_monthly,9.99
5074,u_204230,2026-06-11,account_created,free,0.0
5075,u_204231,2026-03-27,account_created,free,0.0
5076,u_204231,2026-04-02,upgrade,pro_monthly,9.99
5077,u_204232,2026-03-04,account_created,free,0.0
5078,u_204233,2026-05-31,account_created,free,0.0
5079,u_204234,2026-04-15,account_created,free,0.0
5080,u_204235,2026-06-04,account_created,free,0.0
5081,u_204236,2026-03-13,account_created,free,0.0
5082,u_204237,2026-04-19,account_created,free,0.0
5083,u_204238,2026-05-06,account_created,free,0.0
5084,u_204239,2026-05-31,account_created,free,0.0
5085,u_204240,2026-06-15,account_created,free,0.0
5086,u_204241,2026-04-06,account_created,free,0.0
5087,u_204242,2026-06-18,account_created,free,0.0
5088,u_204243,2026-03-10,account_created,free,0.0
5089,u_204244,2026-05-05,account_created,free,0.0
5090,u_204245,2026-03-14,account_created,free,0.0
5091,u_204246,2026-03-20,account_created,free,0.0
5092,u_204247,2026-06-12,account_created,free,0.0
5093,u_204248,2026-03-14,account_created,free,0.0
5094,u_204249,2026-06-13,account_created,free,0.0
5095,u_204250,2026-06-15,account_created,free,0.0
5096,u_204250,2026-06-16,upgrade,pro_monthly,9.99
5097,u_204251,2026-06-07,account_created,free,0.0
5098,u_204252,2026-06-08,account_created,free,0.0
5099,u_204253,2026-05-14,account_created,free,0.0
5100,u_204253,2026-05-22,upgrade,pro_monthly,9.99
5101,u_204254,2026-04-28,account_created,free,0.0
5102,u_204255,2026-06-03,account_created,free,0.0
5103,u_204256,2026-06-17,account_created,free,0.0
5104,u_204257,2026-03-13,account_created,free,0.0
5105,u_204258,2026-04-17,account_created,free,0.0
5106,u_204259,2026-04-18,account_created,free,0.0
5107,u_204260,2026-03-07,account_created,free,0.0
5108,u_204261,2026-03-23,account_created,free,0.0
5109,u_204262,2026-06-06,account_created,free,0.0
5110,u_204263,2026-05-26,account_created,free,0.0
5111,u_204264,2026-03-07,account_created,free,0.0
5112,u_204265,2026-03-18,account_created,free,0.0
5113,u_204266,2026-03-24,account_created,free,0.0
5114,u_204266,2026-03-27,upgrade,pro_monthly,9.99
5115,u_204266,2026-04-07,cancellation,pro_monthly,0.0
5116,u_204267,2026-06-01,account_created,free,0.0
5117,u_204268,2026-03-13,account_created,free,0.0
5118,u_204269,2026-04-24,account_created,free,0.0
5119,u_204270,2026-03-31,account_created,free,0.0
5120,u_204270,2026-04-07,upgrade,enterprise,299.0
5121,u_204271,2026-04-24,account_created,free,0.0
5122,u_204272,2026-05-22,account_created,free,0.0
5123,u_204272,2026-05-26,upgrade,pro_annual,79.99
5124,u_204272,2026-06-07,cancellation,pro_annual,0.0
5125,u_204273,2026-05-11,account_created,free,0.0
5126,u_204274,2026-05-05,account_created,free,0.0
5127,u_204275,2026-03-22,account_created,free,0.0
5128,u_204276,2026-05-18,account_created,free,0.0
5129,u_204276,2026-05-27,upgrade,pro_monthly,9.99
5130,u_204277,2026-04-29,account_created,free,0.0
5131,u_204278,2026-05-09,account_created,free,0.0
5132,u_204279,2026-04-27,account_created,free,0.0
5133,u_204280,2026-03-02,account_created,free,0.0
5134,u_204281,2026-04-15,account_created,free,0.0
5135,u_204282,2026-06-21,account_created,free,0.0
5136,u_204283,2026-03-01,account_created,free,0.0
5137,u_204284,2026-04-15,account_created,free,0.0
5138,u_204285,2026-05-27,account_created,free,0.0
5139,u_204286,2026-03-07,account_created,free,0.0
5140,u_204287,2026-05-06,account_created,free,0.0
5141,u_204288,2026-06-12,account_created,free,0.0
5142,u_204289,2026-04-28,account_created,free,0.0
5143,u_204290,2026-05-11,account_created,free,0.0
5144,u_204291,2026-05-23,account_created,free,0.0
5145,u_204291,2026-05-25,upgrade,pro_monthly,9.99
5146,u_204292,2026-03-05,account_created,free,0.0
5147,u_204293,2026-06-11,account_created,free,0.0
5148,u_204293,2026-06-18,upgrade,pro_monthly,9.99
5149,u_204294,2026-05-15,account_created,free,0.0
5150,u_204295,2026-06-02,account_created,free,0.0
5151,u_204296,2026-05-09,account_created,free,0.0
5152,u_204297,2026-06-06,account_created,free,0.0
5153,u_204297,2026-06-10,upgrade,pro_annual,79.99
5154,u_204298,2026-06-06,account_created,free,0.0
5155,u_204299,2026-05-22,account_created,free,0.0
5156,u_204300,2026-05-29,account_created,free,0.0
5157,u_204301,2026-05-09,account_created,free,0.0
5158,u_204302,2026-06-19,account_created,free,0.0
5159,u_204303,2026-06-21,account_created,free,0.0
5160,u_204304,2026-03-31,account_created,free,0.0
5161,u_204305,2026-05-15,account_created,free,0.0
5162,u_204306,2026-03-06,account_created,free,0.0
5163,u_204307,2026-05-16,account_created,free,0.0
5164,u_204308,2026-03-21,account_created,free,0.0
5165,u_204309,2026-04-08,account_created,free,0.0
5166,u_204309,2026-04-15,upgrade,pro_annual,79.99
5167,u_204310,2026-06-17,account_created,free,0.0
5168,u_204310,2026-06-25,upgrade,pro_monthly,9.99
5169,u_204311,2026-04-03,account_created,free,0.0
5170,u_204312,2026-04-19,account_created,free,0.0
5171,u_204313,2026-03-07,account_created,free,0.0
5172,u_204314,2026-06-07,account_created,free,0.0
5173,u_204315,2026-03-25,account_created,free,0.0
5174,u_204316,2026-03-10,account_created,free,0.0
5175,u_204316,2026-03-18,upgrade,pro_monthly,9.99
5176,u_204316,2026-04-07,cancellation,pro_monthly,0.0
5177,u_204317,2026-04-08,account_created,free,0.0
5178,u_204318,2026-05-25,account_created,free,0.0
5179,u_204318,2026-05-27,upgrade,pro_monthly,9.99
5180,u_204319,2026-05-16,account_created,free,0.0
5181,u_204320,2026-06-07,account_created,free,0.0
5182,u_204321,2026-03-13,account_created,free,0.0
5183,u_204321,2026-03-22,upgrade,pro_monthly,9.99
5184,u_204322,2026-06-04,account_created,free,0.0
5185,u_204323,2026-03-26,account_created,free,0.0
5186,u_204324,2026-05-25,account_created,free,0.0
5187,u_204324,2026-05-27,upgrade,pro_monthly,9.99
5188,u_204325,2026-06-15,account_created,free,0.0
5189,u_204326,2026-03-08,account_created,free,0.0
5190,u_204327,2026-06-06,account_created,free,0.0
5191,u_204327,2026-06-12,upgrade,pro_annual,79.99
5192,u_204328,2026-04-26,account_created,free,0.0
5193,u_204329,2026-05-26,account_created,free,0.0
5194,u_204330,2026-03-05,account_created,free,0.0
5195,u_204331,2026-03-25,account_created,free,0.0
5196,u_204332,2026-06-06,account_created,free,0.0
5197,u_204333,2026-03-31,account_created,free,0.0
5198,u_204334,2026-05-03,account_created,free,0.0
5199,u_204335,2026-04-12,account_created,free,0.0
5200,u_204336,2026-06-11,account_created,free,0.0
5201,u_204337,2026-03-07,account_created,free,0.0
5202,u_204338,2026-03-19,account_created,free,0.0
5203,u_204339,2026-04-22,account_created,free,0.0
5204,u_204340,2026-04-30,account_created,free,0.0
5205,u_204340,2026-05-03,upgrade,pro_monthly,9.99
5206,u_204341,2026-04-27,account_created,free,0.0
5207,u_204341,2026-04-28,upgrade,pro_monthly,9.99
5208,u_204342,2026-04-05,account_created,free,0.0
5209,u_204343,2026-06-10,account_created,free,0.0
5210,u_204344,2026-03-10,account_created,free,0.0
5211,u_204345,2026-04-03,account_created,free,0.0
5212,u_204345,2026-04-10,upgrade,pro_monthly,9.99
5213,u_204345,2026-05-11,cancellation,pro_monthly,0.0
5214,u_204346,2026-05-11,account_created,free,0.0
5215,u_204347,2026-03-24,account_created,free,0.0
5216,u_204347,2026-04-01,upgrade,pro_monthly,9.99
5217,u_204348,2026-03-29,account_created,free,0.0
5218,u_204349,2026-05-29,account_created,free,0.0
5219,u_204349,2026-06-06,upgrade,pro_monthly,9.99
5220,u_204350,2026-05-09,account_created,free,0.0
5221,u_204350,2026-05-14,upgrade,pro_monthly,9.99
5222,u_204351,2026-05-27,account_created,free,0.0
5223,u_204352,2026-06-12,account_created,free,0.0
5224,u_204353,2026-04-03,account_created,free,0.0
5225,u_204354,2026-03-24,account_created,free,0.0
5226,u_204355,2026-05-18,account_created,free,0.0
5227,u_204356,2026-03-05,account_created,free,0.0
5228,u_204357,2026-04-19,account_created,free,0.0
5229,u_204358,2026-06-17,account_created,free,0.0
5230,u_204359,2026-04-24,account_created,free,0.0
5231,u_204360,2026-05-06,account_created,free,0.0
5232,u_204361,2026-05-26,account_created,free,0.0
5233,u_204361,2026-06-02,upgrade,pro_monthly,9.99
5234,u_204362,2026-03-05,account_created,free,0.0
5235,u_204363,2026-05-11,account_created,free,0.0
5236,u_204364,2026-05-08,account_created,free,0.0
5237,u_204364,2026-05-14,upgrade,pro_annual,79.99
5238,u_204365,2026-03-29,account_created,free,0.0
5239,u_204366,2026-05-24,account_created,free,0.0
5240,u_204367,2026-03-25,account_created,free,0.0
5241,u_204368,2026-03-21,account_created,free,0.0
5242,u_204368,2026-03-30,upgrade,pro_annual,79.99
5243,u_204369,2026-04-08,account_created,free,0.0
5244,u_204370,2026-06-21,account_created,free,0.0
5245,u_204370,2026-06-22,upgrade,pro_annual,79.99
5246,u_204371,2026-03-02,account_created,free,0.0
5247,u_204372,2026-03-02,account_created,free,0.0
5248,u_204373,2026-06-18,account_created,free,0.0
5249,u_204374,2026-03-25,account_created,free,0.0
5250,u_204374,2026-03-31,upgrade,pro_annual,79.99
5251,u_204375,2026-05-31,account_created,free,0.0
5252,u_204376,2026-05-12,account_created,free,0.0
5253,u_204376,2026-05-19,upgrade,pro_monthly,9.99
5254,u_204377,2026-04-04,account_created,free,0.0
5255,u_204378,2026-03-29,account_created,free,0.0
5256,u_204379,2026-05-05,account_created,free,0.0
5257,u_204380,2026-04-23,account_created,free,0.0
5258,u_204380,2026-04-27,upgrade,pro_annual,79.99
5259,u_204381,2026-03-22,account_created,free,0.0
5260,u_204382,2026-06-10,account_created,free,0.0
5261,u_204383,2026-05-05,account_created,free,0.0
5262,u_204383,2026-05-10,upgrade,pro_monthly,9.99
5263,u_204384,2026-05-04,account_created,free,0.0
5264,u_204385,2026-04-08,account_created,free,0.0
5265,u_204386,2026-03-01,account_created,free,0.0
5266,u_204387,2026-03-11,account_created,free,0.0
5267,u_204388,2026-05-30,account_created,free,0.0
5268,u_204388,2026-06-07,upgrade,pro_monthly,9.99
5269,u_204389,2026-03-06,account_created,free,0.0
5270,u_204390,2026-05-25,account_created,free,0.0
5271,u_204391,2026-05-11,account_created,free,0.0
5272,u_204392,2026-06-05,account_created,free,0.0
5273,u_204393,2026-03-16,account_created,free,0.0
5274,u_204394,2026-04-15,account_created,free,0.0
5275,u_204395,2026-06-20,account_created,free,0.0
5276,u_204396,2026-05-22,account_created,free,0.0
5277,u_204397,2026-05-17,account_created,free,0.0
5278,u_204398,2026-05-12,account_created,free,0.0
5279,u_204399,2026-04-27,account_created,free,0.0
5280,u_204400,2026-03-24,account_created,free,0.0
5281,u_204401,2026-06-06,account_created,free,0.0
5282,u_204402,2026-05-16,account_created,free,0.0
5283,u_204403,2026-05-01,account_created,free,0.0
5284,u_204404,2026-04-11,account_created,free,0.0
5285,u_204405,2026-04-28,account_created,free,0.0
5286,u_204406,2026-06-05,account_created,free,0.0
5287,u_204407,2026-03-10,account_created,free,0.0
5288,u_204408,2026-04-17,account_created,free,0.0
5289,u_204409,2026-04-13,account_created,free,0.0
5290,u_204409,2026-04-21,upgrade,pro_annual,79.99
5291,u_204410,2026-03-05,account_created,free,0.0
5292,u_204411,2026-06-08,account_created,free,0.0
5293,u_204412,2026-06-07,account_created,free,0.0
5294,u_204413,2026-06-05,account_created,free,0.0
5295,u_204414,2026-03-16,account_created,free,0.0
5296,u_204415,2026-05-04,account_created,free,0.0
5297,u_204415,2026-05-10,upgrade,pro_monthly,9.99
5298,u_204416,2026-04-12,account_created,free,0.0
5299,u_204417,2026-06-05,account_created,free,0.0
5300,u_204417,2026-06-06,upgrade,pro_monthly,9.99
5301,u_204418,2026-06-13,account_created,free,0.0
5302,u_204418,2026-06-21,upgrade,pro_monthly,9.99
5303,u_204419,2026-06-19,account_created,free,0.0
5304,u_204420,2026-05-31,account_created,free,0.0
5305,u_204420,2026-06-01,upgrade,pro_monthly,9.99
5306,u_204421,2026-05-02,account_created,free,0.0
5307,u_204422,2026-06-08,account_created,free,0.0
5308,u_204423,2026-06-16,account_created,free,0.0
5309,u_204424,2026-03-10,account_created,free,0.0
5310,u_204425,2026-03-17,account_created,free,0.0
5311,u_204425,2026-03-26,upgrade,pro_annual,79.99
5312,u_204426,2026-04-22,account_created,free,0.0
5313,u_204427,2026-04-25,account_created,free,0.0
5314,u_204428,2026-03-06,account_created,free,0.0
5315,u_204429,2026-06-12,account_created,free,0.0
5316,u_204430,2026-06-21,account_created,free,0.0
5317,u_204431,2026-03-29,account_created,free,0.0
5318,u_204431,2026-04-07,upgrade,pro_monthly,9.99
5319,u_204432,2026-06-13,account_created,free,0.0
5320,u_204433,2026-05-04,account_created,free,0.0
5321,u_204434,2026-05-20,account_created,free,0.0
5322,u_204435,2026-06-20,account_created,free,0.0
5323,u_204436,2026-05-25,account_created,free,0.0
5324,u_204437,2026-05-21,account_created,free,0.0
5325,u_204438,2026-05-28,account_created,free,0.0
5326,u_204439,2026-03-16,account_created,free,0.0
5327,u_204440,2026-03-31,account_created,free,0.0
5328,u_204441,2026-06-21,account_created,free,0.0
5329,u_204441,2026-06-26,upgrade,enterprise,299.0
5330,u_204442,2026-03-26,account_created,free,0.0
5331,u_204443,2026-05-28,account_created,free,0.0
5332,u_204444,2026-05-30,account_created,free,0.0
5333,u_204444,2026-06-07,upgrade,pro_monthly,9.99
5334,u_204445,2026-06-17,account_created,free,0.0
5335,u_204446,2026-03-05,account_created,free,0.0
5336,u_204447,2026-06-14,account_created,free,0.0
5337,u_204448,2026-03-24,account_created,free,0.0
5338,u_204449,2026-03-14,account_created,free,0.0
5339,u_204450,2026-05-22,account_created,free,0.0
5340,u_204451,2026-04-06,account_created,free,0.0
5341,u_204451,2026-04-10,upgrade,enterprise,299.0
5342,u_204452,2026-06-02,account_created,free,0.0
5343,u_204453,2026-06-03,account_created,free,0.0
5344,u_204454,2026-04-02,account_created,free,0.0
5345,u_204454,2026-04-06,upgrade,pro_monthly,9.99
5346,u_204454,2026-05-11,cancellation,pro_monthly,0.0
5347,u_204455,2026-03-24,account_created,free,0.0
5348,u_204456,2026-05-02,account_created,free,0.0
5349,u_204457,2026-05-13,account_created,free,0.0
5350,u_204458,2026-03-29,account_created,free,0.0
5351,u_204459,2026-03-05,account_created,free,0.0
5352,u_204460,2026-06-03,account_created,free,0.0
5353,u_204461,2026-04-08,account_created,free,0.0
5354,u_204462,2026-03-28,account_created,free,0.0
5355,u_204463,2026-04-22,account_created,free,0.0
5356,u_204463,2026-04-27,upgrade,pro_annual,79.99
5357,u_204464,2026-04-18,account_created,free,0.0
5358,u_204465,2026-05-28,account_created,free,0.0
5359,u_204466,2026-03-23,account_created,free,0.0
5360,u_204467,2026-06-10,account_created,free,0.0
5361,u_204468,2026-05-07,account_created,free,0.0
5362,u_204469,2026-04-01,account_created,free,0.0
5363,u_204470,2026-04-26,account_created,free,0.0
5364,u_204471,2026-06-20,account_created,free,0.0
5365,u_204472,2026-04-06,account_created,free,0.0
5366,u_204472,2026-04-07,upgrade,pro_annual,79.99
5367,u_204472,2026-04-23,cancellation,pro_annual,0.0
5368,u_204473,2026-05-10,account_created,free,0.0
5369,u_204474,2026-06-21,account_created,free,0.0
5370,u_204475,2026-05-23,account_created,free,0.0
5371,u_204476,2026-05-04,account_created,free,0.0
5372,u_204477,2026-06-01,account_created,free,0.0
5373,u_204478,2026-06-21,account_created,free,0.0
5374,u_204479,2026-05-25,account_created,free,0.0
5375,u_204480,2026-03-16,account_created,free,0.0
5376,u_204481,2026-03-11,account_created,free,0.0
5377,u_204482,2026-05-12,account_created,free,0.0
5378,u_204483,2026-05-22,account_created,free,0.0
5379,u_204484,2026-06-19,account_created,free,0.0
5380,u_204485,2026-06-04,account_created,free,0.0
5381,u_204485,2026-06-11,upgrade,pro_annual,79.99
5382,u_204486,2026-05-19,account_created,free,0.0
5383,u_204487,2026-04-04,account_created,free,0.0
5384,u_204488,2026-04-02,account_created,free,0.0
5385,u_204489,2026-04-30,account_created,free,0.0
5386,u_204490,2026-06-01,account_created,free,0.0
5387,u_204491,2026-04-22,account_created,free,0.0
5388,u_204492,2026-06-10,account_created,free,0.0
5389,u_204493,2026-03-13,account_created,free,0.0
5390,u_204494,2026-05-10,account_created,free,0.0
5391,u_204494,2026-05-13,upgrade,pro_monthly,9.99
5392,u_204495,2026-06-04,account_created,free,0.0
5393,u_204496,2026-03-29,account_created,free,0.0
5394,u_204497,2026-06-05,account_created,free,0.0
5395,u_204498,2026-06-18,account_created,free,0.0
5396,u_204499,2026-03-14,account_created,free,0.0
5397,u_204500,2026-06-04,account_created,free,0.0
5398,u_204500,2026-06-07,upgrade,pro_monthly,9.99
5399,u_204501,2026-04-02,account_created,free,0.0
5400,u_204502,2026-04-24,account_created,free,0.0
5401,u_204502,2026-04-28,upgrade,pro_annual,79.99
5402,u_204503,2026-04-09,account_created,free,0.0
5403,u_204503,2026-04-14,upgrade,enterprise,299.0
5404,u_204504,2026-06-14,account_created,free,0.0
5405,u_204505,2026-03-14,account_created,free,0.0
5406,u_204506,2026-04-10,account_created,free,0.0
5407,u_204507,2026-04-27,account_created,free,0.0
5408,u_204508,2026-03-17,account_created,free,0.0
5409,u_204508,2026-03-22,upgrade,pro_monthly,9.99
5410,u_204509,2026-04-17,account_created,free,0.0
5411,u_204510,2026-03-01,account_created,free,0.0
5412,u_204511,2026-05-09,account_created,free,0.0
5413,u_204512,2026-06-10,account_created,free,0.0
5414,u_204513,2026-05-22,account_created,free,0.0
5415,u_204514,2026-05-02,account_created,free,0.0
5416,u_204515,2026-05-02,account_created,free,0.0
5417,u_204515,2026-05-06,upgrade,pro_monthly,9.99
5418,u_204515,2026-05-28,cancellation,pro_monthly,0.0
5419,u_204516,2026-04-27,account_created,free,0.0
5420,u_204517,2026-05-16,account_created,free,0.0
5421,u_204518,2026-03-30,account_created,free,0.0
5422,u_204519,2026-06-18,account_created,free,0.0
5423,u_204519,2026-06-20,upgrade,pro_monthly,9.99
5424,u_204520,2026-04-13,account_created,free,0.0
5425,u_204521,2026-04-16,account_created,free,0.0
5426,u_204522,2026-06-17,account_created,free,0.0
5427,u_204523,2026-03-29,account_created,free,0.0
5428,u_204524,2026-03-19,account_created,free,0.0
5429,u_204525,2026-03-27,account_created,free,0.0
5430,u_204526,2026-06-20,account_created,free,0.0
5431,u_204527,2026-05-10,account_created,free,0.0
5432,u_204528,2026-05-30,account_created,free,0.0
5433,u_204529,2026-06-15,account_created,free,0.0
5434,u_204530,2026-03-13,account_created,free,0.0
5435,u_204530,2026-03-15,upgrade,pro_monthly,9.99
5436,u_204531,2026-03-12,account_created,free,0.0
5437,u_204532,2026-05-24,account_created,free,0.0
5438,u_204533,2026-04-26,account_created,free,0.0
5439,u_204534,2026-03-08,account_created,free,0.0
5440,u_204534,2026-03-11,upgrade,pro_monthly,9.99
5441,u_204535,2026-03-17,account_created,free,0.0
5442,u_204536,2026-06-12,account_created,free,0.0
5443,u_204537,2026-03-23,account_created,free,0.0
5444,u_204537,2026-03-31,upgrade,pro_monthly,9.99
5445,u_204538,2026-05-27,account_created,free,0.0
5446,u_204539,2026-03-27,account_created,free,0.0
5447,u_204540,2026-04-30,account_created,free,0.0
5448,u_204540,2026-05-06,upgrade,pro_monthly,9.99
5449,u_204541,2026-04-10,account_created,free,0.0
5450,u_204542,2026-03-24,account_created,free,0.0
5451,u_204543,2026-03-12,account_created,free,0.0
5452,u_204544,2026-05-25,account_created,free,0.0
5453,u_204545,2026-06-01,account_created,free,0.0
5454,u_204546,2026-06-08,account_created,free,0.0
5455,u_204547,2026-03-24,account_created,free,0.0
5456,u_204548,2026-05-18,account_created,free,0.0
5457,u_204549,2026-06-10,account_created,free,0.0
5458,u_204550,2026-03-19,account_created,free,0.0
5459,u_204551,2026-04-26,account_created,free,0.0
5460,u_204552,2026-06-01,account_created,free,0.0
5461,u_204553,2026-04-04,account_created,free,0.0
5462,u_204554,2026-05-03,account_created,free,0.0
5463,u_204555,2026-06-04,account_created,free,0.0
5464,u_204556,2026-03-02,account_created,free,0.0
5465,u_204556,2026-03-10,upgrade,pro_monthly,9.99
5466,u_204557,2026-05-26,account_created,free,0.0
5467,u_204558,2026-05-27,account_created,free,0.0
5468,u_204559,2026-04-02,account_created,free,0.0
5469,u_204560,2026-06-10,account_created,free,0.0
5470,u_204561,2026-04-27,account_created,free,0.0
5471,u_204562,2026-04-21,account_created,free,0.0
5472,u_204563,2026-05-29,account_created,free,0.0
5473,u_204564,2026-05-22,account_created,free,0.0
5474,u_204565,2026-03-22,account_created,free,0.0
5475,u_204566,2026-06-14,account_created,free,0.0
5476,u_204567,2026-04-09,account_created,free,0.0
5477,u_204567,2026-04-10,upgrade,pro_monthly,9.99
5478,u_204567,2026-05-30,cancellation,pro_monthly,0.0
5479,u_204568,2026-05-07,account_created,free,0.0
5480,u_204569,2026-04-05,account_created,free,0.0
5481,u_204569,2026-04-07,upgrade,pro_annual,79.99
5482,u_204570,2026-04-02,account_created,free,0.0
5483,u_204570,2026-04-10,upgrade,pro_annual,79.99
5484,u_204571,2026-05-22,account_created,free,0.0
5485,u_204572,2026-05-20,account_created,free,0.0
5486,u_204573,2026-03-31,account_created,free,0.0
5487,u_204574,2026-06-12,account_created,free,0.0
5488,u_204575,2026-04-13,account_created,free,0.0
5489,u_204576,2026-04-12,account_created,free,0.0
5490,u_204577,2026-03-18,account_created,free,0.0
5491,u_204578,2026-04-01,account_created,free,0.0
5492,u_204579,2026-03-13,account_created,free,0.0
5493,u_204580,2026-05-07,account_created,free,0.0
5494,u_204581,2026-05-14,account_created,free,0.0
5495,u_204582,2026-05-14,account_created,free,0.0
5496,u_204583,2026-06-09,account_created,free,0.0
5497,u_204584,2026-06-10,account_created,free,0.0
5498,u_204585,2026-06-21,account_created,free,0.0
5499,u_204586,2026-04-14,account_created,free,0.0
5500,u_204587,2026-06-06,account_created,free,0.0
5501,u_204588,2026-03-31,account_created,free,0.0
5502,u_204589,2026-05-09,account_created,free,0.0
5503,u_204590,2026-05-03,account_created,free,0.0
5504,u_204590,2026-05-08,upgrade,pro_monthly,9.99
5505,u_204591,2026-06-11,account_created,free,0.0
5506,u_204592,2026-06-01,account_created,free,0.0
5507,u_204593,2026-05-07,account_created,free,0.0
5508,u_204593,2026-05-14,upgrade,pro_annual,79.99
5509,u_204594,2026-06-16,account_created,free,0.0
5510,u_204595,2026-06-03,account_created,free,0.0
5511,u_204595,2026-06-07,upgrade,pro_monthly,9.99
5512,u_204596,2026-04-29,account_created,free,0.0
5513,u_204597,2026-06-04,account_created,free,0.0
5514,u_204598,2026-04-21,account_created,free,0.0
5515,u_204599,2026-05-04,account_created,free,0.0
5516,u_204600,2026-03-21,account_created,free,0.0
5517,u_204601,2026-05-10,account_created,free,0.0
5518,u_204602,2026-04-17,account_created,free,0.0
5519,u_204603,2026-06-19,account_created,free,0.0
5520,u_204604,2026-04-21,account_created,free,0.0
5521,u_204605,2026-05-29,account_created,free,0.0
5522,u_204605,2026-05-30,upgrade,pro_annual,79.99
5523,u_204606,2026-03-21,account_created,free,0.0
5524,u_204607,2026-04-05,account_created,free,0.0
5525,u_204608,2026-06-02,account_created,free,0.0
5526,u_204609,2026-03-02,account_created,free,0.0
5527,u_204609,2026-03-10,upgrade,pro_monthly,9.99
5528,u_204609,2026-04-24,cancellation,pro_monthly,0.0
5529,u_204610,2026-04-30,account_created,free,0.0
5530,u_204611,2026-04-05,account_created,free,0.0
5531,u_204612,2026-05-22,account_created,free,0.0
5532,u_204613,2026-05-15,account_created,free,0.0
5533,u_204613,2026-05-21,upgrade,pro_monthly,9.99
5534,u_204614,2026-06-05,account_created,free,0.0
5535,u_204615,2026-03-20,account_created,free,0.0
5536,u_204616,2026-04-20,account_created,free,0.0
5537,u_204616,2026-04-26,upgrade,pro_annual,79.99
5538,u_204617,2026-03-24,account_created,free,0.0
5539,u_204618,2026-05-14,account_created,free,0.0
5540,u_204619,2026-03-05,account_created,free,0.0
5541,u_204620,2026-03-15,account_created,free,0.0
5542,u_204621,2026-06-06,account_created,free,0.0
5543,u_204622,2026-04-18,account_created,free,0.0
5544,u_204623,2026-04-27,account_created,free,0.0
5545,u_204624,2026-03-16,account_created,free,0.0
5546,u_204625,2026-06-15,account_created,free,0.0
5547,u_204626,2026-04-09,account_created,free,0.0
5548,u_204627,2026-05-02,account_created,free,0.0
5549,u_204627,2026-05-09,upgrade,pro_monthly,9.99
5550,u_204627,2026-06-25,cancellation,pro_monthly,0.0
5551,u_204628,2026-04-23,account_created,free,0.0
5552,u_204629,2026-04-12,account_created,free,0.0
5553,u_204630,2026-05-23,account_created,free,0.0
5554,u_204631,2026-05-16,account_created,free,0.0
5555,u_204632,2026-03-09,account_created,free,0.0
5556,u_204633,2026-04-15,account_created,free,0.0
5557,u_204634,2026-03-19,account_created,free,0.0
5558,u_204635,2026-03-15,account_created,free,0.0
5559,u_204636,2026-04-13,account_created,free,0.0
5560,u_204637,2026-05-10,account_created,free,0.0
5561,u_204638,2026-03-01,account_created,free,0.0
5562,u_204639,2026-05-14,account_created,free,0.0
5563,u_204639,2026-05-17,upgrade,pro_monthly,9.99
5564,u_204640,2026-03-23,account_created,free,0.0
5565,u_204641,2026-05-18,account_created,free,0.0
5566,u_204642,2026-06-08,account_created,free,0.0
5567,u_204643,2026-03-23,account_created,free,0.0
5568,u_204643,2026-03-27,upgrade,enterprise,299.0
5569,u_204644,2026-05-05,account_created,free,0.0
5570,u_204645,2026-06-13,account_created,free,0.0
5571,u_204646,2026-04-17,account_created,free,0.0
5572,u_204647,2026-03-29,account_created,free,0.0
5573,u_204648,2026-04-25,account_created,free,0.0
5574,u_204649,2026-03-12,account_created,free,0.0
5575,u_204649,2026-03-13,upgrade,pro_annual,79.99
5576,u_204650,2026-06-07,account_created,free,0.0
5577,u_204651,2026-03-13,account_created,free,0.0
5578,u_204652,2026-06-16,account_created,free,0.0
5579,u_204653,2026-06-03,account_created,free,0.0
5580,u_204654,2026-04-29,account_created,free,0.0
5581,u_204655,2026-03-29,account_created,free,0.0
5582,u_204656,2026-03-24,account_created,free,0.0
5583,u_204657,2026-06-01,account_created,free,0.0
5584,u_204657,2026-06-02,upgrade,pro_annual,79.99
5585,u_204658,2026-06-02,account_created,free,0.0
5586,u_204659,2026-04-17,account_created,free,0.0
5587,u_204660,2026-03-29,account_created,free,0.0
5588,u_204660,2026-03-31,upgrade,pro_monthly,9.99
5589,u_204661,2026-04-12,account_created,free,0.0
5590,u_204662,2026-04-07,account_created,free,0.0
5591,u_204663,2026-04-06,account_created,free,0.0
5592,u_204663,2026-04-14,upgrade,pro_annual,79.99
5593,u_204664,2026-05-25,account_created,free,0.0
5594,u_204665,2026-03-03,account_created,free,0.0
5595,u_204666,2026-05-10,account_created,free,0.0
5596,u_204667,2026-04-26,account_created,free,0.0
5597,u_204667,2026-04-29,upgrade,pro_annual,79.99
5598,u_204668,2026-03-25,account_created,free,0.0
5599,u_204669,2026-04-30,account_created,free,0.0
5600,u_204670,2026-03-05,account_created,free,0.0
5601,u_204671,2026-03-12,account_created,free,0.0
5602,u_204671,2026-03-20,upgrade,pro_monthly,9.99
5603,u_204672,2026-05-15,account_created,free,0.0
5604,u_204673,2026-05-07,account_created,free,0.0
5605,u_204674,2026-03-15,account_created,free,0.0
5606,u_204675,2026-03-29,account_created,free,0.0
5607,u_204676,2026-05-03,account_created,free,0.0
5608,u_204677,2026-06-01,account_created,free,0.0
5609,u_204677,2026-06-04,upgrade,pro_annual,79.99
5610,u_204678,2026-05-31,account_created,free,0.0
5611,u_204679,2026-03-28,account_created,free,0.0
5612,u_204679,2026-04-01,upgrade,enterprise,299.0
5613,u_204680,2026-03-26,account_created,free,0.0
5614,u_204681,2026-04-28,account_created,free,0.0
5615,u_204681,2026-05-06,upgrade,pro_monthly,9.99
5616,u_204682,2026-03-10,account_created,free,0.0
5617,u_204683,2026-03-21,account_created,free,0.0
5618,u_204684,2026-03-24,account_created,free,0.0
5619,u_204685,2026-04-28,account_created,free,0.0
5620,u_204686,2026-05-06,account_created,free,0.0
5621,u_204687,2026-03-12,account_created,free,0.0
5622,u_204688,2026-03-16,account_created,free,0.0
5623,u_204689,2026-04-05,account_created,free,0.0
5624,u_204690,2026-05-19,account_created,free,0.0
5625,u_204691,2026-05-27,account_created,free,0.0
5626,u_204692,2026-03-19,account_created,free,0.0
5627,u_204693,2026-04-01,account_created,free,0.0
5628,u_204693,2026-04-08,upgrade,enterprise,299.0
5629,u_204693,2026-05-27,cancellation,enterprise,0.0
5630,u_204694,2026-04-15,account_created,free,0.0
5631,u_204695,2026-04-27,account_created,free,0.0
5632,u_204695,2026-05-02,upgrade,pro_annual,79.99
5633,u_204695,2026-05-24,cancellation,pro_annual,0.0
5634,u_204696,2026-04-03,account_created,free,0.0
5635,u_204697,2026-03-22,account_created,free,0.0
5636,u_204698,2026-06-18,account_created,free,0.0
5637,u_204699,2026-05-07,account_created,free,0.0
5638,u_204700,2026-03-06,account_created,free,0.0
5639,u_204701,2026-06-08,account_created,free,0.0
5640,u_204702,2026-05-24,account_created,free,0.0
5641,u_204703,2026-03-16,account_created,free,0.0
5642,u_204704,2026-04-21,account_created,free,0.0
5643,u_204704,2026-04-26,upgrade,pro_annual,79.99
5644,u_204705,2026-03-17,account_created,free,0.0
5645,u_204706,2026-04-19,account_created,free,0.0
5646,u_204707,2026-05-29,account_created,free,0.0
5647,u_204708,2026-04-05,account_created,free,0.0
5648,u_204709,2026-06-19,account_created,free,0.0
5649,u_204710,2026-06-14,account_created,free,0.0
5650,u_204711,2026-04-14,account_created,free,0.0
5651,u_204712,2026-06-02,account_created,free,0.0
5652,u_204713,2026-03-05,account_created,free,0.0
5653,u_204714,2026-05-15,account_created,free,0.0
5654,u_204715,2026-05-20,account_created,free,0.0
5655,u_204716,2026-04-20,account_created,free,0.0
5656,u_204717,2026-03-23,account_created,free,0.0
5657,u_204717,2026-03-29,upgrade,enterprise,299.0
5658,u_204718,2026-04-28,account_created,free,0.0
5659,u_204719,2026-05-15,account_created,free,0.0
5660,u_204720,2026-03-05,account_created,free,0.0
5661,u_204721,2026-04-03,account_created,free,0.0
5662,u_204722,2026-05-28,account_created,free,0.0
5663,u_204723,2026-05-19,account_created,free,0.0
5664,u_204724,2026-06-07,account_created,free,0.0
5665,u_204725,2026-05-02,account_created,free,0.0
5666,u_204725,2026-05-05,upgrade,enterprise,299.0
5667,u_204726,2026-05-29,account_created,free,0.0
5668,u_204727,2026-04-23,account_created,free,0.0
5669,u_204728,2026-06-03,account_created,free,0.0
5670,u_204729,2026-03-13,account_created,free,0.0
5671,u_204730,2026-03-22,account_created,free,0.0
5672,u_204731,2026-03-05,account_created,free,0.0
5673,u_204732,2026-04-19,account_created,free,0.0
5674,u_204733,2026-05-03,account_created,free,0.0
5675,u_204734,2026-04-12,account_created,free,0.0
5676,u_204735,2026-05-23,account_created,free,0.0
5677,u_204736,2026-04-26,account_created,free,0.0
5678,u_204737,2026-03-21,account_created,free,0.0
5679,u_204738,2026-06-14,account_created,free,0.0
5680,u_204739,2026-04-08,account_created,free,0.0
5681,u_204739,2026-04-17,upgrade,pro_monthly,9.99
5682,u_204740,2026-03-29,account_created,free,0.0
5683,u_204740,2026-04-07,upgrade,pro_annual,79.99
5684,u_204741,2026-05-24,account_created,free,0.0
5685,u_204742,2026-06-08,account_created,free,0.0
5686,u_204743,2026-06-10,account_created,free,0.0
5687,u_204744,2026-05-17,account_created,free,0.0
5688,u_204745,2026-06-05,account_created,free,0.0
5689,u_204746,2026-04-09,account_created,free,0.0
5690,u_204747,2026-06-06,account_created,free,0.0
5691,u_204747,2026-06-15,upgrade,pro_monthly,9.99
5692,u_204748,2026-05-31,account_created,free,0.0
5693,u_204749,2026-03-31,account_created,free,0.0
5694,u_204750,2026-06-20,account_created,free,0.0
5695,u_204751,2026-03-08,account_created,free,0.0
5696,u_204752,2026-04-20,account_created,free,0.0
5697,u_204753,2026-05-25,account_created,free,0.0
5698,u_204754,2026-05-06,account_created,free,0.0
5699,u_204755,2026-04-13,account_created,free,0.0
5700,u_204756,2026-03-31,account_created,free,0.0
5701,u_204757,2026-06-04,account_created,free,0.0
5702,u_204758,2026-05-31,account_created,free,0.0
5703,u_204759,2026-03-05,account_created,free,0.0
5704,u_204759,2026-03-11,upgrade,pro_monthly,9.99
5705,u_204759,2026-04-20,cancellation,pro_monthly,0.0
5706,u_204760,2026-04-12,account_created,free,0.0
5707,u_204761,2026-03-14,account_created,free,0.0
5708,u_204762,2026-03-20,account_created,free,0.0
5709,u_204763,2026-05-18,account_created,free,0.0
5710,u_204764,2026-04-29,account_created,free,0.0
5711,u_204765,2026-04-26,account_created,free,0.0
5712,u_204766,2026-06-12,account_created,free,0.0
5713,u_204767,2026-05-02,account_created,free,0.0
5714,u_204768,2026-05-19,account_created,free,0.0
5715,u_204769,2026-04-10,account_created,free,0.0
5716,u_204770,2026-05-28,account_created,free,0.0
5717,u_204771,2026-03-11,account_created,free,0.0
5718,u_204771,2026-03-15,upgrade,pro_monthly,9.99
5719,u_204772,2026-03-30,account_created,free,0.0
5720,u_204773,2026-05-17,account_created,free,0.0
5721,u_204774,2026-03-11,account_created,free,0.0
5722,u_204775,2026-03-10,account_created,free,0.0
5723,u_204776,2026-03-17,account_created,free,0.0
5724,u_204777,2026-03-07,account_created,free,0.0
5725,u_204778,2026-06-08,account_created,free,0.0
5726,u_204778,2026-06-12,upgrade,pro_monthly,9.99
5727,u_204779,2026-06-19,account_created,free,0.0
5728,u_204780,2026-05-30,account_created,free,0.0
5729,u_204781,2026-05-14,account_created,free,0.0
5730,u_204781,2026-05-15,upgrade,pro_monthly,9.99
5731,u_204782,2026-06-15,account_created,free,0.0
5732,u_204783,2026-03-19,account_created,free,0.0
5733,u_204784,2026-06-03,account_created,free,0.0
5734,u_204784,2026-06-11,upgrade,pro_annual,79.99
5735,u_204785,2026-03-09,account_created,free,0.0
5736,u_204786,2026-06-06,account_created,free,0.0
5737,u_204787,2026-05-12,account_created,free,0.0
5738,u_204788,2026-03-18,account_created,free,0.0
5739,u_204789,2026-03-18,account_created,free,0.0
5740,u_204790,2026-05-04,account_created,free,0.0
5741,u_204791,2026-03-19,account_created,free,0.0
5742,u_204792,2026-04-08,account_created,free,0.0
5743,u_204793,2026-06-04,account_created,free,0.0
5744,u_204793,2026-06-12,upgrade,pro_monthly,9.99
5745,u_204794,2026-05-06,account_created,free,0.0
5746,u_204795,2026-05-09,account_created,free,0.0
5747,u_204795,2026-05-11,upgrade,pro_monthly,9.99
5748,u_204796,2026-03-10,account_created,free,0.0
5749,u_204797,2026-05-31,account_created,free,0.0
5750,u_204798,2026-05-18,account_created,free,0.0
5751,u_204799,2026-03-13,account_created,free,0.0
5752,u_204800,2026-04-06,account_created,free,0.0
5753,u_204801,2026-06-10,account_created,free,0.0
5754,u_204802,2026-04-26,account_created,free,0.0
5755,u_204803,2026-06-15,account_created,free,0.0
5756,u_204804,2026-04-09,account_created,free,0.0
5757,u_204805,2026-05-24,account_created,free,0.0
5758,u_204806,2026-05-27,account_created,free,0.0
5759,u_204807,2026-04-22,account_created,free,0.0
5760,u_204808,2026-06-15,account_created,free,0.0
5761,u_204809,2026-06-16,account_created,free,0.0
5762,u_204810,2026-04-02,account_created,free,0.0
5763,u_204811,2026-04-20,account_created,free,0.0
5764,u_204812,2026-05-22,account_created,free,0.0
5765,u_204813,2026-06-17,account_created,free,0.0
5766,u_204814,2026-03-16,account_created,free,0.0
5767,u_204814,2026-03-23,upgrade,pro_annual,79.99
5768,u_204814,2026-04-29,cancellation,pro_annual,0.0
5769,u_204815,2026-03-29,account_created,free,0.0
5770,u_204816,2026-06-21,account_created,free,0.0
5771,u_204817,2026-04-06,account_created,free,0.0
5772,u_204818,2026-03-24,account_created,free,0.0
5773,u_204819,2026-05-16,account_created,free,0.0
5774,u_204820,2026-03-19,account_created,free,0.0
5775,u_204821,2026-05-26,account_created,free,0.0
5776,u_204821,2026-05-28,upgrade,pro_monthly,9.99
5777,u_204821,2026-06-17,cancellation,pro_monthly,0.0
5778,u_204822,2026-03-23,account_created,free,0.0
5779,u_204823,2026-04-20,account_created,free,0.0
5780,u_204824,2026-03-24,account_created,free,0.0
5781,u_204825,2026-05-27,account_created,free,0.0
5782,u_204826,2026-03-14,account_created,free,0.0
5783,u_204827,2026-05-06,account_created,free,0.0
5784,u_204828,2026-05-21,account_created,free,0.0
5785,u_204829,2026-04-16,account_created,free,0.0
5786,u_204830,2026-05-01,account_created,free,0.0
5787,u_204831,2026-05-09,account_created,free,0.0
5788,u_204832,2026-04-04,account_created,free,0.0
5789,u_204833,2026-05-22,account_created,free,0.0
5790,u_204834,2026-03-31,account_created,free,0.0
5791,u_204835,2026-04-21,account_created,free,0.0
5792,u_204835,2026-04-27,upgrade,pro_monthly,9.99
5793,u_204836,2026-04-11,account_created,free,0.0
5794,u_204837,2026-04-19,account_created,free,0.0
5795,u_204838,2026-03-20,account_created,free,0.0
5796,u_204839,2026-03-22,account_created,free,0.0
5797,u_204840,2026-05-27,account_created,free,0.0
5798,u_204841,2026-05-01,account_created,free,0.0
5799,u_204842,2026-03-06,account_created,free,0.0
5800,u_204843,2026-06-10,account_created,free,0.0
5801,u_204844,2026-05-14,account_created,free,0.0
5802,u_204844,2026-05-18,upgrade,pro_monthly,9.99
5803,u_204845,2026-06-07,account_created,free,0.0
5804,u_204846,2026-05-19,account_created,free,0.0
5805,u_204847,2026-04-21,account_created,free,0.0
5806,u_204847,2026-04-30,upgrade,pro_monthly,9.99
5807,u_204848,2026-04-05,account_created,free,0.0
5808,u_204849,2026-04-19,account_created,free,0.0
5809,u_204850,2026-04-27,account_created,free,0.0
5810,u_204851,2026-03-04,account_created,free,0.0
5811,u_204852,2026-05-22,account_created,free,0.0
5812,u_204853,2026-03-03,account_created,free,0.0
5813,u_204853,2026-03-07,upgrade,pro_monthly,9.99
5814,u_204853,2026-04-02,cancellation,pro_monthly,0.0
5815,u_204854,2026-03-16,account_created,free,0.0
5816,u_204855,2026-04-14,account_created,free,0.0
5817,u_204856,2026-05-23,account_created,free,0.0
5818,u_204857,2026-03-25,account_created,free,0.0
5819,u_204858,2026-06-03,account_created,free,0.0
5820,u_204859,2026-03-01,account_created,free,0.0
5821,u_204860,2026-05-02,account_created,free,0.0
5822,u_204860,2026-05-08,upgrade,pro_annual,79.99
5823,u_204860,2026-05-24,cancellation,pro_annual,0.0
5824,u_204861,2026-03-04,account_created,free,0.0
5825,u_204862,2026-06-17,account_created,free,0.0
5826,u_204863,2026-05-23,account_created,free,0.0
5827,u_204864,2026-06-05,account_created,free,0.0
5828,u_204865,2026-04-30,account_created,free,0.0
5829,u_204866,2026-04-15,account_created,free,0.0
5830,u_204867,2026-04-18,account_created,free,0.0
5831,u_204868,2026-03-23,account_created,free,0.0
5832,u_204869,2026-05-25,account_created,free,0.0
5833,u_204870,2026-04-05,account_created,free,0.0
5834,u_204871,2026-05-24,account_created,free,0.0
5835,u_204872,2026-05-17,account_created,free,0.0
5836,u_204873,2026-03-19,account_created,free,0.0
5837,u_204874,2026-05-09,account_created,free,0.0
5838,u_204874,2026-05-16,upgrade,pro_annual,79.99
5839,u_204875,2026-03-25,account_created,free,0.0
5840,u_204876,2026-04-21,account_created,free,0.0
5841,u_204877,2026-04-28,account_created,free,0.0
5842,u_204878,2026-03-17,account_created,free,0.0
5843,u_204879,2026-05-28,account_created,free,0.0
5844,u_204879,2026-06-06,upgrade,pro_monthly,9.99
5845,u_204880,2026-05-17,account_created,free,0.0
5846,u_204881,2026-06-11,account_created,free,0.0
5847,u_204881,2026-06-15,upgrade,pro_annual,79.99
5848,u_204882,2026-06-07,account_created,free,0.0
5849,u_204883,2026-04-19,account_created,free,0.0
5850,u_204884,2026-03-28,account_created,free,0.0
5851,u_204884,2026-04-03,upgrade,pro_monthly,9.99
5852,u_204885,2026-03-26,account_created,free,0.0
5853,u_204886,2026-03-11,account_created,free,0.0
5854,u_204887,2026-04-23,account_created,free,0.0
5855,u_204888,2026-03-12,account_created,free,0.0
5856,u_204889,2026-05-13,account_created,free,0.0
5857,u_204890,2026-04-19,account_created,free,0.0
5858,u_204891,2026-03-31,account_created,free,0.0
5859,u_204892,2026-03-02,account_created,free,0.0
5860,u_204893,2026-04-08,account_created,free,0.0
5861,u_204894,2026-03-14,account_created,free,0.0
5862,u_204894,2026-03-17,upgrade,pro_monthly,9.99
5863,u_204894,2026-05-03,cancellation,pro_monthly,0.0
5864,u_204895,2026-04-15,account_created,free,0.0
5865,u_204896,2026-06-19,account_created,free,0.0
5866,u_204897,2026-04-30,account_created,free,0.0
5867,u_204898,2026-05-23,account_created,free,0.0
5868,u_204899,2026-06-19,account_created,free,0.0
5869,u_204900,2026-05-15,account_created,free,0.0
5870,u_204900,2026-05-24,upgrade,pro_annual,79.99
5871,u_204901,2026-04-12,account_created,free,0.0
5872,u_204901,2026-04-16,upgrade,pro_monthly,9.99
5873,u_204902,2026-05-30,account_created,free,0.0
5874,u_204903,2026-04-16,account_created,free,0.0
5875,u_204904,2026-05-24,account_created,free,0.0
5876,u_204905,2026-06-01,account_created,free,0.0
5877,u_204906,2026-03-09,account_created,free,0.0
5878,u_204907,2026-05-21,account_created,free,0.0
5879,u_204908,2026-03-21,account_created,free,0.0
5880,u_204909,2026-05-02,account_created,free,0.0
5881,u_204910,2026-03-31,account_created,free,0.0
5882,u_204910,2026-04-09,upgrade,pro_annual,79.99
5883,u_204911,2026-06-07,account_created,free,0.0
5884,u_204912,2026-04-29,account_created,free,0.0
5885,u_204913,2026-05-27,account_created,free,0.0
5886,u_204914,2026-06-16,account_created,free,0.0
5887,u_204914,2026-06-25,upgrade,pro_annual,79.99
5888,u_204915,2026-06-09,account_created,free,0.0
5889,u_204916,2026-04-24,account_created,free,0.0
5890,u_204917,2026-04-24,account_created,free,0.0
5891,u_204918,2026-03-22,account_created,free,0.0
5892,u_204918,2026-03-26,upgrade,enterprise,299.0
5893,u_204918,2026-05-09,cancellation,enterprise,0.0
5894,u_204919,2026-06-04,account_created,free,0.0
5895,u_204920,2026-05-07,account_created,free,0.0
5896,u_204921,2026-04-07,account_created,free,0.0
5897,u_204922,2026-04-02,account_created,free,0.0
5898,u_204923,2026-06-14,account_created,free,0.0
5899,u_204923,2026-06-15,upgrade,pro_annual,79.99
5900,u_204924,2026-04-11,account_created,free,0.0
5901,u_204925,2026-05-14,account_created,free,0.0
5902,u_204926,2026-05-20,account_created,free,0.0
5903,u_204927,2026-04-11,account_created,free,0.0
5904,u_204928,2026-04-18,account_created,free,0.0
5905,u_204929,2026-03-23,account_created,free,0.0
5906,u_204930,2026-04-02,account_created,free,0.0
5907,u_204930,2026-04-10,upgrade,pro_monthly,9.99
5908,u_204931,2026-04-18,account_created,free,0.0
5909,u_204932,2026-03-31,account_created,free,0.0
5910,u_204933,2026-04-28,account_created,free,0.0
5911,u_204934,2026-05-26,account_created,free,0.0
5912,u_204935,2026-03-06,account_created,free,0.0
5913,u_204936,2026-06-11,account_created,free,0.0
5914,u_204937,2026-03-17,account_created,free,0.0
5915,u_204938,2026-04-13,account_created,free,0.0
5916,u_204939,2026-05-01,account_created,free,0.0
5917,u_204940,2026-03-16,account_created,free,0.0
5918,u_204940,2026-03-17,upgrade,pro_monthly,9.99
5919,u_204941,2026-03-27,account_created,free,0.0
5920,u_204942,2026-06-18,account_created,free,0.0
5921,u_204943,2026-04-02,account_created,free,0.0
5922,u_204944,2026-05-29,account_created,free,0.0
5923,u_204945,2026-05-23,account_created,free,0.0
5924,u_204945,2026-05-26,upgrade,pro_monthly,9.99
5925,u_204946,2026-03-19,account_created,free,0.0
5926,u_204947,2026-06-12,account_created,free,0.0
5927,u_204948,2026-06-05,account_created,free,0.0
5928,u_204949,2026-06-12,account_created,free,0.0
5929,u_204950,2026-03-29,account_created,free,0.0
5930,u_204951,2026-05-23,account_created,free,0.0
5931,u_204952,2026-04-22,account_created,free,0.0
5932,u_204952,2026-04-28,upgrade,pro_annual,79.99
5933,u_204953,2026-03-07,account_created,free,0.0
5934,u_204954,2026-04-08,account_created,free,0.0
5935,u_204955,2026-06-08,account_created,free,0.0
5936,u_204956,2026-04-26,account_created,free,0.0
5937,u_204957,2026-04-18,account_created,free,0.0
5938,u_204958,2026-06-12,account_created,free,0.0
5939,u_204959,2026-06-14,account_created,free,0.0
5940,u_204960,2026-05-24,account_created,free,0.0
5941,u_204961,2026-04-08,account_created,free,0.0
5942,u_204962,2026-05-30,account_created,free,0.0
5943,u_204963,2026-05-13,account_created,free,0.0
5944,u_204964,2026-06-18,account_created,free,0.0
5945,u_204964,2026-06-20,upgrade,pro_monthly,9.99
5946,u_204965,2026-05-10,account_created,free,0.0
5947,u_204966,2026-05-05,account_created,free,0.0
5948,u_204967,2026-03-14,account_created,free,0.0
5949,u_204968,2026-05-06,account_created,free,0.0
5950,u_204969,2026-05-18,account_created,free,0.0
5951,u_204970,2026-06-20,account_created,free,0.0
5952,u_204971,2026-05-21,account_created,free,0.0
5953,u_204971,2026-05-26,upgrade,pro_monthly,9.99
5954,u_204972,2026-03-06,account_created,free,0.0
5955,u_204973,2026-05-03,account_created,free,0.0
5956,u_204974,2026-06-12,account_created,free,0.0
5957,u_204975,2026-05-05,account_created,free,0.0
5958,u_204976,2026-06-17,account_created,free,0.0
5959,u_204976,2026-06-18,upgrade,pro_monthly,9.99
5960,u_204977,2026-06-03,account_created,free,0.0
5961,u_204977,2026-06-11,upgrade,pro_monthly,9.99
5962,u_204978,2026-05-29,account_created,free,0.0
5963,u_204979,2026-03-09,account_created,free,0.0
5964,u_204980,2026-03-17,account_created,free,0.0
5965,u_204981,2026-03-16,account_created,free,0.0
5966,u_204982,2026-03-01,account_created,free,0.0
5967,u_204983,2026-06-08,account_created,free,0.0
5968,u_204984,2026-06-01,account_created,free,0.0
5969,u_204985,2026-04-25,account_created,free,0.0
5970,u_204985,2026-04-30,upgrade,enterprise,299.0
5971,u_204986,2026-04-23,account_created,free,0.0
5972,u_204987,2026-05-20,account_created,free,0.0
5973,u_204988,2026-04-08,account_created,free,0.0
5974,u_204989,2026-05-26,account_created,free,0.0
5975,u_204990,2026-06-10,account_created,free,0.0
5976,u_204991,2026-06-02,account_created,free,0.0
5977,u_204992,2026-05-01,account_created,free,0.0
5978,u_204993,2026-04-27,account_created,free,0.0
5979,u_204994,2026-06-05,account_created,free,0.0
5980,u_204994,2026-06-09,upgrade,pro_monthly,9.99
5981,u_204995,2026-03-04,account_created,free,0.0
5982,u_204996,2026-03-09,account_created,free,0.0
5983,u_204997,2026-03-31,account_created,free,0.0
5984,u_204998,2026-04-24,account_created,free,0.0
5985,u_204999,2026-06-01,account_created,free,0.0
5986,u_205000,2026-03-09,account_created,free,0.0
5987,u_205001,2026-05-12,account_created,free,0.0
5988,u_205002,2026-04-14,account_created,free,0.0
5989,u_205003,2026-04-09,account_created,free,0.0
5990,u_205003,2026-04-15,upgrade,pro_monthly,9.99
5991,u_205003,2026-06-19,cancellation,pro_monthly,0.0
5992,u_205004,2026-05-20,account_created,free,0.0
5993,u_205005,2026-03-13,account_created,free,0.0
5994,u_205006,2026-03-30,account_created,free,0.0
5995,u_205007,2026-06-04,account_created,free,0.0
5996,u_205007,2026-06-05,upgrade,pro_monthly,9.99
5997,u_205008,2026-05-25,account_created,free,0.0
5998,u_205009,2026-03-02,account_created,free,0.0
5999,u_205009,2026-03-11,upgrade,pro_monthly,9.99
6000,u_205010,2026-05-15,account_created,free,0.0
6001,u_205011,2026-04-10,account_created,free,0.0
6002,u_205012,2026-03-17,account_created,free,0.0
6003,u_205013,2026-04-24,account_created,free,0.0
6004,u_205013,2026-04-25,upgrade,pro_monthly,9.99
6005,u_205014,2026-04-06,account_created,free,0.0
6006,u_205015,2026-03-23,account_created,free,0.0
6007,u_205015,2026-03-29,upgrade,pro_monthly,9.99
6008,u_205016,2026-06-13,account_created,free,0.0
6009,u_205017,2026-03-16,account_created,free,0.0
6010,u_205018,2026-04-11,account_created,free,0.0
6011,u_205019,2026-05-02,account_created,free,0.0
6012,u_205019,2026-05-11,upgrade,pro_monthly,9.99
6013,u_205020,2026-03-14,account_created,free,0.0
6014,u_205021,2026-03-18,account_created,free,0.0
6015,u_205022,2026-03-01,account_created,free,0.0
6016,u_205023,2026-03-20,account_created,free,0.0
6017,u_205024,2026-06-17,account_created,free,0.0
6018,u_205025,2026-04-09,account_created,free,0.0
6019,u_205026,2026-03-22,account_created,free,0.0
6020,u_205027,2026-05-23,account_created,free,0.0
6021,u_205028,2026-03-03,account_created,free,0.0
6022,u_205029,2026-04-20,account_created,free,0.0
6023,u_205030,2026-06-12,account_created,free,0.0
6024,u_205031,2026-03-30,account_created,free,0.0
6025,u_205032,2026-05-30,account_created,free,0.0
6026,u_205033,2026-06-05,account_created,free,0.0
6027,u_205034,2026-04-22,account_created,free,0.0
6028,u_205034,2026-05-01,upgrade,enterprise,299.0
6029,u_205035,2026-03-12,account_created,free,0.0
6030,u_205036,2026-05-18,account_created,free,0.0
6031,u_205037,2026-05-29,account_created,free,0.0
6032,u_205038,2026-06-07,account_created,free,0.0
6033,u_205039,2026-03-27,account_created,free,0.0
6034,u_205040,2026-03-10,account_created,free,0.0
6035,u_205041,2026-03-14,account_created,free,0.0
6036,u_205041,2026-03-21,upgrade,pro_monthly,9.99
6037,u_205042,2026-04-04,account_created,free,0.0
6038,u_205043,2026-05-28,account_created,free,0.0
6039,u_205044,2026-04-14,account_created,free,0.0
6040,u_205045,2026-05-27,account_created,free,0.0
6041,u_205045,2026-05-28,upgrade,pro_monthly,9.99
6042,u_205045,2026-06-21,cancellation,pro_monthly,0.0
6043,u_205046,2026-05-03,account_created,free,0.0
6044,u_205047,2026-06-03,account_created,free,0.0
6045,u_205048,2026-03-01,account_created,free,0.0
6046,u_205049,2026-03-17,account_created,free,0.0
6047,u_205050,2026-04-13,account_created,free,0.0
6048,u_205051,2026-03-04,account_created,free,0.0
6049,u_205051,2026-03-07,upgrade,pro_annual,79.99
6050,u_205052,2026-06-21,account_created,free,0.0
6051,u_205053,2026-04-30,account_created,free,0.0
6052,u_205054,2026-03-10,account_created,free,0.0
6053,u_205055,2026-04-25,account_created,free,0.0
6054,u_205056,2026-04-19,account_created,free,0.0
6055,u_205057,2026-06-15,account_created,free,0.0
6056,u_205057,2026-06-18,upgrade,pro_annual,79.99
6057,u_205058,2026-03-13,account_created,free,0.0
6058,u_205059,2026-05-22,account_created,free,0.0
6059,u_205060,2026-05-28,account_created,free,0.0
6060,u_205060,2026-06-03,upgrade,pro_monthly,9.99
6061,u_205061,2026-05-10,account_created,free,0.0
6062,u_205061,2026-05-15,upgrade,pro_monthly,9.99
6063,u_205062,2026-05-24,account_created,free,0.0
6064,u_205063,2026-03-27,account_created,free,0.0
6065,u_205064,2026-04-28,account_created,free,0.0
6066,u_205065,2026-04-20,account_created,free,0.0
6067,u_205066,2026-05-04,account_created,free,0.0
6068,u_205067,2026-04-23,account_created,free,0.0
6069,u_205067,2026-05-02,upgrade,pro_annual,79.99
6070,u_205068,2026-03-17,account_created,free,0.0
6071,u_205068,2026-03-24,upgrade,pro_monthly,9.99
6072,u_205068,2026-05-04,cancellation,pro_monthly,0.0
6073,u_205069,2026-05-18,account_created,free,0.0
6074,u_205070,2026-05-02,account_created,free,0.0
6075,u_205071,2026-03-13,account_created,free,0.0
6076,u_205072,2026-05-21,account_created,free,0.0
6077,u_205073,2026-05-08,account_created,free,0.0
6078,u_205074,2026-03-26,account_created,free,0.0
6079,u_205074,2026-03-30,upgrade,pro_monthly,9.99
6080,u_205075,2026-06-05,account_created,free,0.0
6081,u_205075,2026-06-06,upgrade,pro_annual,79.99
6082,u_205076,2026-03-13,account_created,free,0.0
6083,u_205077,2026-05-02,account_created,free,0.0
6084,u_205078,2026-06-19,account_created,free,0.0
6085,u_205079,2026-05-21,account_created,free,0.0
6086,u_205080,2026-05-09,account_created,free,0.0
6087,u_205081,2026-06-03,account_created,free,0.0
6088,u_205081,2026-06-08,upgrade,pro_annual,79.99
6089,u_205082,2026-05-01,account_created,free,0.0
6090,u_205083,2026-03-03,account_created,free,0.0
6091,u_205084,2026-04-18,account_created,free,0.0
6092,u_205085,2026-05-01,account_created,free,0.0
6093,u_205086,2026-04-10,account_created,free,0.0
6094,u_205087,2026-06-19,account_created,free,0.0
6095,u_205088,2026-05-27,account_created,free,0.0
6096,u_205089,2026-04-11,account_created,free,0.0
6097,u_205090,2026-06-14,account_created,free,0.0
6098,u_205091,2026-04-19,account_created,free,0.0
6099,u_205092,2026-03-30,account_created,free,0.0
6100,u_205093,2026-04-10,account_created,free,0.0
6101,u_205094,2026-03-02,account_created,free,0.0
6102,u_205095,2026-03-01,account_created,free,0.0
6103,u_205096,2026-05-11,account_created,free,0.0
6104,u_205096,2026-05-19,upgrade,enterprise,299.0
6105,u_205097,2026-05-14,account_created,free,0.0
6106,u_205098,2026-06-16,account_created,free,0.0
6107,u_205099,2026-04-23,account_created,free,0.0
6108,u_205100,2026-05-29,account_created,free,0.0
6109,u_205100,2026-06-03,upgrade,pro_monthly,9.99
6110,u_205101,2026-04-30,account_created,free,0.0
6111,u_205102,2026-03-28,account_created,free,0.0
6112,u_205103,2026-05-29,account_created,free,0.0
6113,u_205104,2026-04-23,account_created,free,0.0
6114,u_205105,2026-04-14,account_created,free,0.0
6115,u_205106,2026-06-07,account_created,free,0.0
6116,u_205107,2026-03-18,account_created,free,0.0
6117,u_205108,2026-06-05,account_created,free,0.0
6118,u_205109,2026-06-15,account_created,free,0.0
6119,u_205110,2026-03-13,account_created,free,0.0
6120,u_205110,2026-03-18,upgrade,pro_annual,79.99
6121,u_205111,2026-05-13,account_created,free,0.0
6122,u_205112,2026-06-12,account_created,free,0.0
6123,u_205112,2026-06-21,upgrade,pro_monthly,9.99
6124,u_205113,2026-06-04,account_created,free,0.0
6125,u_205114,2026-06-12,account_created,free,0.0
6126,u_205115,2026-05-28,account_created,free,0.0
6127,u_205115,2026-06-04,upgrade,pro_annual,79.99
6128,u_205116,2026-04-25,account_created,free,0.0
6129,u_205117,2026-04-01,account_created,free,0.0
6130,u_205118,2026-06-08,account_created,free,0.0
6131,u_205119,2026-06-01,account_created,free,0.0
6132,u_205120,2026-05-03,account_created,free,0.0
6133,u_205121,2026-05-17,account_created,free,0.0
6134,u_205122,2026-06-07,account_created,free,0.0
6135,u_205123,2026-05-21,account_created,free,0.0
6136,u_205124,2026-05-31,account_created,free,0.0
6137,u_205125,2026-04-22,account_created,free,0.0
6138,u_205126,2026-04-27,account_created,free,0.0
6139,u_205127,2026-03-04,account_created,free,0.0
6140,u_205128,2026-03-15,account_created,free,0.0
6141,u_205129,2026-06-16,account_created,free,0.0
6142,u_205129,2026-06-20,upgrade,pro_monthly,9.99
6143,u_205130,2026-04-28,account_created,free,0.0
6144,u_205131,2026-04-21,account_created,free,0.0
6145,u_205132,2026-03-21,account_created,free,0.0
6146,u_205132,2026-03-22,upgrade,pro_annual,79.99
6147,u_205133,2026-03-15,account_created,free,0.0
6148,u_205133,2026-03-23,upgrade,pro_monthly,9.99
6149,u_205134,2026-05-27,account_created,free,0.0
6150,u_205135,2026-03-23,account_created,free,0.0
6151,u_205136,2026-04-25,account_created,free,0.0
6152,u_205137,2026-04-26,account_created,free,0.0
6153,u_205138,2026-03-01,account_created,free,0.0
6154,u_205138,2026-03-09,upgrade,pro_annual,79.99
6155,u_205139,2026-03-16,account_created,free,0.0
6156,u_205140,2026-05-14,account_created,free,0.0
6157,u_205141,2026-05-21,account_created,free,0.0
6158,u_205142,2026-04-22,account_created,free,0.0
6159,u_205143,2026-05-06,account_created,free,0.0
6160,u_205144,2026-04-08,account_created,free,0.0
6161,u_205144,2026-04-09,upgrade,pro_monthly,9.99
6162,u_205145,2026-04-12,account_created,free,0.0
6163,u_205146,2026-05-18,account_created,free,0.0
6164,u_205147,2026-04-04,account_created,free,0.0
6165,u_205148,2026-04-19,account_created,free,0.0
6166,u_205149,2026-04-29,account_created,free,0.0
6167,u_205150,2026-06-21,account_created,free,0.0
6168,u_205151,2026-03-10,account_created,free,0.0
6169,u_205152,2026-04-25,account_created,free,0.0
6170,u_205153,2026-05-15,account_created,free,0.0
6171,u_205154,2026-05-29,account_created,free,0.0
6172,u_205155,2026-03-22,account_created,free,0.0
6173,u_205156,2026-04-18,account_created,free,0.0
6174,u_205157,2026-05-09,account_created,free,0.0
6175,u_205158,2026-04-01,account_created,free,0.0
6176,u_205158,2026-04-08,upgrade,pro_monthly,9.99
6177,u_205158,2026-05-03,cancellation,pro_monthly,0.0
6178,u_205159,2026-04-10,account_created,free,0.0
6179,u_205159,2026-04-11,upgrade,pro_monthly,9.99
6180,u_205160,2026-03-25,account_created,free,0.0
6181,u_205161,2026-05-04,account_created,free,0.0
6182,u_205162,2026-03-16,account_created,free,0.0
6183,u_205163,2026-03-24,account_created,free,0.0
6184,u_205164,2026-04-19,account_created,free,0.0
6185,u_205165,2026-04-11,account_created,free,0.0
6186,u_205166,2026-05-03,account_created,free,0.0
6187,u_205167,2026-06-13,account_created,free,0.0
6188,u_205168,2026-06-19,account_created,free,0.0
6189,u_205169,2026-05-16,account_created,free,0.0
6190,u_205170,2026-05-28,account_created,free,0.0
6191,u_205171,2026-03-07,account_created,free,0.0
6192,u_205171,2026-03-10,upgrade,pro_monthly,9.99
6193,u_205171,2026-04-21,cancellation,pro_monthly,0.0
6194,u_205172,2026-06-08,account_created,free,0.0
6195,u_205173,2026-03-25,account_created,free,0.0
6196,u_205174,2026-04-15,account_created,free,0.0
6197,u_205175,2026-05-09,account_created,free,0.0
6198,u_205176,2026-05-14,account_created,free,0.0
6199,u_205177,2026-04-24,account_created,free,0.0
6200,u_205178,2026-03-05,account_created,free,0.0
6201,u_205179,2026-06-15,account_created,free,0.0
6202,u_205180,2026-03-31,account_created,free,0.0
6203,u_205181,2026-06-03,account_created,free,0.0
6204,u_205182,2026-05-11,account_created,free,0.0
6205,u_205182,2026-05-17,upgrade,pro_monthly,9.99
6206,u_205183,2026-05-20,account_created,free,0.0
6207,u_205184,2026-06-11,account_created,free,0.0
6208,u_205184,2026-06-13,upgrade,pro_monthly,9.99
6209,u_205185,2026-06-07,account_created,free,0.0
6210,u_205186,2026-04-30,account_created,free,0.0
6211,u_205187,2026-04-09,account_created,free,0.0
6212,u_205188,2026-03-08,account_created,free,0.0
6213,u_205188,2026-03-16,upgrade,pro_annual,79.99
6214,u_205189,2026-06-11,account_created,free,0.0
6215,u_205190,2026-05-31,account_created,free,0.0
6216,u_205191,2026-05-20,account_created,free,0.0
6217,u_205192,2026-04-23,account_created,free,0.0
6218,u_205193,2026-04-30,account_created,free,0.0
6219,u_205194,2026-06-16,account_created,free,0.0
6220,u_205195,2026-06-01,account_created,free,0.0
6221,u_205196,2026-05-07,account_created,free,0.0
6222,u_205197,2026-03-07,account_created,free,0.0
6223,u_205197,2026-03-16,upgrade,pro_monthly,9.99
6224,u_205198,2026-05-17,account_created,free,0.0
6225,u_205199,2026-06-05,account_created,free,0.0
6226,u_205200,2026-03-11,account_created,free,0.0
6227,u_205201,2026-05-16,account_created,free,0.0
6228,u_205202,2026-06-12,account_created,free,0.0
6229,u_205203,2026-06-14,account_created,free,0.0
6230,u_205204,2026-03-20,account_created,free,0.0
6231,u_205205,2026-03-26,account_created,free,0.0
6232,u_205206,2026-05-21,account_created,free,0.0
6233,u_205207,2026-04-04,account_created,free,0.0
6234,u_205207,2026-04-05,upgrade,pro_monthly,9.99
6235,u_205207,2026-05-13,cancellation,pro_monthly,0.0
6236,u_205208,2026-03-14,account_created,free,0.0
6237,u_205209,2026-03-21,account_created,free,0.0
6238,u_205210,2026-04-29,account_created,free,0.0
6239,u_205211,2026-05-12,account_created,free,0.0
6240,u_205212,2026-04-09,account_created,free,0.0
6241,u_205213,2026-04-21,account_created,free,0.0
6242,u_205214,2026-03-15,account_created,free,0.0
6243,u_205215,2026-05-19,account_created,free,0.0
6244,u_205216,2026-05-10,account_created,free,0.0
6245,u_205217,2026-03-15,account_created,free,0.0
6246,u_205218,2026-06-15,account_created,free,0.0
6247,u_205219,2026-06-06,account_created,free,0.0
6248,u_205220,2026-03-05,account_created,free,0.0
6249,u_205221,2026-05-07,account_created,free,0.0
6250,u_205222,2026-04-13,account_created,free,0.0
6251,u_205223,2026-06-19,account_created,free,0.0
6252,u_205223,2026-06-23,upgrade,pro_monthly,9.99
6253,u_205224,2026-06-05,account_created,free,0.0
6254,u_205225,2026-06-13,account_created,free,0.0
6255,u_205226,2026-06-20,account_created,free,0.0
6256,u_205227,2026-05-08,account_created,free,0.0
6257,u_205228,2026-03-06,account_created,free,0.0
6258,u_205229,2026-05-24,account_created,free,0.0
6259,u_205230,2026-06-06,account_created,free,0.0
6260,u_205231,2026-04-24,account_created,free,0.0
6261,u_205232,2026-05-13,account_created,free,0.0
6262,u_205233,2026-04-15,account_created,free,0.0
6263,u_205233,2026-04-20,upgrade,pro_monthly,9.99
6264,u_205234,2026-03-04,account_created,free,0.0
6265,u_205235,2026-04-27,account_created,free,0.0
6266,u_205235,2026-05-03,upgrade,enterprise,299.0
6267,u_205236,2026-05-16,account_created,free,0.0
6268,u_205237,2026-04-18,account_created,free,0.0
6269,u_205237,2026-04-23,upgrade,pro_annual,79.99
6270,u_205238,2026-03-17,account_created,free,0.0
6271,u_205238,2026-03-26,upgrade,pro_monthly,9.99
6272,u_205239,2026-03-15,account_created,free,0.0
6273,u_205239,2026-03-21,upgrade,pro_monthly,9.99
6274,u_205239,2026-05-06,cancellation,pro_monthly,0.0
6275,u_205240,2026-06-01,account_created,free,0.0
6276,u_205241,2026-05-15,account_created,free,0.0
6277,u_205242,2026-06-14,account_created,free,0.0
6278,u_205243,2026-05-01,account_created,free,0.0
6279,u_205244,2026-04-10,account_created,free,0.0
6280,u_205245,2026-03-21,account_created,free,0.0
6281,u_205245,2026-03-28,upgrade,pro_annual,79.99
6282,u_205246,2026-06-07,account_created,free,0.0
6283,u_205247,2026-06-15,account_created,free,0.0
6284,u_205248,2026-06-18,account_created,free,0.0
6285,u_205249,2026-05-27,account_created,free,0.0
6286,u_205250,2026-04-29,account_created,free,0.0
6287,u_205251,2026-04-09,account_created,free,0.0
6288,u_205252,2026-04-06,account_created,free,0.0
6289,u_205253,2026-06-02,account_created,free,0.0
6290,u_205253,2026-06-07,upgrade,pro_annual,79.99
6291,u_205254,2026-05-18,account_created,free,0.0
6292,u_205255,2026-03-11,account_created,free,0.0
6293,u_205256,2026-06-16,account_created,free,0.0
6294,u_205257,2026-03-13,account_created,free,0.0
6295,u_205258,2026-03-20,account_created,free,0.0
6296,u_205259,2026-05-04,account_created,free,0.0
6297,u_205260,2026-03-21,account_created,free,0.0
6298,u_205261,2026-05-20,account_created,free,0.0
6299,u_205262,2026-06-14,account_created,free,0.0
6300,u_205263,2026-05-03,account_created,free,0.0
6301,u_205264,2026-03-04,account_created,free,0.0
6302,u_205265,2026-05-01,account_created,free,0.0
6303,u_205266,2026-03-15,account_created,free,0.0
6304,u_205267,2026-06-18,account_created,free,0.0
6305,u_205268,2026-06-21,account_created,free,0.0
6306,u_205269,2026-05-17,account_created,free,0.0
6307,u_205270,2026-05-25,account_created,free,0.0
6308,u_205270,2026-05-27,upgrade,pro_annual,79.99
6309,u_205271,2026-05-10,account_created,free,0.0
6310,u_205272,2026-03-16,account_created,free,0.0
6311,u_205272,2026-03-19,upgrade,pro_annual,79.99
6312,u_205273,2026-04-19,account_created,free,0.0
6313,u_205274,2026-05-27,account_created,free,0.0
6314,u_205275,2026-03-22,account_created,free,0.0
6315,u_205276,2026-06-17,account_created,free,0.0
6316,u_205277,2026-04-28,account_created,free,0.0
6317,u_205278,2026-05-24,account_created,free,0.0
6318,u_205279,2026-05-05,account_created,free,0.0
6319,u_205280,2026-04-11,account_created,free,0.0
6320,u_205281,2026-04-15,account_created,free,0.0
6321,u_205282,2026-06-18,account_created,free,0.0
6322,u_205282,2026-06-23,upgrade,pro_monthly,9.99
6323,u_205283,2026-06-06,account_created,free,0.0
6324,u_205284,2026-04-11,account_created,free,0.0
6325,u_205285,2026-06-04,account_created,free,0.0
6326,u_205286,2026-05-08,account_created,free,0.0
6327,u_205287,2026-06-18,account_created,free,0.0
6328,u_205288,2026-04-20,account_created,free,0.0
6329,u_205289,2026-03-12,account_created,free,0.0
6330,u_205289,2026-03-19,upgrade,pro_monthly,9.99
6331,u_205289,2026-04-23,cancellation,pro_monthly,0.0
6332,u_205290,2026-04-01,account_created,free,0.0
6333,u_205291,2026-05-30,account_created,free,0.0
6334,u_205292,2026-03-23,account_created,free,0.0
6335,u_205293,2026-05-21,account_created,free,0.0
6336,u_205294,2026-03-11,account_created,free,0.0
6337,u_205295,2026-06-18,account_created,free,0.0
6338,u_205296,2026-05-13,account_created,free,0.0
6339,u_205297,2026-03-19,account_created,free,0.0
6340,u_205297,2026-03-20,upgrade,pro_annual,79.99
6341,u_205298,2026-03-24,account_created,free,0.0
6342,u_205299,2026-05-28,account_created,free,0.0
6343,u_205300,2026-03-24,account_created,free,0.0
6344,u_205300,2026-03-31,upgrade,pro_monthly,9.99
6345,u_205301,2026-05-05,account_created,free,0.0
6346,u_205301,2026-05-11,upgrade,pro_annual,79.99
6347,u_205302,2026-06-01,account_created,free,0.0
6348,u_205303,2026-05-10,account_created,free,0.0
6349,u_205304,2026-04-09,account_created,free,0.0
6350,u_205305,2026-03-03,account_created,free,0.0
6351,u_205306,2026-04-08,account_created,free,0.0
6352,u_205307,2026-05-13,account_created,free,0.0
6353,u_205308,2026-05-14,account_created,free,0.0
6354,u_205309,2026-04-03,account_created,free,0.0
6355,u_205310,2026-06-16,account_created,free,0.0
6356,u_205311,2026-03-29,account_created,free,0.0
6357,u_205312,2026-03-22,account_created,free,0.0
6358,u_205313,2026-05-13,account_created,free,0.0
6359,u_205314,2026-03-05,account_created,free,0.0
6360,u_205315,2026-03-02,account_created,free,0.0
6361,u_205315,2026-03-04,upgrade,pro_annual,79.99
6362,u_205316,2026-03-19,account_created,free,0.0
6363,u_205317,2026-03-06,account_created,free,0.0
6364,u_205318,2026-03-30,account_created,free,0.0
6365,u_205319,2026-03-18,account_created,free,0.0
6366,u_205320,2026-05-21,account_created,free,0.0
6367,u_205321,2026-03-25,account_created,free,0.0
6368,u_205322,2026-05-20,account_created,free,0.0
6369,u_205323,2026-04-22,account_created,free,0.0
6370,u_205324,2026-03-01,account_created,free,0.0
6371,u_205325,2026-06-12,account_created,free,0.0
6372,u_205326,2026-03-19,account_created,free,0.0
6373,u_205327,2026-06-06,account_created,free,0.0
6374,u_205328,2026-05-27,account_created,free,0.0
6375,u_205329,2026-05-26,account_created,free,0.0
6376,u_205330,2026-04-18,account_created,free,0.0
6377,u_205331,2026-03-24,account_created,free,0.0
6378,u_205332,2026-03-19,account_created,free,0.0
6379,u_205333,2026-05-18,account_created,free,0.0
6380,u_205334,2026-05-19,account_created,free,0.0
6381,u_205335,2026-04-08,account_created,free,0.0
6382,u_205336,2026-04-08,account_created,free,0.0
6383,u_205337,2026-04-05,account_created,free,0.0
6384,u_205338,2026-03-18,account_created,free,0.0
6385,u_205339,2026-03-21,account_created,free,0.0
6386,u_205340,2026-04-11,account_created,free,0.0
6387,u_205341,2026-04-20,account_created,free,0.0
6388,u_205342,2026-04-06,account_created,free,0.0
6389,u_205342,2026-04-13,upgrade,pro_annual,79.99
6390,u_205343,2026-03-03,account_created,free,0.0
6391,u_205344,2026-06-19,account_created,free,0.0
6392,u_205345,2026-04-05,account_created,free,0.0
6393,u_205346,2026-03-08,account_created,free,0.0
6394,u_205347,2026-03-04,account_created,free,0.0
6395,u_205348,2026-05-20,account_created,free,0.0
6396,u_205349,2026-03-24,account_created,free,0.0
6397,u_205350,2026-05-25,account_created,free,0.0
6398,u_205351,2026-03-23,account_created,free,0.0
6399,u_205352,2026-06-04,account_created,free,0.0
6400,u_205352,2026-06-07,upgrade,pro_annual,79.99
6401,u_205353,2026-05-05,account_created,free,0.0
6402,u_205354,2026-06-17,account_created,free,0.0
6403,u_205355,2026-03-19,account_created,free,0.0
6404,u_205356,2026-04-21,account_created,free,0.0
6405,u_205357,2026-04-22,account_created,free,0.0
6406,u_205358,2026-05-16,account_created,free,0.0
6407,u_205359,2026-05-30,account_created,free,0.0
6408,u_205360,2026-06-12,account_created,free,0.0
6409,u_205361,2026-04-28,account_created,free,0.0
6410,u_205362,2026-06-16,account_created,free,0.0
6411,u_205363,2026-03-05,account_created,free,0.0
6412,u_205364,2026-05-04,account_created,free,0.0
6413,u_205365,2026-04-11,account_created,free,0.0
6414,u_205365,2026-04-18,upgrade,pro_monthly,9.99
6415,u_205366,2026-05-15,account_created,free,0.0
6416,u_205367,2026-04-25,account_created,free,0.0
6417,u_205368,2026-06-14,account_created,free,0.0
6418,u_205369,2026-04-24,account_created,free,0.0
6419,u_205370,2026-05-14,account_created,free,0.0
6420,u_205371,2026-05-03,account_created,free,0.0
6421,u_205372,2026-05-16,account_created,free,0.0
6422,u_205373,2026-04-28,account_created,free,0.0
6423,u_205374,2026-06-11,account_created,free,0.0
6424,u_205375,2026-03-31,account_created,free,0.0
6425,u_205376,2026-06-15,account_created,free,0.0
6426,u_205377,2026-06-17,account_created,free,0.0
6427,u_205378,2026-03-11,account_created,free,0.0
6428,u_205379,2026-05-07,account_created,free,0.0
6429,u_205380,2026-04-22,account_created,free,0.0
6430,u_205381,2026-05-22,account_created,free,0.0
6431,u_205382,2026-06-08,account_created,free,0.0
6432,u_205383,2026-03-27,account_created,free,0.0
6433,u_205384,2026-06-19,account_created,free,0.0
6434,u_205385,2026-04-22,account_created,free,0.0
6435,u_205386,2026-05-01,account_created,free,0.0
6436,u_205387,2026-06-15,account_created,free,0.0
6437,u_205388,2026-06-18,account_created,free,0.0
6438,u_205389,2026-03-12,account_created,free,0.0
6439,u_205390,2026-06-17,account_created,free,0.0
6440,u_205391,2026-04-22,account_created,free,0.0
6441,u_205392,2026-06-01,account_created,free,0.0
6442,u_205393,2026-06-12,account_created,free,0.0
6443,u_205394,2026-04-28,account_created,free,0.0
6444,u_205395,2026-05-31,account_created,free,0.0
6445,u_205396,2026-04-18,account_created,free,0.0
6446,u_205397,2026-04-05,account_created,free,0.0
6447,u_205397,2026-04-07,upgrade,pro_monthly,9.99
6448,u_205398,2026-04-22,account_created,free,0.0
6449,u_205399,2026-03-30,account_created,free,0.0
6450,u_205400,2026-05-29,account_created,free,0.0
6451,u_205401,2026-05-19,account_created,free,0.0
6452,u_205402,2026-04-13,account_created,free,0.0
6453,u_205403,2026-06-19,account_created,free,0.0
6454,u_205403,2026-06-25,upgrade,pro_monthly,9.99
6455,u_205404,2026-06-17,account_created,free,0.0
6456,u_205405,2026-03-11,account_created,free,0.0
6457,u_205406,2026-03-25,account_created,free,0.0
6458,u_205407,2026-03-03,account_created,free,0.0
6459,u_205408,2026-03-20,account_created,free,0.0
6460,u_205408,2026-03-27,upgrade,pro_monthly,9.99
6461,u_205409,2026-05-07,account_created,free,0.0
6462,u_205409,2026-05-13,upgrade,enterprise,299.0
6463,u_205410,2026-04-20,account_created,free,0.0
6464,u_205411,2026-04-17,account_created,free,0.0
6465,u_205412,2026-05-24,account_created,free,0.0
6466,u_205412,2026-05-27,upgrade,pro_monthly,9.99
6467,u_205413,2026-05-16,account_created,free,0.0
6468,u_205414,2026-03-06,account_created,free,0.0
6469,u_205415,2026-05-24,account_created,free,0.0
6470,u_205416,2026-03-17,account_created,free,0.0
6471,u_205416,2026-03-21,upgrade,pro_monthly,9.99
6472,u_205417,2026-03-27,account_created,free,0.0
6473,u_205418,2026-06-03,account_created,free,0.0
6474,u_205419,2026-03-31,account_created,free,0.0
6475,u_205420,2026-05-07,account_created,free,0.0
6476,u_205421,2026-04-25,account_created,free,0.0
6477,u_205422,2026-04-29,account_created,free,0.0
6478,u_205422,2026-04-30,upgrade,enterprise,299.0
6479,u_205422,2026-06-09,cancellation,enterprise,0.0
6480,u_205423,2026-04-24,account_created,free,0.0
6481,u_205424,2026-03-18,account_created,free,0.0
6482,u_205425,2026-05-23,account_created,free,0.0
6483,u_205426,2026-04-05,account_created,free,0.0
6484,u_205426,2026-04-14,upgrade,pro_monthly,9.99
6485,u_205427,2026-03-09,account_created,free,0.0
6486,u_205428,2026-05-31,account_created,free,0.0
6487,u_205429,2026-03-06,account_created,free,0.0
6488,u_205430,2026-05-02,account_created,free,0.0
6489,u_205431,2026-04-04,account_created,free,0.0
6490,u_205432,2026-03-09,account_created,free,0.0
6491,u_205433,2026-06-14,account_created,free,0.0
6492,u_205434,2026-03-29,account_created,free,0.0
6493,u_205435,2026-03-10,account_created,free,0.0
6494,u_205436,2026-03-27,account_created,free,0.0
6495,u_205437,2026-04-18,account_created,free,0.0
6496,u_205438,2026-03-06,account_created,free,0.0
6497,u_205439,2026-05-23,account_created,free,0.0
6498,u_205440,2026-03-15,account_created,free,0.0
6499,u_205441,2026-04-21,account_created,free,0.0
6500,u_205442,2026-05-31,account_created,free,0.0
6501,u_205443,2026-03-17,account_created,free,0.0
6502,u_205444,2026-04-08,account_created,free,0.0
6503,u_205445,2026-05-12,account_created,free,0.0
6504,u_205446,2026-05-14,account_created,free,0.0
6505,u_205447,2026-04-13,account_created,free,0.0
6506,u_205448,2026-06-20,account_created,free,0.0
6507,u_205449,2026-03-21,account_created,free,0.0
6508,u_205450,2026-06-13,account_created,free,0.0
6509,u_205451,2026-05-12,account_created,free,0.0
6510,u_205452,2026-03-06,account_created,free,0.0
6511,u_205453,2026-03-09,account_created,free,0.0
6512,u_205453,2026-03-18,upgrade,pro_annual,79.99
6513,u_205454,2026-03-27,account_created,free,0.0
6514,u_205455,2026-05-30,account_created,free,0.0
6515,u_205455,2026-06-06,upgrade,pro_annual,79.99
6516,u_205456,2026-04-23,account_created,free,0.0
6517,u_205456,2026-04-27,upgrade,pro_monthly,9.99
6518,u_205457,2026-05-16,account_created,free,0.0
6519,u_205458,2026-05-22,account_created,free,0.0
6520,u_205459,2026-03-25,account_created,free,0.0
6521,u_205460,2026-04-01,account_created,free,0.0
6522,u_205461,2026-05-14,account_created,free,0.0
6523,u_205462,2026-03-01,account_created,free,0.0
6524,u_205463,2026-05-14,account_created,free,0.0
6525,u_205464,2026-05-24,account_created,free,0.0
6526,u_205465,2026-03-19,account_created,free,0.0
6527,u_205466,2026-03-27,account_created,free,0.0
6528,u_205466,2026-04-02,upgrade,pro_monthly,9.99
6529,u_205467,2026-04-11,account_created,free,0.0
6530,u_205468,2026-06-05,account_created,free,0.0
6531,u_205469,2026-05-20,account_created,free,0.0
6532,u_205470,2026-05-13,account_created,free,0.0
6533,u_205471,2026-04-10,account_created,free,0.0
6534,u_205472,2026-06-11,account_created,free,0.0
6535,u_205473,2026-06-14,account_created,free,0.0
6536,u_205474,2026-06-13,account_created,free,0.0
6537,u_205475,2026-04-05,account_created,free,0.0
6538,u_205476,2026-04-30,account_created,free,0.0
6539,u_205477,2026-03-23,account_created,free,0.0
6540,u_205477,2026-03-29,upgrade,pro_annual,79.99
6541,u_205477,2026-05-05,cancellation,pro_annual,0.0
6542,u_205478,2026-05-08,account_created,free,0.0
6543,u_205479,2026-06-20,account_created,free,0.0
6544,u_205480,2026-04-08,account_created,free,0.0
6545,u_205481,2026-03-28,account_created,free,0.0
6546,u_205482,2026-03-15,account_created,free,0.0
6547,u_205482,2026-03-18,upgrade,pro_annual,79.99
6548,u_205483,2026-06-01,account_created,free,0.0
6549,u_205484,2026-03-07,account_created,free,0.0
6550,u_205485,2026-03-23,account_created,free,0.0
6551,u_205485,2026-04-01,upgrade,pro_monthly,9.99
6552,u_205486,2026-03-14,account_created,free,0.0
6553,u_205486,2026-03-17,upgrade,pro_monthly,9.99
6554,u_205487,2026-03-02,account_created,free,0.0
6555,u_205488,2026-03-04,account_created,free,0.0
6556,u_205489,2026-05-27,account_created,free,0.0
6557,u_205490,2026-06-10,account_created,free,0.0
6558,u_205491,2026-05-28,account_created,free,0.0
6559,u_205492,2026-03-14,account_created,free,0.0
6560,u_205493,2026-05-31,account_created,free,0.0
6561,u_205493,2026-06-03,upgrade,pro_monthly,9.99
6562,u_205494,2026-06-15,account_created,free,0.0
6563,u_205495,2026-05-31,account_created,free,0.0
6564,u_205496,2026-03-01,account_created,free,0.0
6565,u_205496,2026-03-09,upgrade,pro_monthly,9.99
6566,u_205497,2026-03-28,account_created,free,0.0
6567,u_205498,2026-04-07,account_created,free,0.0
6568,u_205499,2026-04-23,account_created,free,0.0
6569,u_205500,2026-05-17,account_created,free,0.0
6570,u_205500,2026-05-25,upgrade,pro_monthly,9.99
6571,u_205501,2026-03-03,account_created,free,0.0
6572,u_205502,2026-03-20,account_created,free,0.0
6573,u_205502,2026-03-29,upgrade,pro_annual,79.99
6574,u_205503,2026-04-18,account_created,free,0.0
6575,u_205504,2026-05-21,account_created,free,0.0
6576,u_205505,2026-06-10,account_created,free,0.0
6577,u_205506,2026-04-09,account_created,free,0.0
6578,u_205507,2026-06-14,account_created,free,0.0
6579,u_205508,2026-03-19,account_created,free,0.0
6580,u_205509,2026-05-24,account_created,free,0.0
6581,u_205510,2026-05-06,account_created,free,0.0
6582,u_205510,2026-05-12,upgrade,pro_monthly,9.99
6583,u_205511,2026-05-06,account_created,free,0.0
6584,u_205512,2026-03-12,account_created,free,0.0
6585,u_205513,2026-04-02,account_created,free,0.0
6586,u_205514,2026-06-16,account_created,free,0.0
6587,u_205515,2026-04-17,account_created,free,0.0
6588,u_205516,2026-03-21,account_created,free,0.0
6589,u_205516,2026-03-22,upgrade,pro_annual,79.99
6590,u_205517,2026-05-18,account_created,free,0.0
6591,u_205518,2026-05-12,account_created,free,0.0
6592,u_205518,2026-05-13,upgrade,pro_annual,79.99
6593,u_205519,2026-03-01,account_created,free,0.0
6594,u_205520,2026-04-20,account_created,free,0.0
6595,u_205521,2026-05-12,account_created,free,0.0
6596,u_205522,2026-05-27,account_created,free,0.0
6597,u_205523,2026-05-19,account_created,free,0.0
6598,u_205523,2026-05-23,upgrade,pro_monthly,9.99
6599,u_205524,2026-05-27,account_created,free,0.0
6600,u_205525,2026-05-14,account_created,free,0.0
6601,u_205526,2026-03-25,account_created,free,0.0
6602,u_205527,2026-03-14,account_created,free,0.0
6603,u_205528,2026-03-20,account_created,free,0.0
6604,u_205529,2026-05-24,account_created,free,0.0
6605,u_205530,2026-03-02,account_created,free,0.0
6606,u_205531,2026-05-03,account_created,free,0.0
6607,u_205532,2026-04-13,account_created,free,0.0
6608,u_205533,2026-03-08,account_created,free,0.0
6609,u_205534,2026-05-11,account_created,free,0.0
6610,u_205534,2026-05-18,upgrade,pro_monthly,9.99
6611,u_205534,2026-06-25,cancellation,pro_monthly,0.0
6612,u_205535,2026-03-06,account_created,free,0.0
6613,u_205535,2026-03-15,upgrade,pro_monthly,9.99
6614,u_205536,2026-04-21,account_created,free,0.0
6615,u_205537,2026-06-11,account_created,free,0.0
6616,u_205538,2026-03-28,account_created,free,0.0
6617,u_205539,2026-06-12,account_created,free,0.0
6618,u_205539,2026-06-13,upgrade,pro_monthly,9.99
6619,u_205540,2026-03-26,account_created,free,0.0
6620,u_205541,2026-03-06,account_created,free,0.0
6621,u_205542,2026-03-28,account_created,free,0.0
6622,u_205542,2026-04-06,upgrade,pro_annual,79.99
6623,u_205543,2026-03-10,account_created,free,0.0
6624,u_205543,2026-03-15,upgrade,pro_annual,79.99
6625,u_205544,2026-04-09,account_created,free,0.0
6626,u_205545,2026-05-22,account_created,free,0.0
6627,u_205546,2026-03-04,account_created,free,0.0
6628,u_205547,2026-05-03,account_created,free,0.0
6629,u_205548,2026-05-28,account_created,free,0.0
6630,u_205549,2026-05-17,account_created,free,0.0
6631,u_205550,2026-03-16,account_created,free,0.0
6632,u_205551,2026-04-11,account_created,free,0.0
6633,u_205552,2026-03-17,account_created,free,0.0
6634,u_205553,2026-03-29,account_created,free,0.0
6635,u_205554,2026-03-26,account_created,free,0.0
6636,u_205555,2026-04-26,account_created,free,0.0
6637,u_205556,2026-04-22,account_created,free,0.0
6638,u_205557,2026-05-12,account_created,free,0.0
6639,u_205558,2026-03-03,account_created,free,0.0
6640,u_205559,2026-06-09,account_created,free,0.0
6641,u_205560,2026-06-21,account_created,free,0.0
6642,u_205561,2026-04-23,account_created,free,0.0
6643,u_205562,2026-04-29,account_created,free,0.0
6644,u_205563,2026-04-06,account_created,free,0.0
6645,u_205563,2026-04-08,upgrade,pro_monthly,9.99
6646,u_205564,2026-06-11,account_created,free,0.0
6647,u_205564,2026-06-12,upgrade,pro_monthly,9.99
6648,u_205565,2026-03-30,account_created,free,0.0
6649,u_205565,2026-04-06,upgrade,pro_annual,79.99
6650,u_205566,2026-03-11,account_created,free,0.0
6651,u_205567,2026-04-18,account_created,free,0.0
6652,u_205568,2026-03-11,account_created,free,0.0
6653,u_205569,2026-03-04,account_created,free,0.0
6654,u_205570,2026-06-15,account_created,free,0.0
6655,u_205571,2026-03-13,account_created,free,0.0
6656,u_205572,2026-06-15,account_created,free,0.0
6657,u_205573,2026-03-15,account_created,free,0.0
6658,u_205574,2026-04-08,account_created,free,0.0
6659,u_205575,2026-06-10,account_created,free,0.0
6660,u_205576,2026-03-24,account_created,free,0.0
6661,u_205577,2026-06-12,account_created,free,0.0
6662,u_205577,2026-06-17,upgrade,pro_annual,79.99
6663,u_205578,2026-04-23,account_created,free,0.0
6664,u_205579,2026-04-25,account_created,free,0.0
6665,u_205579,2026-04-27,upgrade,pro_annual,79.99
6666,u_205580,2026-04-18,account_created,free,0.0
6667,u_205581,2026-05-09,account_created,free,0.0
6668,u_205582,2026-05-02,account_created,free,0.0
6669,u_205583,2026-06-13,account_created,free,0.0
6670,u_205584,2026-03-26,account_created,free,0.0
6671,u_205584,2026-03-28,upgrade,pro_annual,79.99
6672,u_205585,2026-03-28,account_created,free,0.0
6673,u_205585,2026-04-04,upgrade,pro_monthly,9.99
6674,u_205586,2026-05-12,account_created,free,0.0
6675,u_205587,2026-06-15,account_created,free,0.0
6676,u_205587,2026-06-17,upgrade,pro_annual,79.99
6677,u_205588,2026-03-14,account_created,free,0.0
6678,u_205589,2026-03-10,account_created,free,0.0
6679,u_205590,2026-05-12,account_created,free,0.0
6680,u_205591,2026-03-31,account_created,free,0.0
6681,u_205592,2026-04-20,account_created,free,0.0
6682,u_205593,2026-03-25,account_created,free,0.0
6683,u_205593,2026-04-02,upgrade,pro_monthly,9.99
6684,u_205594,2026-05-19,account_created,free,0.0
6685,u_205595,2026-06-14,account_created,free,0.0
6686,u_205596,2026-05-31,account_created,free,0.0
6687,u_205596,2026-06-04,upgrade,pro_annual,79.99
6688,u_205597,2026-03-12,account_created,free,0.0
6689,u_205598,2026-03-15,account_created,free,0.0
6690,u_205599,2026-06-21,account_created,free,0.0
6691,u_205600,2026-06-02,account_created,free,0.0
6692,u_205601,2026-06-11,account_created,free,0.0
6693,u_205602,2026-04-03,account_created,free,0.0
6694,u_205602,2026-04-08,upgrade,pro_annual,79.99
6695,u_205602,2026-05-27,cancellation,pro_annual,0.0
6696,u_205603,2026-04-11,account_created,free,0.0
6697,u_205604,2026-06-09,account_created,free,0.0
6698,u_205605,2026-03-22,account_created,free,0.0
6699,u_205606,2026-06-06,account_created,free,0.0
6700,u_205607,2026-03-09,account_created,free,0.0
6701,u_205608,2026-05-27,account_created,free,0.0
6702,u_205608,2026-06-05,upgrade,pro_monthly,9.99
6703,u_205609,2026-03-12,account_created,free,0.0
6704,u_205610,2026-04-17,account_created,free,0.0
6705,u_205611,2026-03-24,account_created,free,0.0
6706,u_205612,2026-04-24,account_created,free,0.0
6707,u_205613,2026-03-27,account_created,free,0.0
6708,u_205613,2026-03-29,upgrade,pro_monthly,9.99
6709,u_205614,2026-04-21,account_created,free,0.0
6710,u_205615,2026-05-10,account_created,free,0.0
6711,u_205616,2026-06-05,account_created,free,0.0
6712,u_205616,2026-06-11,upgrade,enterprise,299.0
6713,u_205617,2026-03-28,account_created,free,0.0
6714,u_205618,2026-03-22,account_created,free,0.0
6715,u_205619,2026-06-14,account_created,free,0.0
6716,u_205620,2026-04-08,account_created,free,0.0
6717,u_205620,2026-04-16,upgrade,pro_annual,79.99
6718,u_205621,2026-05-04,account_created,free,0.0
6719,u_205622,2026-05-24,account_created,free,0.0
6720,u_205623,2026-05-25,account_created,free,0.0
6721,u_205623,2026-06-03,upgrade,pro_monthly,9.99
6722,u_205624,2026-04-15,account_created,free,0.0
6723,u_205625,2026-06-21,account_created,free,0.0
6724,u_205626,2026-04-22,account_created,free,0.0
6725,u_205627,2026-03-19,account_created,free,0.0
6726,u_205628,2026-04-12,account_created,free,0.0
6727,u_205629,2026-06-17,account_created,free,0.0
6728,u_205630,2026-06-11,account_created,free,0.0
6729,u_205630,2026-06-13,upgrade,pro_monthly,9.99
6730,u_205631,2026-04-24,account_created,free,0.0
6731,u_205632,2026-05-05,account_created,free,0.0
6732,u_205632,2026-05-06,upgrade,pro_monthly,9.99
6733,u_205632,2026-06-10,cancellation,pro_monthly,0.0
6734,u_205633,2026-05-10,account_created,free,0.0
6735,u_205634,2026-05-02,account_created,free,0.0
6736,u_205635,2026-06-12,account_created,free,0.0
6737,u_205636,2026-04-08,account_created,free,0.0
6738,u_205637,2026-05-01,account_created,free,0.0
6739,u_205638,2026-03-24,account_created,free,0.0
6740,u_205639,2026-04-18,account_created,free,0.0
6741,u_205640,2026-05-01,account_created,free,0.0
6742,u_205641,2026-04-16,account_created,free,0.0
6743,u_205642,2026-05-08,account_created,free,0.0
6744,u_205643,2026-03-12,account_created,free,0.0
6745,u_205644,2026-04-06,account_created,free,0.0
6746,u_205645,2026-04-07,account_created,free,0.0
6747,u_205646,2026-06-01,account_created,free,0.0
6748,u_205647,2026-05-31,account_created,free,0.0
6749,u_205647,2026-06-05,upgrade,pro_annual,79.99
6750,u_205648,2026-04-12,account_created,free,0.0
6751,u_205649,2026-04-29,account_created,free,0.0
6752,u_205650,2026-04-11,account_created,free,0.0
6753,u_205651,2026-03-14,account_created,free,0.0
6754,u_205652,2026-05-14,account_created,free,0.0
6755,u_205653,2026-06-05,account_created,free,0.0
6756,u_205654,2026-04-28,account_created,free,0.0
6757,u_205654,2026-05-03,upgrade,pro_monthly,9.99
6758,u_205654,2026-06-26,cancellation,pro_monthly,0.0
6759,u_205655,2026-05-08,account_created,free,0.0
6760,u_205656,2026-03-09,account_created,free,0.0
6761,u_205657,2026-03-21,account_created,free,0.0
6762,u_205658,2026-04-06,account_created,free,0.0
6763,u_205659,2026-06-21,account_created,free,0.0
6764,u_205660,2026-05-09,account_created,free,0.0
6765,u_205661,2026-03-05,account_created,free,0.0
6766,u_205662,2026-04-16,account_created,free,0.0
6767,u_205663,2026-05-23,account_created,free,0.0
6768,u_205664,2026-03-04,account_created,free,0.0
6769,u_205665,2026-03-05,account_created,free,0.0
6770,u_205666,2026-04-24,account_created,free,0.0
6771,u_205667,2026-04-04,account_created,free,0.0
6772,u_205668,2026-04-22,account_created,free,0.0
6773,u_205669,2026-03-19,account_created,free,0.0
6774,u_205669,2026-03-24,upgrade,pro_monthly,9.99
6775,u_205670,2026-03-23,account_created,free,0.0
6776,u_205671,2026-05-19,account_created,free,0.0
6777,u_205671,2026-05-24,upgrade,pro_annual,79.99
6778,u_205672,2026-05-02,account_created,free,0.0
6779,u_205672,2026-05-11,upgrade,pro_monthly,9.99
6780,u_205673,2026-03-09,account_created,free,0.0
6781,u_205674,2026-06-17,account_created,free,0.0
6782,u_205675,2026-03-09,account_created,free,0.0
6783,u_205675,2026-03-13,upgrade,pro_annual,79.99
6784,u_205676,2026-03-16,account_created,free,0.0
6785,u_205677,2026-05-04,account_created,free,0.0
6786,u_205678,2026-06-19,account_created,free,0.0
6787,u_205679,2026-06-01,account_created,free,0.0
6788,u_205680,2026-06-11,account_created,free,0.0
6789,u_205681,2026-05-28,account_created,free,0.0
6790,u_205681,2026-05-31,upgrade,enterprise,299.0
6791,u_205682,2026-06-13,account_created,free,0.0
6792,u_205683,2026-03-10,account_created,free,0.0
6793,u_205684,2026-04-05,account_created,free,0.0
6794,u_205685,2026-03-06,account_created,free,0.0
6795,u_205686,2026-04-16,account_created,free,0.0
6796,u_205687,2026-06-18,account_created,free,0.0
6797,u_205688,2026-06-09,account_created,free,0.0
6798,u_205689,2026-05-02,account_created,free,0.0
6799,u_205690,2026-04-09,account_created,free,0.0
6800,u_205690,2026-04-10,upgrade,pro_annual,79.99
6801,u_205690,2026-04-30,cancellation,pro_annual,0.0
6802,u_205691,2026-05-02,account_created,free,0.0
6803,u_205692,2026-04-28,account_created,free,0.0
6804,u_205693,2026-03-23,account_created,free,0.0
6805,u_205694,2026-06-09,account_created,free,0.0
6806,u_205695,2026-04-30,account_created,free,0.0
6807,u_205695,2026-05-06,upgrade,pro_monthly,9.99
6808,u_205696,2026-04-30,account_created,free,0.0
6809,u_205697,2026-05-01,account_created,free,0.0
6810,u_205698,2026-04-16,account_created,free,0.0
6811,u_205699,2026-04-19,account_created,free,0.0
6812,u_205700,2026-06-06,account_created,free,0.0
6813,u_205701,2026-06-15,account_created,free,0.0
6814,u_205702,2026-03-27,account_created,free,0.0
6815,u_205703,2026-04-03,account_created,free,0.0
6816,u_205704,2026-06-16,account_created,free,0.0
6817,u_205705,2026-04-11,account_created,free,0.0
6818,u_205705,2026-04-14,upgrade,pro_monthly,9.99
6819,u_205706,2026-04-08,account_created,free,0.0
6820,u_205707,2026-03-21,account_created,free,0.0
6821,u_205708,2026-04-09,account_created,free,0.0
6822,u_205709,2026-03-08,account_created,free,0.0
6823,u_205710,2026-03-14,account_created,free,0.0
6824,u_205711,2026-04-10,account_created,free,0.0
6825,u_205711,2026-04-15,upgrade,pro_monthly,9.99
6826,u_205712,2026-04-12,account_created,free,0.0
6827,u_205713,2026-04-08,account_created,free,0.0
6828,u_205714,2026-06-13,account_created,free,0.0
6829,u_205715,2026-03-05,account_created,free,0.0
6830,u_205716,2026-06-15,account_created,free,0.0
6831,u_205717,2026-05-26,account_created,free,0.0
6832,u_205718,2026-03-06,account_created,free,0.0
6833,u_205719,2026-06-16,account_created,free,0.0
6834,u_205720,2026-04-20,account_created,free,0.0
6835,u_205721,2026-05-23,account_created,free,0.0
6836,u_205722,2026-03-17,account_created,free,0.0
6837,u_205722,2026-03-25,upgrade,pro_monthly,9.99
6838,u_205723,2026-04-04,account_created,free,0.0
6839,u_205724,2026-03-08,account_created,free,0.0
6840,u_205725,2026-04-10,account_created,free,0.0
6841,u_205726,2026-06-19,account_created,free,0.0
6842,u_205727,2026-04-11,account_created,free,0.0
6843,u_205728,2026-06-08,account_created,free,0.0
6844,u_205729,2026-03-14,account_created,free,0.0
6845,u_205730,2026-06-02,account_created,free,0.0
6846,u_205731,2026-03-28,account_created,free,0.0
6847,u_205732,2026-04-02,account_created,free,0.0
6848,u_205733,2026-04-16,account_created,free,0.0
6849,u_205734,2026-03-24,account_created,free,0.0
6850,u_205734,2026-03-29,upgrade,pro_monthly,9.99
6851,u_205735,2026-05-19,account_created,free,0.0
6852,u_205736,2026-06-02,account_created,free,0.0
6853,u_205737,2026-04-21,account_created,free,0.0
6854,u_205738,2026-03-01,account_created,free,0.0
6855,u_205738,2026-03-09,upgrade,enterprise,299.0
6856,u_205739,2026-05-28,account_created,free,0.0
6857,u_205740,2026-03-04,account_created,free,0.0
6858,u_205741,2026-04-27,account_created,free,0.0
6859,u_205742,2026-03-12,account_created,free,0.0
6860,u_205742,2026-03-13,upgrade,enterprise,299.0
6861,u_205743,2026-03-08,account_created,free,0.0
6862,u_205744,2026-04-30,account_created,free,0.0
6863,u_205744,2026-05-05,upgrade,pro_monthly,9.99
6864,u_205745,2026-03-29,account_created,free,0.0
6865,u_205746,2026-03-23,account_created,free,0.0
6866,u_205747,2026-04-26,account_created,free,0.0
6867,u_205748,2026-03-15,account_created,free,0.0
6868,u_205749,2026-04-13,account_created,free,0.0
6869,u_205750,2026-06-01,account_created,free,0.0
6870,u_205751,2026-04-06,account_created,free,0.0
6871,u_205752,2026-06-04,account_created,free,0.0
6872,u_205752,2026-06-06,upgrade,pro_annual,79.99
6873,u_205753,2026-03-04,account_created,free,0.0
6874,u_205754,2026-06-19,account_created,free,0.0
6875,u_205754,2026-06-20,upgrade,pro_monthly,9.99
6876,u_205755,2026-04-24,account_created,free,0.0
6877,u_205756,2026-05-04,account_created,free,0.0
6878,u_205756,2026-05-05,upgrade,pro_annual,79.99
6879,u_205757,2026-04-24,account_created,free,0.0
6880,u_205758,2026-06-13,account_created,free,0.0
6881,u_205759,2026-04-23,account_created,free,0.0
6882,u_205759,2026-04-26,upgrade,pro_monthly,9.99
6883,u_205760,2026-04-30,account_created,free,0.0
6884,u_205760,2026-05-02,upgrade,pro_monthly,9.99
6885,u_205761,2026-03-06,account_created,free,0.0
6886,u_205762,2026-06-21,account_created,free,0.0
6887,u_205763,2026-05-11,account_created,free,0.0
6888,u_205763,2026-05-15,upgrade,pro_annual,79.99
6889,u_205764,2026-04-05,account_created,free,0.0
6890,u_205765,2026-04-13,account_created,free,0.0
6891,u_205766,2026-04-02,account_created,free,0.0
6892,u_205766,2026-04-09,upgrade,pro_annual,79.99
6893,u_205767,2026-04-14,account_created,free,0.0
6894,u_205768,2026-05-24,account_created,free,0.0
6895,u_205768,2026-05-26,upgrade,pro_monthly,9.99
6896,u_205769,2026-05-27,account_created,free,0.0
6897,u_205770,2026-03-17,account_created,free,0.0
6898,u_205771,2026-06-03,account_created,free,0.0
6899,u_205772,2026-06-14,account_created,free,0.0
6900,u_205773,2026-05-13,account_created,free,0.0
6901,u_205774,2026-06-21,account_created,free,0.0
6902,u_205775,2026-06-10,account_created,free,0.0
6903,u_205776,2026-06-17,account_created,free,0.0
6904,u_205777,2026-04-05,account_created,free,0.0
6905,u_205778,2026-03-11,account_created,free,0.0
6906,u_205779,2026-05-20,account_created,free,0.0
6907,u_205780,2026-03-06,account_created,free,0.0
6908,u_205781,2026-03-25,account_created,free,0.0
6909,u_205782,2026-06-14,account_created,free,0.0
6910,u_205783,2026-04-19,account_created,free,0.0
6911,u_205784,2026-04-18,account_created,free,0.0
6912,u_205784,2026-04-26,upgrade,pro_annual,79.99
6913,u_205785,2026-04-01,account_created,free,0.0
6914,u_205786,2026-06-10,account_created,free,0.0
6915,u_205787,2026-05-20,account_created,free,0.0
6916,u_205788,2026-05-27,account_created,free,0.0
6917,u_205789,2026-06-19,account_created,free,0.0
6918,u_205790,2026-04-17,account_created,free,0.0
6919,u_205791,2026-03-30,account_created,free,0.0
6920,u_205791,2026-04-08,upgrade,pro_monthly,9.99
6921,u_205792,2026-03-01,account_created,free,0.0
6922,u_205793,2026-04-30,account_created,free,0.0
6923,u_205793,2026-05-02,upgrade,enterprise,299.0
6924,u_205794,2026-03-15,account_created,free,0.0
6925,u_205795,2026-06-14,account_created,free,0.0
6926,u_205796,2026-06-19,account_created,free,0.0
6927,u_205797,2026-05-23,account_created,free,0.0
6928,u_205798,2026-05-01,account_created,free,0.0
6929,u_205799,2026-04-17,account_created,free,0.0
6930,u_205800,2026-05-30,account_created,free,0.0
6931,u_205800,2026-05-31,upgrade,pro_monthly,9.99
6932,u_205801,2026-05-17,account_created,free,0.0
6933,u_205802,2026-03-30,account_created,free,0.0
6934,u_205803,2026-04-02,account_created,free,0.0
6935,u_205804,2026-05-07,account_created,free,0.0
6936,u_205805,2026-05-14,account_created,free,0.0
6937,u_205806,2026-06-20,account_created,free,0.0
6938,u_205806,2026-06-28,upgrade,pro_monthly,9.99
6939,u_205807,2026-04-28,account_created,free,0.0
6940,u_205808,2026-05-10,account_created,free,0.0
6941,u_205809,2026-04-24,account_created,free,0.0
6942,u_205810,2026-03-02,account_created,free,0.0
6943,u_205811,2026-05-28,account_created,free,0.0
6944,u_205812,2026-05-14,account_created,free,0.0
6945,u_205813,2026-04-21,account_created,free,0.0
6946,u_205814,2026-04-27,account_created,free,0.0
6947,u_205815,2026-03-29,account_created,free,0.0
6948,u_205816,2026-03-21,account_created,free,0.0
6949,u_205817,2026-05-04,account_created,free,0.0
6950,u_205818,2026-04-08,account_created,free,0.0
6951,u_205818,2026-04-11,upgrade,pro_monthly,9.99
6952,u_205819,2026-05-04,account_created,free,0.0
6953,u_205819,2026-05-13,upgrade,pro_annual,79.99
6954,u_205820,2026-04-16,account_created,free,0.0
6955,u_205820,2026-04-24,upgrade,pro_monthly,9.99
6956,u_205821,2026-05-11,account_created,free,0.0
6957,u_205822,2026-03-14,account_created,free,0.0
6958,u_205823,2026-05-06,account_created,free,0.0
6959,u_205824,2026-05-31,account_created,free,0.0
6960,u_205825,2026-03-30,account_created,free,0.0
6961,u_205825,2026-04-05,upgrade,pro_monthly,9.99
6962,u_205825,2026-05-07,cancellation,pro_monthly,0.0
6963,u_205826,2026-05-28,account_created,free,0.0
6964,u_205827,2026-04-18,account_created,free,0.0
6965,u_205828,2026-04-29,account_created,free,0.0
6966,u_205829,2026-05-22,account_created,free,0.0
6967,u_205830,2026-06-08,account_created,free,0.0
6968,u_205830,2026-06-14,upgrade,pro_monthly,9.99
6969,u_205831,2026-05-03,account_created,free,0.0
6970,u_205832,2026-04-14,account_created,free,0.0
6971,u_205833,2026-03-10,account_created,free,0.0
6972,u_205834,2026-05-14,account_created,free,0.0
6973,u_205835,2026-03-30,account_created,free,0.0
6974,u_205836,2026-03-01,account_created,free,0.0
6975,u_205836,2026-03-09,upgrade,pro_monthly,9.99
6976,u_205837,2026-03-17,account_created,free,0.0
6977,u_205837,2026-03-18,upgrade,pro_monthly,9.99
6978,u_205837,2026-05-24,cancellation,pro_monthly,0.0
6979,u_205838,2026-04-29,account_created,free,0.0
6980,u_205838,2026-05-01,upgrade,pro_monthly,9.99
6981,u_205839,2026-05-12,account_created,free,0.0
6982,u_205840,2026-05-14,account_created,free,0.0
6983,u_205841,2026-05-23,account_created,free,0.0
6984,u_205842,2026-04-16,account_created,free,0.0
6985,u_205842,2026-04-22,upgrade,pro_annual,79.99
6986,u_205842,2026-06-27,cancellation,pro_annual,0.0
6987,u_205843,2026-06-19,account_created,free,0.0
6988,u_205844,2026-05-16,account_created,free,0.0
6989,u_205845,2026-05-21,account_created,free,0.0
6990,u_205846,2026-03-09,account_created,free,0.0
6991,u_205846,2026-03-13,upgrade,pro_monthly,9.99
6992,u_205847,2026-04-03,account_created,free,0.0
6993,u_205848,2026-06-15,account_created,free,0.0
6994,u_205848,2026-06-24,upgrade,pro_annual,79.99
6995,u_205849,2026-05-14,account_created,free,0.0
6996,u_205850,2026-04-04,account_created,free,0.0
6997,u_205851,2026-05-31,account_created,free,0.0
6998,u_205852,2026-03-04,account_created,free,0.0
6999,u_205853,2026-05-23,account_created,free,0.0
7000,u_205854,2026-05-24,account_created,free,0.0
7001,u_205855,2026-06-15,account_created,free,0.0
7002,u_205855,2026-06-16,upgrade,pro_monthly,9.99
7003,u_205856,2026-05-10,account_created,free,0.0
7004,u_205857,2026-04-02,account_created,free,0.0
7005,u_205858,2026-05-26,account_created,free,0.0
7006,u_205859,2026-04-17,account_created,free,0.0
7007,u_205860,2026-06-13,account_created,free,0.0
7008,u_205861,2026-05-30,account_created,free,0.0
7009,u_205862,2026-03-27,account_created,free,0.0
7010,u_205862,2026-04-03,upgrade,pro_monthly,9.99
7011,u_205863,2026-04-05,account_created,free,0.0
7012,u_205864,2026-05-25,account_created,free,0.0
7013,u_205865,2026-05-27,account_created,free,0.0
7014,u_205865,2026-06-03,upgrade,pro_annual,79.99
7015,u_205866,2026-05-09,account_created,free,0.0
7016,u_205867,2026-05-20,account_created,free,0.0
7017,u_205868,2026-03-25,account_created,free,0.0
7018,u_205869,2026-05-29,account_created,free,0.0
7019,u_205870,2026-04-30,account_created,free,0.0
7020,u_205870,2026-05-06,upgrade,pro_annual,79.99
7021,u_205871,2026-03-25,account_created,free,0.0
7022,u_205872,2026-04-23,account_created,free,0.0
7023,u_205872,2026-04-28,upgrade,pro_annual,79.99
7024,u_205872,2026-05-12,cancellation,pro_annual,0.0
7025,u_205873,2026-06-20,account_created,free,0.0
7026,u_205874,2026-04-28,account_created,free,0.0
7027,u_205875,2026-06-11,account_created,free,0.0
7028,u_205875,2026-06-19,upgrade,pro_monthly,9.99
7029,u_205876,2026-05-24,account_created,free,0.0
7030,u_205876,2026-05-31,upgrade,enterprise,299.0
7031,u_205876,2026-06-26,cancellation,enterprise,0.0
7032,u_205877,2026-06-18,account_created,free,0.0
7033,u_205878,2026-06-05,account_created,free,0.0
7034,u_205879,2026-04-04,account_created,free,0.0
7035,u_205880,2026-03-06,account_created,free,0.0
7036,u_205881,2026-05-30,account_created,free,0.0
7037,u_205882,2026-04-16,account_created,free,0.0
7038,u_205883,2026-04-05,account_created,free,0.0
7039,u_205884,2026-05-20,account_created,free,0.0
7040,u_205885,2026-06-11,account_created,free,0.0
7041,u_205886,2026-06-13,account_created,free,0.0
7042,u_205887,2026-04-30,account_created,free,0.0
7043,u_205888,2026-04-19,account_created,free,0.0
7044,u_205889,2026-04-21,account_created,free,0.0
7045,u_205890,2026-06-15,account_created,free,0.0
7046,u_205891,2026-03-13,account_created,free,0.0
7047,u_205892,2026-06-15,account_created,free,0.0
7048,u_205893,2026-04-18,account_created,free,0.0
7049,u_205894,2026-06-02,account_created,free,0.0
7050,u_205895,2026-06-02,account_created,free,0.0
7051,u_205896,2026-04-28,account_created,free,0.0
7052,u_205896,2026-05-02,upgrade,pro_monthly,9.99
7053,u_205897,2026-06-11,account_created,free,0.0
7054,u_205898,2026-04-15,account_created,free,0.0
7055,u_205899,2026-04-01,account_created,free,0.0
7056,u_205900,2026-04-03,account_created,free,0.0
7057,u_205900,2026-04-10,upgrade,pro_monthly,9.99
7058,u_205901,2026-06-06,account_created,free,0.0
7059,u_205901,2026-06-15,upgrade,pro_annual,79.99
7060,u_205902,2026-06-01,account_created,free,0.0
7061,u_205902,2026-06-04,upgrade,enterprise,299.0
7062,u_205903,2026-03-23,account_created,free,0.0
7063,u_205903,2026-03-28,upgrade,pro_monthly,9.99
7064,u_205904,2026-04-07,account_created,free,0.0
7065,u_205905,2026-03-13,account_created,free,0.0
7066,u_205906,2026-06-20,account_created,free,0.0
7067,u_205907,2026-04-15,account_created,free,0.0
7068,u_205908,2026-06-21,account_created,free,0.0
7069,u_205908,2026-06-30,upgrade,pro_monthly,9.99
7070,u_205909,2026-05-08,account_created,free,0.0
7071,u_205910,2026-04-13,account_created,free,0.0
7072,u_205911,2026-03-11,account_created,free,0.0
7073,u_205912,2026-05-04,account_created,free,0.0
7074,u_205913,2026-04-13,account_created,free,0.0
7075,u_205913,2026-04-19,upgrade,pro_monthly,9.99
7076,u_205913,2026-05-04,cancellation,pro_monthly,0.0
7077,u_205914,2026-03-14,account_created,free,0.0
7078,u_205915,2026-05-03,account_created,free,0.0
7079,u_205915,2026-05-08,upgrade,enterprise,299.0
7080,u_205916,2026-05-27,account_created,free,0.0
7081,u_205917,2026-05-01,account_created,free,0.0
7082,u_205918,2026-03-21,account_created,free,0.0
7083,u_205919,2026-05-10,account_created,free,0.0
7084,u_205920,2026-06-12,account_created,free,0.0
7085,u_205921,2026-04-18,account_created,free,0.0
7086,u_205921,2026-04-20,upgrade,pro_monthly,9.99
7087,u_205922,2026-03-19,account_created,free,0.0
7088,u_205923,2026-06-02,account_created,free,0.0
7089,u_205923,2026-06-06,upgrade,pro_monthly,9.99
7090,u_205924,2026-04-10,account_created,free,0.0
7091,u_205925,2026-03-11,account_created,free,0.0
7092,u_205926,2026-03-20,account_created,free,0.0
7093,u_205927,2026-04-10,account_created,free,0.0
7094,u_205928,2026-06-18,account_created,free,0.0
7095,u_205928,2026-06-25,upgrade,pro_annual,79.99
7096,u_205929,2026-04-06,account_created,free,0.0
7097,u_205930,2026-03-18,account_created,free,0.0
7098,u_205931,2026-05-11,account_created,free,0.0
7099,u_205932,2026-05-27,account_created,free,0.0
7100,u_205933,2026-06-14,account_created,free,0.0
7101,u_205934,2026-03-18,account_created,free,0.0
7102,u_205935,2026-04-12,account_created,free,0.0
7103,u_205935,2026-04-17,upgrade,pro_monthly,9.99
7104,u_205935,2026-05-21,cancellation,pro_monthly,0.0
7105,u_205936,2026-03-24,account_created,free,0.0
7106,u_205936,2026-04-02,upgrade,pro_annual,79.99
7107,u_205937,2026-03-28,account_created,free,0.0
7108,u_205937,2026-03-31,upgrade,pro_monthly,9.99
7109,u_205937,2026-06-06,cancellation,pro_monthly,0.0
7110,u_205938,2026-05-11,account_created,free,0.0
7111,u_205938,2026-05-13,upgrade,pro_annual,79.99
7112,u_205939,2026-06-12,account_created,free,0.0
7113,u_205940,2026-03-05,account_created,free,0.0
7114,u_205941,2026-06-15,account_created,free,0.0
7115,u_205942,2026-04-08,account_created,free,0.0
7116,u_205943,2026-05-27,account_created,free,0.0
7117,u_205944,2026-05-24,account_created,free,0.0
7118,u_205945,2026-03-04,account_created,free,0.0
7119,u_205946,2026-04-22,account_created,free,0.0
7120,u_205947,2026-06-17,account_created,free,0.0
7121,u_205948,2026-04-20,account_created,free,0.0
7122,u_205949,2026-06-09,account_created,free,0.0
7123,u_205950,2026-05-27,account_created,free,0.0
7124,u_205950,2026-05-31,upgrade,pro_annual,79.99
7125,u_205951,2026-05-14,account_created,free,0.0
7126,u_205952,2026-03-21,account_created,free,0.0
7127,u_205953,2026-05-24,account_created,free,0.0
7128,u_205953,2026-05-29,upgrade,pro_monthly,9.99
7129,u_205953,2026-06-11,cancellation,pro_monthly,0.0
7130,u_205954,2026-05-12,account_created,free,0.0
7131,u_205955,2026-06-04,account_created,free,0.0
7132,u_205956,2026-04-15,account_created,free,0.0
7133,u_205957,2026-04-24,account_created,free,0.0
7134,u_205958,2026-05-31,account_created,free,0.0
7135,u_205959,2026-03-06,account_created,free,0.0
7136,u_205960,2026-03-02,account_created,free,0.0
7137,u_205961,2026-03-08,account_created,free,0.0
7138,u_205961,2026-03-09,upgrade,pro_annual,79.99
7139,u_205962,2026-03-27,account_created,free,0.0
7140,u_205963,2026-06-01,account_created,free,0.0
7141,u_205964,2026-06-16,account_created,free,0.0
7142,u_205964,2026-06-20,upgrade,pro_monthly,9.99
7143,u_205965,2026-04-07,account_created,free,0.0
7144,u_205966,2026-03-09,account_created,free,0.0
7145,u_205967,2026-06-06,account_created,free,0.0
7146,u_205968,2026-05-25,account_created,free,0.0
7147,u_205969,2026-05-01,account_created,free,0.0
7148,u_205970,2026-05-13,account_created,free,0.0
7149,u_205971,2026-04-04,account_created,free,0.0
7150,u_205972,2026-05-06,account_created,free,0.0
7151,u_205973,2026-06-02,account_created,free,0.0
7152,u_205974,2026-04-21,account_created,free,0.0
7153,u_205975,2026-05-18,account_created,free,0.0
7154,u_205976,2026-05-31,account_created,free,0.0
7155,u_205977,2026-03-17,account_created,free,0.0
7156,u_205978,2026-06-01,account_created,free,0.0
7157,u_205979,2026-04-04,account_created,free,0.0
7158,u_205980,2026-04-22,account_created,free,0.0
7159,u_205980,2026-04-25,upgrade,pro_annual,79.99
7160,u_205981,2026-05-28,account_created,free,0.0
7161,u_205982,2026-04-06,account_created,free,0.0
7162,u_205983,2026-04-29,account_created,free,0.0
7163,u_205984,2026-04-26,account_created,free,0.0
7164,u_205984,2026-04-29,upgrade,pro_monthly,9.99
7165,u_205984,2026-05-20,cancellation,pro_monthly,0.0
7166,u_205985,2026-04-21,account_created,free,0.0
7167,u_205985,2026-04-25,upgrade,pro_annual,79.99
7168,u_205985,2026-06-22,cancellation,pro_annual,0.0
7169,u_205986,2026-06-21,account_created,free,0.0
7170,u_205987,2026-05-17,account_created,free,0.0
7171,u_205988,2026-05-23,account_created,free,0.0
7172,u_205988,2026-05-24,upgrade,pro_annual,79.99
7173,u_205989,2026-04-19,account_created,free,0.0
7174,u_205990,2026-04-21,account_created,free,0.0
7175,u_205991,2026-05-01,account_created,free,0.0
7176,u_205992,2026-05-22,account_created,free,0.0
7177,u_205992,2026-05-23,upgrade,pro_annual,79.99
7178,u_205993,2026-04-14,account_created,free,0.0
7179,u_205993,2026-04-23,upgrade,pro_monthly,9.99
7180,u_205993,2026-05-31,cancellation,pro_monthly,0.0
7181,u_205994,2026-05-10,account_created,free,0.0
7182,u_205994,2026-05-15,upgrade,pro_monthly,9.99
7183,u_205995,2026-03-19,account_created,free,0.0
7184,u_205996,2026-03-13,account_created,free,0.0
7185,u_205996,2026-03-16,upgrade,pro_monthly,9.99
7186,u_205997,2026-03-30,account_created,free,0.0
7187,u_205998,2026-03-13,account_created,free,0.0
7188,u_205999,2026-06-07,account_created,free,0.0
7189,u_206000,2026-03-09,account_created,free,0.0
7190,u_206001,2026-05-29,account_created,free,0.0
7191,u_206001,2026-06-07,upgrade,pro_monthly,9.99
7192,u_206002,2026-05-20,account_created,free,0.0
7193,u_206003,2026-03-14,account_created,free,0.0
7194,u_206004,2026-05-02,account_created,free,0.0
7195,u_206005,2026-03-18,account_created,free,0.0
7196,u_206006,2026-04-23,account_created,free,0.0
7197,u_206007,2026-04-26,account_created,free,0.0
7198,u_206007,2026-05-01,upgrade,pro_monthly,9.99
7199,u_206007,2026-06-24,cancellation,pro_monthly,0.0
7200,u_206008,2026-04-08,account_created,free,0.0
7201,u_206008,2026-04-12,upgrade,pro_monthly,9.99
7202,u_206009,2026-05-20,account_created,free,0.0
7203,u_206010,2026-06-12,account_created,free,0.0
7204,u_206011,2026-03-08,account_created,free,0.0
7205,u_206012,2026-06-18,account_created,free,0.0
7206,u_206013,2026-05-19,account_created,free,0.0
7207,u_206014,2026-04-16,account_created,free,0.0
7208,u_206015,2026-05-26,account_created,free,0.0
7209,u_206016,2026-03-22,account_created,free,0.0
7210,u_206017,2026-05-15,account_created,free,0.0
7211,u_206017,2026-05-22,upgrade,pro_monthly,9.99
7212,u_206018,2026-04-15,account_created,free,0.0
7213,u_206019,2026-05-07,account_created,free,0.0
7214,u_206020,2026-06-14,account_created,free,0.0
7215,u_206021,2026-04-26,account_created,free,0.0
7216,u_206022,2026-04-26,account_created,free,0.0
7217,u_206023,2026-03-29,account_created,free,0.0
7218,u_206024,2026-04-14,account_created,free,0.0
7219,u_206025,2026-06-19,account_created,free,0.0
7220,u_206026,2026-06-03,account_created,free,0.0
7221,u_206027,2026-03-31,account_created,free,0.0
7222,u_206028,2026-03-09,account_created,free,0.0
7223,u_206028,2026-03-16,upgrade,pro_monthly,9.99
7224,u_206028,2026-05-12,cancellation,pro_monthly,0.0
7225,u_206029,2026-04-22,account_created,free,0.0
7226,u_206030,2026-05-25,account_created,free,0.0
7227,u_206031,2026-04-22,account_created,free,0.0
7228,u_206031,2026-05-01,upgrade,pro_monthly,9.99
7229,u_206032,2026-06-20,account_created,free,0.0
7230,u_206032,2026-06-29,upgrade,pro_annual,79.99
7231,u_206033,2026-06-04,account_created,free,0.0
7232,u_206033,2026-06-06,upgrade,pro_monthly,9.99
7233,u_206034,2026-03-29,account_created,free,0.0
7234,u_206035,2026-03-19,account_created,free,0.0
7235,u_206036,2026-05-30,account_created,free,0.0
7236,u_206037,2026-03-30,account_created,free,0.0
7237,u_206037,2026-04-01,upgrade,pro_annual,79.99
7238,u_206038,2026-06-10,account_created,free,0.0
7239,u_206038,2026-06-16,upgrade,pro_annual,79.99
7240,u_206039,2026-03-10,account_created,free,0.0
7241,u_206040,2026-03-19,account_created,free,0.0
7242,u_206041,2026-05-13,account_created,free,0.0
7243,u_206042,2026-04-26,account_created,free,0.0
7244,u_206043,2026-05-22,account_created,free,0.0
7245,u_206044,2026-04-24,account_created,free,0.0
7246,u_206045,2026-05-27,account_created,free,0.0
7247,u_206046,2026-03-25,account_created,free,0.0
7248,u_206046,2026-03-30,upgrade,pro_annual,79.99
7249,u_206047,2026-04-14,account_created,free,0.0
7250,u_206048,2026-04-06,account_created,free,0.0
7251,u_206049,2026-04-27,account_created,free,0.0
7252,u_206050,2026-04-24,account_created,free,0.0
7253,u_206051,2026-06-02,account_created,free,0.0
7254,u_206051,2026-06-05,upgrade,pro_annual,79.99
7255,u_206052,2026-05-04,account_created,free,0.0
7256,u_206052,2026-05-05,upgrade,pro_annual,79.99
7257,u_206053,2026-04-10,account_created,free,0.0
7258,u_206053,2026-04-16,upgrade,pro_monthly,9.99
7259,u_206053,2026-06-07,cancellation,pro_monthly,0.0
7260,u_206054,2026-05-10,account_created,free,0.0
7261,u_206054,2026-05-16,upgrade,pro_monthly,9.99
7262,u_206055,2026-05-18,account_created,free,0.0
7263,u_206056,2026-04-07,account_created,free,0.0
7264,u_206057,2026-05-13,account_created,free,0.0
7265,u_206058,2026-05-09,account_created,free,0.0
7266,u_206059,2026-04-19,account_created,free,0.0
7267,u_206060,2026-04-02,account_created,free,0.0
7268,u_206061,2026-05-11,account_created,free,0.0
7269,u_206062,2026-06-07,account_created,free,0.0
7270,u_206063,2026-05-27,account_created,free,0.0
7271,u_206064,2026-04-21,account_created,free,0.0
7272,u_206064,2026-04-26,upgrade,pro_monthly,9.99
7273,u_206065,2026-03-18,account_created,free,0.0
7274,u_206066,2026-05-04,account_created,free,0.0
7275,u_206067,2026-04-06,account_created,free,0.0
7276,u_206067,2026-04-12,upgrade,pro_monthly,9.99
7277,u_206067,2026-05-29,cancellation,pro_monthly,0.0
7278,u_206068,2026-06-02,account_created,free,0.0
7279,u_206069,2026-03-05,account_created,free,0.0
7280,u_206069,2026-03-11,upgrade,pro_monthly,9.99
7281,u_206069,2026-03-26,cancellation,pro_monthly,0.0
7282,u_206070,2026-03-30,account_created,free,0.0
7283,u_206071,2026-06-07,account_created,free,0.0
7284,u_206072,2026-04-16,account_created,free,0.0
7285,u_206073,2026-06-01,account_created,free,0.0
7286,u_206074,2026-04-01,account_created,free,0.0
7287,u_206075,2026-03-03,account_created,free,0.0
7288,u_206076,2026-03-11,account_created,free,0.0
7289,u_206077,2026-06-15,account_created,free,0.0
7290,u_206078,2026-05-27,account_created,free,0.0
7291,u_206079,2026-04-07,account_created,free,0.0
7292,u_206079,2026-04-13,upgrade,pro_monthly,9.99
7293,u_206080,2026-05-17,account_created,free,0.0
7294,u_206081,2026-03-28,account_created,free,0.0
7295,u_206082,2026-03-02,account_created,free,0.0
7296,u_206082,2026-03-07,upgrade,enterprise,299.0
7297,u_206083,2026-05-20,account_created,free,0.0
7298,u_206084,2026-05-18,account_created,free,0.0
7299,u_206085,2026-04-12,account_created,free,0.0
7300,u_206086,2026-03-26,account_created,free,0.0
7301,u_206087,2026-05-21,account_created,free,0.0
7302,u_206087,2026-05-29,upgrade,pro_monthly,9.99
7303,u_206088,2026-06-21,account_created,free,0.0
7304,u_206089,2026-05-23,account_created,free,0.0
7305,u_206089,2026-05-25,upgrade,pro_annual,79.99
7306,u_206090,2026-06-08,account_created,free,0.0
7307,u_206090,2026-06-15,upgrade,pro_monthly,9.99
7308,u_206091,2026-03-12,account_created,free,0.0
7309,u_206092,2026-04-05,account_created,free,0.0
7310,u_206093,2026-05-16,account_created,free,0.0
7311,u_206093,2026-05-21,upgrade,pro_monthly,9.99
7312,u_206094,2026-06-13,account_created,free,0.0
7313,u_206095,2026-05-01,account_created,free,0.0
7314,u_206096,2026-05-14,account_created,free,0.0
7315,u_206097,2026-06-18,account_created,free,0.0
7316,u_206097,2026-06-20,upgrade,pro_annual,79.99
7317,u_206098,2026-05-10,account_created,free,0.0
7318,u_206099,2026-05-23,account_created,free,0.0
7319,u_206099,2026-05-27,upgrade,pro_monthly,9.99
7320,u_206100,2026-05-17,account_created,free,0.0
7321,u_206101,2026-03-07,account_created,free,0.0
7322,u_206101,2026-03-13,upgrade,pro_monthly,9.99
7323,u_206101,2026-03-29,cancellation,pro_monthly,0.0
7324,u_206102,2026-03-09,account_created,free,0.0
7325,u_206103,2026-04-13,account_created,free,0.0
7326,u_206104,2026-05-29,account_created,free,0.0
7327,u_206105,2026-05-17,account_created,free,0.0
7328,u_206106,2026-04-10,account_created,free,0.0
7329,u_206107,2026-06-16,account_created,free,0.0
7330,u_206108,2026-03-07,account_created,free,0.0
7331,u_206109,2026-06-02,account_created,free,0.0
7332,u_206110,2026-05-17,account_created,free,0.0
7333,u_206111,2026-05-12,account_created,free,0.0
7334,u_206112,2026-04-11,account_created,free,0.0
7335,u_206112,2026-04-16,upgrade,pro_monthly,9.99
7336,u_206112,2026-05-18,cancellation,pro_monthly,0.0
7337,u_206113,2026-04-11,account_created,free,0.0
7338,u_206114,2026-04-16,account_created,free,0.0
7339,u_206115,2026-04-08,account_created,free,0.0
7340,u_206116,2026-05-10,account_created,free,0.0
7341,u_206117,2026-06-18,account_created,free,0.0
7342,u_206117,2026-06-20,upgrade,pro_monthly,9.99
7343,u_206118,2026-03-20,account_created,free,0.0
7344,u_206119,2026-05-02,account_created,free,0.0
7345,u_206120,2026-06-11,account_created,free,0.0
7346,u_206121,2026-03-21,account_created,free,0.0
7347,u_206122,2026-03-18,account_created,free,0.0
7348,u_206122,2026-03-25,upgrade,pro_annual,79.99
7349,u_206123,2026-05-06,account_created,free,0.0
7350,u_206124,2026-04-22,account_created,free,0.0
7351,u_206125,2026-06-17,account_created,free,0.0
7352,u_206126,2026-05-10,account_created,free,0.0
7353,u_206127,2026-06-20,account_created,free,0.0
7354,u_206128,2026-05-20,account_created,free,0.0
7355,u_206129,2026-05-21,account_created,free,0.0
7356,u_206130,2026-03-03,account_created,free,0.0
7357,u_206131,2026-03-13,account_created,free,0.0
7358,u_206132,2026-05-21,account_created,free,0.0
7359,u_206133,2026-05-01,account_created,free,0.0
7360,u_206134,2026-06-10,account_created,free,0.0
7361,u_206135,2026-04-05,account_created,free,0.0
7362,u_206136,2026-06-01,account_created,free,0.0
7363,u_206136,2026-06-06,upgrade,pro_monthly,9.99
7364,u_206137,2026-04-19,account_created,free,0.0
7365,u_206138,2026-03-10,account_created,free,0.0
7366,u_206139,2026-03-29,account_created,free,0.0
7367,u_206140,2026-03-18,account_created,free,0.0
7368,u_206141,2026-05-08,account_created,free,0.0
7369,u_206142,2026-05-16,account_created,free,0.0
7370,u_206143,2026-05-31,account_created,free,0.0
7371,u_206144,2026-03-17,account_created,free,0.0
7372,u_206145,2026-06-18,account_created,free,0.0
7373,u_206146,2026-03-30,account_created,free,0.0
7374,u_206147,2026-05-29,account_created,free,0.0
7375,u_206148,2026-03-26,account_created,free,0.0
7376,u_206149,2026-03-07,account_created,free,0.0
7377,u_206150,2026-05-25,account_created,free,0.0
7378,u_206151,2026-05-04,account_created,free,0.0
7379,u_206152,2026-03-10,account_created,free,0.0
7380,u_206153,2026-05-29,account_created,free,0.0
7381,u_206154,2026-03-31,account_created,free,0.0
7382,u_206154,2026-04-07,upgrade,pro_annual,79.99
7383,u_206155,2026-05-29,account_created,free,0.0
7384,u_206155,2026-06-05,upgrade,enterprise,299.0
7385,u_206156,2026-05-22,account_created,free,0.0
7386,u_206157,2026-05-06,account_created,free,0.0
7387,u_206158,2026-04-21,account_created,free,0.0
7388,u_206158,2026-04-29,upgrade,pro_monthly,9.99
7389,u_206159,2026-04-06,account_created,free,0.0
7390,u_206160,2026-03-09,account_created,free,0.0
7391,u_206161,2026-06-11,account_created,free,0.0
7392,u_206162,2026-04-20,account_created,free,0.0
7393,u_206163,2026-04-14,account_created,free,0.0
7394,u_206164,2026-05-25,account_created,free,0.0
7395,u_206165,2026-04-20,account_created,free,0.0
7396,u_206166,2026-03-25,account_created,free,0.0
7397,u_206167,2026-06-07,account_created,free,0.0
7398,u_206167,2026-06-10,upgrade,pro_monthly,9.99
7399,u_206168,2026-05-27,account_created,free,0.0
7400,u_206169,2026-06-09,account_created,free,0.0
7401,u_206169,2026-06-18,upgrade,pro_monthly,9.99
7402,u_206170,2026-06-01,account_created,free,0.0
7403,u_206170,2026-06-05,upgrade,pro_annual,79.99
7404,u_206171,2026-03-18,account_created,free,0.0
7405,u_206172,2026-05-29,account_created,free,0.0
7406,u_206173,2026-06-07,account_created,free,0.0
7407,u_206174,2026-04-14,account_created,free,0.0
7408,u_206174,2026-04-18,upgrade,pro_annual,79.99
7409,u_206175,2026-04-19,account_created,free,0.0
7410,u_206176,2026-06-12,account_created,free,0.0
7411,u_206177,2026-05-24,account_created,free,0.0
7412,u_206178,2026-05-14,account_created,free,0.0
7413,u_206179,2026-03-30,account_created,free,0.0
7414,u_206179,2026-04-02,upgrade,pro_monthly,9.99
7415,u_206180,2026-05-14,account_created,free,0.0
7416,u_206180,2026-05-23,upgrade,enterprise,299.0
7417,u_206181,2026-06-19,account_created,free,0.0
7418,u_206181,2026-06-21,upgrade,pro_monthly,9.99
7419,u_206182,2026-06-06,account_created,free,0.0
7420,u_206182,2026-06-13,upgrade,pro_monthly,9.99
7421,u_206183,2026-04-26,account_created,free,0.0
7422,u_206183,2026-05-01,upgrade,pro_monthly,9.99
7423,u_206184,2026-05-25,account_created,free,0.0
7424,u_206185,2026-04-16,account_created,free,0.0
7425,u_206186,2026-06-19,account_created,free,0.0
7426,u_206187,2026-06-17,account_created,free,0.0
7427,u_206188,2026-06-19,account_created,free,0.0
7428,u_206189,2026-04-05,account_created,free,0.0
7429,u_206190,2026-05-22,account_created,free,0.0
7430,u_206191,2026-04-05,account_created,free,0.0
7431,u_206192,2026-03-08,account_created,free,0.0
7432,u_206192,2026-03-14,upgrade,pro_monthly,9.99
7433,u_206192,2026-05-02,cancellation,pro_monthly,0.0
7434,u_206193,2026-05-26,account_created,free,0.0
7435,u_206194,2026-06-13,account_created,free,0.0
7436,u_206194,2026-06-15,upgrade,pro_monthly,9.99
7437,u_206195,2026-06-14,account_created,free,0.0
7438,u_206195,2026-06-19,upgrade,pro_monthly,9.99
7439,u_206196,2026-06-03,account_created,free,0.0
7440,u_206197,2026-06-18,account_created,free,0.0
7441,u_206198,2026-04-29,account_created,free,0.0
7442,u_206198,2026-05-08,upgrade,pro_monthly,9.99
7443,u_206199,2026-03-24,account_created,free,0.0
7444,u_206200,2026-05-28,account_created,free,0.0
7445,u_206201,2026-03-09,account_created,free,0.0
7446,u_206201,2026-03-10,upgrade,pro_annual,79.99
7447,u_206202,2026-04-27,account_created,free,0.0
7448,u_206203,2026-05-21,account_created,free,0.0
7449,u_206204,2026-04-11,account_created,free,0.0
7450,u_206205,2026-06-05,account_created,free,0.0
7451,u_206206,2026-06-13,account_created,free,0.0
7452,u_206207,2026-05-08,account_created,free,0.0
7453,u_206208,2026-04-27,account_created,free,0.0
7454,u_206209,2026-04-16,account_created,free,0.0
7455,u_206209,2026-04-18,upgrade,pro_monthly,9.99
7456,u_206210,2026-04-27,account_created,free,0.0
7457,u_206211,2026-05-03,account_created,free,0.0
7458,u_206212,2026-03-04,account_created,free,0.0
7459,u_206213,2026-05-27,account_created,free,0.0
7460,u_206214,2026-03-30,account_created,free,0.0
7461,u_206215,2026-03-20,account_created,free,0.0
7462,u_206216,2026-04-18,account_created,free,0.0
7463,u_206217,2026-03-11,account_created,free,0.0
7464,u_206218,2026-03-21,account_created,free,0.0
7465,u_206219,2026-06-12,account_created,free,0.0
7466,u_206219,2026-06-18,upgrade,enterprise,299.0
7467,u_206220,2026-05-19,account_created,free,0.0
7468,u_206221,2026-05-19,account_created,free,0.0
7469,u_206222,2026-03-14,account_created,free,0.0
7470,u_206222,2026-03-21,upgrade,pro_monthly,9.99
7471,u_206222,2026-04-04,cancellation,pro_monthly,0.0
7472,u_206223,2026-04-19,account_created,free,0.0
7473,u_206224,2026-04-13,account_created,free,0.0
7474,u_206225,2026-03-04,account_created,free,0.0
7475,u_206225,2026-03-06,upgrade,pro_annual,79.99
7476,u_206226,2026-05-31,account_created,free,0.0
7477,u_206226,2026-06-07,upgrade,pro_monthly,9.99
7478,u_206227,2026-04-04,account_created,free,0.0
7479,u_206228,2026-05-09,account_created,free,0.0
7480,u_206229,2026-05-16,account_created,free,0.0
7481,u_206230,2026-04-06,account_created,free,0.0
7482,u_206230,2026-04-07,upgrade,enterprise,299.0
7483,u_206231,2026-04-28,account_created,free,0.0
7484,u_206232,2026-04-20,account_created,free,0.0
7485,u_206232,2026-04-24,upgrade,pro_monthly,9.99
7486,u_206233,2026-06-16,account_created,free,0.0
7487,u_206234,2026-04-04,account_created,free,0.0
7488,u_206235,2026-04-02,account_created,free,0.0
7489,u_206235,2026-04-05,upgrade,pro_annual,79.99
7490,u_206236,2026-05-13,account_created,free,0.0
7491,u_206236,2026-05-19,upgrade,pro_monthly,9.99
7492,u_206237,2026-06-10,account_created,free,0.0
7493,u_206238,2026-04-16,account_created,free,0.0
7494,u_206239,2026-03-29,account_created,free,0.0
7495,u_206240,2026-05-10,account_created,free,0.0
7496,u_206241,2026-04-26,account_created,free,0.0
7497,u_206241,2026-05-04,upgrade,enterprise,299.0
7498,u_206242,2026-05-09,account_created,free,0.0
7499,u_206243,2026-04-04,account_created,free,0.0
7500,u_206244,2026-03-13,account_created,free,0.0
7501,u_206245,2026-03-10,account_created,free,0.0
7502,u_206246,2026-04-13,account_created,free,0.0
7503,u_206246,2026-04-16,upgrade,enterprise,299.0
7504,u_206246,2026-05-20,cancellation,enterprise,0.0
7505,u_206247,2026-03-17,account_created,free,0.0
7506,u_206248,2026-03-06,account_created,free,0.0
7507,u_206249,2026-05-25,account_created,free,0.0
7508,u_206250,2026-03-19,account_created,free,0.0
7509,u_206251,2026-05-01,account_created,free,0.0
7510,u_206252,2026-04-20,account_created,free,0.0
7511,u_206253,2026-03-02,account_created,free,0.0
7512,u_206254,2026-03-09,account_created,free,0.0
7513,u_206254,2026-03-13,upgrade,pro_annual,79.99
7514,u_206255,2026-03-17,account_created,free,0.0
7515,u_206256,2026-05-17,account_created,free,0.0
7516,u_206256,2026-05-21,upgrade,enterprise,299.0
7517,u_206257,2026-04-22,account_created,free,0.0
7518,u_206258,2026-03-31,account_created,free,0.0
7519,u_206259,2026-05-21,account_created,free,0.0
7520,u_206259,2026-05-26,upgrade,pro_annual,79.99
7521,u_206260,2026-05-15,account_created,free,0.0
7522,u_206261,2026-04-27,account_created,free,0.0
7523,u_206262,2026-03-21,account_created,free,0.0
7524,u_206263,2026-06-02,account_created,free,0.0
7525,u_206263,2026-06-10,upgrade,pro_monthly,9.99
7526,u_206264,2026-03-04,account_created,free,0.0
7527,u_206265,2026-04-28,account_created,free,0.0
7528,u_206266,2026-03-22,account_created,free,0.0
7529,u_206267,2026-04-13,account_created,free,0.0
7530,u_206268,2026-03-07,account_created,free,0.0
7531,u_206269,2026-03-09,account_created,free,0.0
7532,u_206270,2026-04-22,account_created,free,0.0
7533,u_206271,2026-04-30,account_created,free,0.0
7534,u_206272,2026-03-02,account_created,free,0.0
7535,u_206273,2026-05-10,account_created,free,0.0
7536,u_206273,2026-05-11,upgrade,enterprise,299.0
7537,u_206274,2026-05-06,account_created,free,0.0
7538,u_206275,2026-05-08,account_created,free,0.0
7539,u_206276,2026-04-22,account_created,free,0.0
7540,u_206276,2026-04-23,upgrade,pro_monthly,9.99
7541,u_206277,2026-05-20,account_created,free,0.0
7542,u_206278,2026-05-20,account_created,free,0.0
7543,u_206279,2026-03-07,account_created,free,0.0
7544,u_206280,2026-03-15,account_created,free,0.0
7545,u_206281,2026-05-16,account_created,free,0.0
7546,u_206282,2026-03-11,account_created,free,0.0
7547,u_206283,2026-04-24,account_created,free,0.0
7548,u_206283,2026-04-27,upgrade,pro_annual,79.99
7549,u_206284,2026-06-10,account_created,free,0.0
7550,u_206285,2026-05-22,account_created,free,0.0
7551,u_206286,2026-06-17,account_created,free,0.0
7552,u_206287,2026-03-06,account_created,free,0.0
7553,u_206287,2026-03-10,upgrade,pro_monthly,9.99
7554,u_206288,2026-03-16,account_created,free,0.0
7555,u_206289,2026-03-06,account_created,free,0.0
7556,u_206290,2026-03-20,account_created,free,0.0
7557,u_206291,2026-04-02,account_created,free,0.0
7558,u_206292,2026-03-07,account_created,free,0.0
7559,u_206293,2026-05-10,account_created,free,0.0
7560,u_206294,2026-03-25,account_created,free,0.0
7561,u_206295,2026-03-07,account_created,free,0.0
7562,u_206296,2026-03-05,account_created,free,0.0
7563,u_206297,2026-04-26,account_created,free,0.0
7564,u_206298,2026-04-14,account_created,free,0.0
7565,u_206299,2026-04-06,account_created,free,0.0
7566,u_206299,2026-04-15,upgrade,pro_monthly,9.99
7567,u_206299,2026-04-28,cancellation,pro_monthly,0.0
7568,u_206300,2026-06-16,account_created,free,0.0
7569,u_206301,2026-03-11,account_created,free,0.0
7570,u_206301,2026-03-19,upgrade,pro_monthly,9.99
7571,u_206301,2026-04-24,cancellation,pro_monthly,0.0
7572,u_206302,2026-03-25,account_created,free,0.0
7573,u_206302,2026-03-26,upgrade,pro_annual,79.99
7574,u_206303,2026-04-23,account_created,free,0.0
7575,u_206304,2026-03-01,account_created,free,0.0
7576,u_206305,2026-06-17,account_created,free,0.0
7577,u_206305,2026-06-21,upgrade,pro_annual,79.99
7578,u_206306,2026-05-25,account_created,free,0.0
7579,u_206307,2026-03-07,account_created,free,0.0
7580,u_206308,2026-04-17,account_created,free,0.0
7581,u_206309,2026-05-07,account_created,free,0.0
7582,u_206310,2026-03-21,account_created,free,0.0
7583,u_206310,2026-03-30,upgrade,pro_monthly,9.99
7584,u_206311,2026-06-13,account_created,free,0.0
7585,u_206312,2026-05-14,account_created,free,0.0
7586,u_206313,2026-04-14,account_created,free,0.0
7587,u_206314,2026-04-04,account_created,free,0.0
7588,u_206315,2026-06-12,account_created,free,0.0
7589,u_206316,2026-05-24,account_created,free,0.0
7590,u_206317,2026-06-11,account_created,free,0.0
7591,u_206317,2026-06-15,upgrade,pro_annual,79.99
7592,u_206318,2026-03-17,account_created,free,0.0
7593,u_206319,2026-06-03,account_created,free,0.0
7594,u_206320,2026-04-24,account_created,free,0.0
7595,u_206321,2026-03-08,account_created,free,0.0
7596,u_206322,2026-03-24,account_created,free,0.0
7597,u_206323,2026-05-13,account_created,free,0.0
7598,u_206324,2026-04-10,account_created,free,0.0
7599,u_206324,2026-04-18,upgrade,pro_monthly,9.99
7600,u_206325,2026-03-21,account_created,free,0.0
7601,u_206326,2026-04-28,account_created,free,0.0
7602,u_206326,2026-05-05,upgrade,pro_annual,79.99
7603,u_206327,2026-03-21,account_created,free,0.0
7604,u_206327,2026-03-28,upgrade,pro_annual,79.99
7605,u_206328,2026-05-30,account_created,free,0.0
7606,u_206328,2026-06-02,upgrade,pro_monthly,9.99
7607,u_206329,2026-04-10,account_created,free,0.0
7608,u_206330,2026-05-16,account_created,free,0.0
7609,u_206331,2026-05-08,account_created,free,0.0
7610,u_206331,2026-05-09,upgrade,pro_annual,79.99
7611,u_206332,2026-03-16,account_created,free,0.0
7612,u_206333,2026-04-19,account_created,free,0.0
7613,u_206334,2026-03-27,account_created,free,0.0
7614,u_206335,2026-04-05,account_created,free,0.0
7615,u_206336,2026-05-29,account_created,free,0.0
7616,u_206337,2026-05-22,account_created,free,0.0
7617,u_206338,2026-03-03,account_created,free,0.0
7618,u_206339,2026-03-27,account_created,free,0.0
7619,u_206340,2026-04-17,account_created,free,0.0
7620,u_206340,2026-04-18,upgrade,pro_annual,79.99
7621,u_206341,2026-05-06,account_created,free,0.0
7622,u_206342,2026-05-28,account_created,free,0.0
7623,u_206343,2026-05-09,account_created,free,0.0
7624,u_206344,2026-06-03,account_created,free,0.0
7625,u_206345,2026-05-10,account_created,free,0.0
7626,u_206346,2026-04-24,account_created,free,0.0
7627,u_206347,2026-04-14,account_created,free,0.0
7628,u_206348,2026-05-09,account_created,free,0.0
7629,u_206349,2026-05-02,account_created,free,0.0
7630,u_206350,2026-05-08,account_created,free,0.0
7631,u_206351,2026-05-05,account_created,free,0.0
7632,u_206352,2026-06-10,account_created,free,0.0
7633,u_206353,2026-05-22,account_created,free,0.0
7634,u_206354,2026-06-15,account_created,free,0.0
7635,u_206355,2026-05-07,account_created,free,0.0
7636,u_206355,2026-05-08,upgrade,pro_monthly,9.99
7637,u_206356,2026-03-17,account_created,free,0.0
7638,u_206357,2026-06-06,account_created,free,0.0
7639,u_206358,2026-06-12,account_created,free,0.0
7640,u_206359,2026-05-27,account_created,free,0.0
7641,u_206359,2026-06-01,upgrade,pro_monthly,9.99
7642,u_206360,2026-03-23,account_created,free,0.0
7643,u_206361,2026-05-11,account_created,free,0.0
7644,u_206362,2026-03-13,account_created,free,0.0
7645,u_206363,2026-04-13,account_created,free,0.0
7646,u_206364,2026-04-21,account_created,free,0.0
7647,u_206364,2026-04-28,upgrade,pro_annual,79.99
7648,u_206365,2026-03-25,account_created,free,0.0
7649,u_206365,2026-04-03,upgrade,pro_annual,79.99
7650,u_206366,2026-04-19,account_created,free,0.0
7651,u_206367,2026-05-22,account_created,free,0.0
7652,u_206367,2026-05-31,upgrade,pro_monthly,9.99
7653,u_206368,2026-03-21,account_created,free,0.0
7654,u_206369,2026-04-18,account_created,free,0.0
7655,u_206370,2026-04-22,account_created,free,0.0
7656,u_206371,2026-04-28,account_created,free,0.0
7657,u_206372,2026-03-24,account_created,free,0.0
7658,u_206373,2026-06-21,account_created,free,0.0
7659,u_206374,2026-03-28,account_created,free,0.0
7660,u_206374,2026-04-06,upgrade,pro_monthly,9.99
7661,u_206374,2026-06-11,cancellation,pro_monthly,0.0
7662,u_206375,2026-04-15,account_created,free,0.0
7663,u_206376,2026-05-13,account_created,free,0.0
7664,u_206377,2026-06-19,account_created,free,0.0
7665,u_206378,2026-03-18,account_created,free,0.0
7666,u_206379,2026-05-22,account_created,free,0.0
7667,u_206379,2026-05-23,upgrade,pro_annual,79.99
7668,u_206379,2026-06-03,cancellation,pro_annual,0.0
7669,u_206380,2026-03-15,account_created,free,0.0
7670,u_206381,2026-03-12,account_created,free,0.0
7671,u_206382,2026-03-16,account_created,free,0.0
7672,u_206383,2026-03-09,account_created,free,0.0
7673,u_206384,2026-06-17,account_created,free,0.0
7674,u_206385,2026-05-13,account_created,free,0.0
7675,u_206386,2026-03-23,account_created,free,0.0
7676,u_206387,2026-04-01,account_created,free,0.0
7677,u_206388,2026-05-18,account_created,free,0.0
7678,u_206389,2026-05-24,account_created,free,0.0
7679,u_206390,2026-03-26,account_created,free,0.0
7680,u_206390,2026-04-04,upgrade,pro_monthly,9.99
7681,u_206390,2026-04-15,cancellation,pro_monthly,0.0
7682,u_206391,2026-06-06,account_created,free,0.0
7683,u_206392,2026-04-27,account_created,free,0.0
7684,u_206393,2026-05-13,account_created,free,0.0
7685,u_206394,2026-03-16,account_created,free,0.0
7686,u_206394,2026-03-25,upgrade,pro_monthly,9.99
7687,u_206395,2026-05-01,account_created,free,0.0
7688,u_206396,2026-04-21,account_created,free,0.0
7689,u_206396,2026-04-30,upgrade,pro_annual,79.99
7690,u_206397,2026-03-03,account_created,free,0.0
7691,u_206398,2026-04-06,account_created,free,0.0
7692,u_206399,2026-06-09,account_created,free,0.0
7693,u_206399,2026-06-12,upgrade,pro_annual,79.99
7694,u_206400,2026-03-01,account_created,free,0.0
7695,u_206401,2026-04-26,account_created,free,0.0
7696,u_206402,2026-05-15,account_created,free,0.0
7697,u_206403,2026-04-30,account_created,free,0.0
7698,u_206404,2026-04-14,account_created,free,0.0
7699,u_206405,2026-06-21,account_created,free,0.0
7700,u_206405,2026-06-30,upgrade,pro_monthly,9.99
7701,u_206406,2026-04-07,account_created,free,0.0
7702,u_206407,2026-03-19,account_created,free,0.0
7703,u_206408,2026-06-14,account_created,free,0.0
7704,u_206409,2026-06-08,account_created,free,0.0
7705,u_206409,2026-06-11,upgrade,pro_annual,79.99
7706,u_206410,2026-05-17,account_created,free,0.0
7707,u_206411,2026-06-04,account_created,free,0.0
7708,u_206412,2026-05-15,account_created,free,0.0
7709,u_206413,2026-05-19,account_created,free,0.0
7710,u_206413,2026-05-24,upgrade,pro_monthly,9.99
7711,u_206414,2026-03-19,account_created,free,0.0
7712,u_206415,2026-03-22,account_created,free,0.0
7713,u_206416,2026-04-11,account_created,free,0.0
7714,u_206417,2026-03-03,account_created,free,0.0
7715,u_206417,2026-03-11,upgrade,pro_annual,79.99
7716,u_206418,2026-05-15,account_created,free,0.0
7717,u_206419,2026-03-03,account_created,free,0.0
7718,u_206419,2026-03-04,upgrade,pro_monthly,9.99
7719,u_206419,2026-04-19,cancellation,pro_monthly,0.0
7720,u_206420,2026-04-16,account_created,free,0.0
7721,u_206421,2026-05-29,account_created,free,0.0
7722,u_206422,2026-05-03,account_created,free,0.0
7723,u_206423,2026-03-27,account_created,free,0.0
7724,u_206424,2026-05-30,account_created,free,0.0
7725,u_206424,2026-06-04,upgrade,pro_monthly,9.99
7726,u_206425,2026-06-14,account_created,free,0.0
7727,u_206426,2026-05-11,account_created,free,0.0
7728,u_206427,2026-05-19,account_created,free,0.0
7729,u_206428,2026-05-14,account_created,free,0.0
7730,u_206428,2026-05-19,upgrade,enterprise,299.0
7731,u_206429,2026-03-19,account_created,free,0.0
7732,u_206430,2026-05-15,account_created,free,0.0
7733,u_206431,2026-04-25,account_created,free,0.0
7734,u_206432,2026-04-11,account_created,free,0.0
7735,u_206433,2026-04-15,account_created,free,0.0
7736,u_206433,2026-04-19,upgrade,pro_monthly,9.99
7737,u_206434,2026-06-15,account_created,free,0.0
7738,u_206435,2026-03-17,account_created,free,0.0
7739,u_206436,2026-03-12,account_created,free,0.0
7740,u_206437,2026-06-02,account_created,free,0.0
7741,u_206438,2026-03-30,account_created,free,0.0
7742,u_206439,2026-03-02,account_created,free,0.0
7743,u_206440,2026-05-20,account_created,free,0.0
7744,u_206441,2026-05-20,account_created,free,0.0
7745,u_206442,2026-06-04,account_created,free,0.0
7746,u_206443,2026-06-01,account_created,free,0.0
7747,u_206444,2026-06-09,account_created,free,0.0
7748,u_206444,2026-06-17,upgrade,pro_annual,79.99
7749,u_206445,2026-05-29,account_created,free,0.0
7750,u_206446,2026-05-13,account_created,free,0.0
7751,u_206447,2026-05-16,account_created,free,0.0
7752,u_206448,2026-03-31,account_created,free,0.0
7753,u_206449,2026-05-04,account_created,free,0.0
7754,u_206450,2026-05-16,account_created,free,0.0
7755,u_206450,2026-05-25,upgrade,pro_annual,79.99
7756,u_206451,2026-05-17,account_created,free,0.0
7757,u_206452,2026-05-23,account_created,free,0.0
7758,u_206453,2026-06-06,account_created,free,0.0
7759,u_206454,2026-05-23,account_created,free,0.0
7760,u_206455,2026-04-06,account_created,free,0.0
7761,u_206456,2026-06-16,account_created,free,0.0
7762,u_206457,2026-06-07,account_created,free,0.0
7763,u_206458,2026-05-17,account_created,free,0.0
7764,u_206459,2026-04-15,account_created,free,0.0
7765,u_206460,2026-05-02,account_created,free,0.0
7766,u_206461,2026-06-08,account_created,free,0.0
7767,u_206461,2026-06-11,upgrade,pro_monthly,9.99
7768,u_206462,2026-04-10,account_created,free,0.0
7769,u_206463,2026-04-18,account_created,free,0.0
7770,u_206464,2026-03-04,account_created,free,0.0
7771,u_206464,2026-03-08,upgrade,pro_annual,79.99
7772,u_206465,2026-05-29,account_created,free,0.0
7773,u_206466,2026-04-27,account_created,free,0.0
7774,u_206466,2026-05-03,upgrade,pro_annual,79.99
7775,u_206467,2026-03-31,account_created,free,0.0
7776,u_206468,2026-05-09,account_created,free,0.0
7777,u_206469,2026-03-07,account_created,free,0.0
7778,u_206470,2026-05-22,account_created,free,0.0
7779,u_206471,2026-05-23,account_created,free,0.0
7780,u_206472,2026-05-29,account_created,free,0.0
7781,u_206473,2026-04-02,account_created,free,0.0
7782,u_206474,2026-04-10,account_created,free,0.0
7783,u_206474,2026-04-15,upgrade,pro_annual,79.99
7784,u_206475,2026-05-12,account_created,free,0.0
7785,u_206476,2026-04-04,account_created,free,0.0
7786,u_206477,2026-04-08,account_created,free,0.0
7787,u_206478,2026-03-16,account_created,free,0.0
7788,u_206479,2026-05-16,account_created,free,0.0
7789,u_206480,2026-05-22,account_created,free,0.0
7790,u_206481,2026-03-07,account_created,free,0.0
7791,u_206482,2026-03-09,account_created,free,0.0
7792,u_206483,2026-06-17,account_created,free,0.0
7793,u_206484,2026-04-27,account_created,free,0.0
7794,u_206484,2026-05-06,upgrade,pro_monthly,9.99
7795,u_206484,2026-06-16,cancellation,pro_monthly,0.0
7796,u_206485,2026-04-13,account_created,free,0.0
7797,u_206486,2026-05-19,account_created,free,0.0
7798,u_206487,2026-04-10,account_created,free,0.0
7799,u_206488,2026-03-29,account_created,free,0.0
7800,u_206489,2026-04-21,account_created,free,0.0
7801,u_206490,2026-05-21,account_created,free,0.0
7802,u_206491,2026-05-30,account_created,free,0.0
7803,u_206491,2026-06-06,upgrade,pro_monthly,9.99
7804,u_206492,2026-04-11,account_created,free,0.0
7805,u_206493,2026-06-04,account_created,free,0.0
7806,u_206494,2026-06-15,account_created,free,0.0
7807,u_206495,2026-03-01,account_created,free,0.0
7808,u_206495,2026-03-10,upgrade,pro_annual,79.99
7809,u_206496,2026-03-07,account_created,free,0.0
7810,u_206497,2026-03-30,account_created,free,0.0
7811,u_206498,2026-03-12,account_created,free,0.0
7812,u_206499,2026-04-28,account_created,free,0.0
7813,u_206500,2026-06-08,account_created,free,0.0
7814,u_206501,2026-03-19,account_created,free,0.0
7815,u_206502,2026-03-30,account_created,free,0.0
7816,u_206503,2026-04-15,account_created,free,0.0
7817,u_206504,2026-04-15,account_created,free,0.0
7818,u_206505,2026-04-01,account_created,free,0.0
7819,u_206506,2026-04-29,account_created,free,0.0
7820,u_206506,2026-05-01,upgrade,pro_monthly,9.99
7821,u_206507,2026-06-13,account_created,free,0.0
7822,u_206508,2026-05-30,account_created,free,0.0
7823,u_206508,2026-06-01,upgrade,pro_monthly,9.99
7824,u_206509,2026-04-28,account_created,free,0.0
7825,u_206509,2026-04-29,upgrade,pro_monthly,9.99
7826,u_206510,2026-04-07,account_created,free,0.0
7827,u_206511,2026-05-21,account_created,free,0.0
7828,u_206512,2026-05-06,account_created,free,0.0
7829,u_206513,2026-03-28,account_created,free,0.0
7830,u_206514,2026-04-08,account_created,free,0.0
7831,u_206515,2026-03-13,account_created,free,0.0
7832,u_206516,2026-04-29,account_created,free,0.0
7833,u_206517,2026-03-07,account_created,free,0.0
7834,u_206517,2026-03-08,upgrade,pro_monthly,9.99
7835,u_206518,2026-03-22,account_created,free,0.0
7836,u_206519,2026-06-06,account_created,free,0.0
7837,u_206520,2026-03-14,account_created,free,0.0
7838,u_206521,2026-03-31,account_created,free,0.0
7839,u_206522,2026-04-01,account_created,free,0.0
7840,u_206523,2026-03-27,account_created,free,0.0
7841,u_206524,2026-05-14,account_created,free,0.0
7842,u_206525,2026-05-05,account_created,free,0.0
7843,u_206525,2026-05-08,upgrade,pro_annual,79.99
7844,u_206526,2026-03-23,account_created,free,0.0
7845,u_206527,2026-03-27,account_created,free,0.0
7846,u_206528,2026-03-23,account_created,free,0.0
7847,u_206529,2026-06-07,account_created,free,0.0
7848,u_206530,2026-04-12,account_created,free,0.0
7849,u_206531,2026-05-12,account_created,free,0.0
7850,u_206532,2026-04-10,account_created,free,0.0
7851,u_206533,2026-05-18,account_created,free,0.0
7852,u_206534,2026-05-31,account_created,free,0.0
7853,u_206535,2026-03-04,account_created,free,0.0
7854,u_206536,2026-06-21,account_created,free,0.0
7855,u_206537,2026-06-16,account_created,free,0.0
7856,u_206538,2026-05-04,account_created,free,0.0
7857,u_206539,2026-05-10,account_created,free,0.0
7858,u_206540,2026-06-20,account_created,free,0.0
7859,u_206541,2026-06-03,account_created,free,0.0
7860,u_206541,2026-06-04,upgrade,pro_monthly,9.99
7861,u_206542,2026-04-05,account_created,free,0.0
7862,u_206543,2026-05-19,account_created,free,0.0
7863,u_206544,2026-04-17,account_created,free,0.0
7864,u_206545,2026-04-22,account_created,free,0.0
7865,u_206546,2026-05-11,account_created,free,0.0
7866,u_206547,2026-03-18,account_created,free,0.0
7867,u_206548,2026-04-05,account_created,free,0.0
7868,u_206549,2026-03-31,account_created,free,0.0
7869,u_206549,2026-04-06,upgrade,pro_monthly,9.99
7870,u_206550,2026-05-11,account_created,free,0.0
7871,u_206551,2026-04-12,account_created,free,0.0
7872,u_206552,2026-03-20,account_created,free,0.0
7873,u_206552,2026-03-21,upgrade,pro_monthly,9.99
7874,u_206552,2026-05-10,cancellation,pro_monthly,0.0
7875,u_206553,2026-06-18,account_created,free,0.0
7876,u_206554,2026-03-02,account_created,free,0.0
7877,u_206555,2026-03-11,account_created,free,0.0
7878,u_206556,2026-04-02,account_created,free,0.0
7879,u_206557,2026-03-04,account_created,free,0.0
7880,u_206558,2026-03-02,account_created,free,0.0
7881,u_206559,2026-04-10,account_created,free,0.0
7882,u_206560,2026-06-13,account_created,free,0.0
7883,u_206561,2026-04-03,account_created,free,0.0
7884,u_206562,2026-03-01,account_created,free,0.0
7885,u_206563,2026-04-10,account_created,free,0.0
7886,u_206564,2026-04-29,account_created,free,0.0
7887,u_206565,2026-03-31,account_created,free,0.0
7888,u_206566,2026-04-23,account_created,free,0.0
7889,u_206567,2026-04-13,account_created,free,0.0
7890,u_206568,2026-06-20,account_created,free,0.0
7891,u_206569,2026-03-31,account_created,free,0.0
7892,u_206569,2026-04-07,upgrade,pro_annual,79.99
7893,u_206569,2026-06-06,cancellation,pro_annual,0.0
7894,u_206570,2026-05-30,account_created,free,0.0
7895,u_206570,2026-06-02,upgrade,pro_monthly,9.99
7896,u_206571,2026-04-01,account_created,free,0.0
7897,u_206572,2026-03-03,account_created,free,0.0
7898,u_206573,2026-03-03,account_created,free,0.0
7899,u_206574,2026-03-03,account_created,free,0.0
7900,u_206575,2026-06-11,account_created,free,0.0
7901,u_206576,2026-05-27,account_created,free,0.0
7902,u_206577,2026-04-15,account_created,free,0.0
7903,u_206578,2026-05-19,account_created,free,0.0
7904,u_206579,2026-06-02,account_created,free,0.0
7905,u_206580,2026-04-14,account_created,free,0.0
7906,u_206581,2026-03-14,account_created,free,0.0
7907,u_206582,2026-03-30,account_created,free,0.0
7908,u_206583,2026-05-27,account_created,free,0.0
7909,u_206584,2026-05-22,account_created,free,0.0
7910,u_206584,2026-05-25,upgrade,pro_annual,79.99
7911,u_206585,2026-05-14,account_created,free,0.0
7912,u_206586,2026-03-28,account_created,free,0.0
7913,u_206587,2026-05-17,account_created,free,0.0
7914,u_206588,2026-05-29,account_created,free,0.0
7915,u_206589,2026-05-28,account_created,free,0.0
7916,u_206590,2026-03-18,account_created,free,0.0
7917,u_206591,2026-04-06,account_created,free,0.0
7918,u_206592,2026-05-19,account_created,free,0.0
7919,u_206593,2026-03-14,account_created,free,0.0
7920,u_206594,2026-05-24,account_created,free,0.0
7921,u_206595,2026-06-19,account_created,free,0.0
7922,u_206595,2026-06-20,upgrade,pro_monthly,9.99
7923,u_206596,2026-04-18,account_created,free,0.0
7924,u_206597,2026-05-17,account_created,free,0.0
7925,u_206598,2026-03-05,account_created,free,0.0
7926,u_206599,2026-06-06,account_created,free,0.0
7927,u_206599,2026-06-10,upgrade,pro_annual,79.99
7928,u_206600,2026-04-24,account_created,free,0.0
7929,u_206601,2026-03-16,account_created,free,0.0
7930,u_206602,2026-05-12,account_created,free,0.0
7931,u_206603,2026-04-17,account_created,free,0.0
7932,u_206604,2026-06-15,account_created,free,0.0
7933,u_206605,2026-03-08,account_created,free,0.0
7934,u_206606,2026-06-12,account_created,free,0.0
7935,u_206606,2026-06-16,upgrade,pro_monthly,9.99
7936,u_206607,2026-04-28,account_created,free,0.0
7937,u_206608,2026-04-15,account_created,free,0.0
7938,u_206609,2026-06-03,account_created,free,0.0
7939,u_206609,2026-06-12,upgrade,pro_annual,79.99
7940,u_206610,2026-03-12,account_created,free,0.0
7941,u_206611,2026-05-03,account_created,free,0.0
7942,u_206611,2026-05-08,upgrade,pro_annual,79.99
7943,u_206612,2026-05-14,account_created,free,0.0
7944,u_206613,2026-04-07,account_created,free,0.0
7945,u_206614,2026-04-18,account_created,free,0.0
7946,u_206614,2026-04-23,upgrade,pro_annual,79.99
7947,u_206615,2026-05-26,account_created,free,0.0
7948,u_206616,2026-05-16,account_created,free,0.0
7949,u_206616,2026-05-25,upgrade,pro_monthly,9.99
7950,u_206617,2026-04-23,account_created,free,0.0
7951,u_206618,2026-03-26,account_created,free,0.0
7952,u_206619,2026-04-13,account_created,free,0.0
7953,u_206619,2026-04-21,upgrade,enterprise,299.0
7954,u_206620,2026-06-11,account_created,free,0.0
7955,u_206621,2026-05-02,account_created,free,0.0
7956,u_206622,2026-06-09,account_created,free,0.0
7957,u_206623,2026-06-04,account_created,free,0.0
7958,u_206624,2026-04-17,account_created,free,0.0
7959,u_206625,2026-03-24,account_created,free,0.0
7960,u_206625,2026-03-25,upgrade,pro_annual,79.99
7961,u_206626,2026-06-04,account_created,free,0.0
7962,u_206626,2026-06-08,upgrade,pro_monthly,9.99
7963,u_206627,2026-03-10,account_created,free,0.0
7964,u_206628,2026-05-05,account_created,free,0.0
7965,u_206629,2026-06-17,account_created,free,0.0
7966,u_206630,2026-04-13,account_created,free,0.0
7967,u_206631,2026-04-14,account_created,free,0.0
7968,u_206631,2026-04-22,upgrade,pro_monthly,9.99
7969,u_206632,2026-04-28,account_created,free,0.0
7970,u_206633,2026-03-08,account_created,free,0.0
7971,u_206634,2026-04-21,account_created,free,0.0
7972,u_206635,2026-05-27,account_created,free,0.0
7973,u_206636,2026-05-13,account_created,free,0.0
7974,u_206637,2026-03-16,account_created,free,0.0
7975,u_206638,2026-03-22,account_created,free,0.0
7976,u_206639,2026-03-23,account_created,free,0.0
7977,u_206640,2026-05-11,account_created,free,0.0
7978,u_206641,2026-04-03,account_created,free,0.0
7979,u_206642,2026-05-29,account_created,free,0.0
7980,u_206643,2026-04-22,account_created,free,0.0
7981,u_206644,2026-03-30,account_created,free,0.0
7982,u_206644,2026-03-31,upgrade,pro_monthly,9.99
7983,u_206644,2026-05-28,cancellation,pro_monthly,0.0
7984,u_206645,2026-04-17,account_created,free,0.0
7985,u_206646,2026-03-13,account_created,free,0.0
7986,u_206647,2026-04-16,account_created,free,0.0
7987,u_206648,2026-05-07,account_created,free,0.0
7988,u_206648,2026-05-16,upgrade,pro_monthly,9.99
7989,u_206649,2026-03-30,account_created,free,0.0
7990,u_206650,2026-06-19,account_created,free,0.0
7991,u_206651,2026-05-31,account_created,free,0.0
7992,u_206652,2026-03-26,account_created,free,0.0
7993,u_206653,2026-05-08,account_created,free,0.0
7994,u_206653,2026-05-16,upgrade,enterprise,299.0
7995,u_206654,2026-06-12,account_created,free,0.0
7996,u_206655,2026-03-29,account_created,free,0.0
7997,u_206656,2026-03-17,account_created,free,0.0
7998,u_206657,2026-06-18,account_created,free,0.0
7999,u_206657,2026-06-25,upgrade,enterprise,299.0
8000,u_206658,2026-03-19,account_created,free,0.0
8001,u_206659,2026-04-28,account_created,free,0.0
8002,u_206660,2026-05-22,account_created,free,0.0
8003,u_206661,2026-03-01,account_created,free,0.0
8004,u_206661,2026-03-05,upgrade,pro_annual,79.99
8005,u_206662,2026-06-10,account_created,free,0.0
8006,u_206663,2026-04-04,account_created,free,0.0
8007,u_206664,2026-06-21,account_created,free,0.0
8008,u_206665,2026-04-13,account_created,free,0.0
8009,u_206666,2026-06-06,account_created,free,0.0
8010,u_206667,2026-06-14,account_created,free,0.0
8011,u_206668,2026-04-18,account_created,free,0.0
8012,u_206669,2026-06-21,account_created,free,0.0
8013,u_206670,2026-05-09,account_created,free,0.0
8014,u_206671,2026-03-30,account_created,free,0.0
8015,u_206672,2026-05-10,account_created,free,0.0
8016,u_206673,2026-06-10,account_created,free,0.0
8017,u_206674,2026-03-17,account_created,free,0.0
8018,u_206675,2026-06-21,account_created,free,0.0
8019,u_206675,2026-06-26,upgrade,pro_monthly,9.99
8020,u_206676,2026-03-10,account_created,free,0.0
8021,u_206677,2026-04-05,account_created,free,0.0
8022,u_206678,2026-03-01,account_created,free,0.0
8023,u_206679,2026-05-25,account_created,free,0.0
8024,u_206680,2026-06-19,account_created,free,0.0
8025,u_206681,2026-06-16,account_created,free,0.0
8026,u_206682,2026-03-26,account_created,free,0.0
8027,u_206683,2026-06-09,account_created,free,0.0
8028,u_206684,2026-04-09,account_created,free,0.0
8029,u_206685,2026-04-04,account_created,free,0.0
8030,u_206686,2026-03-29,account_created,free,0.0
8031,u_206687,2026-06-11,account_created,free,0.0
8032,u_206687,2026-06-17,upgrade,pro_monthly,9.99
8033,u_206688,2026-04-05,account_created,free,0.0
8034,u_206688,2026-04-08,upgrade,pro_monthly,9.99
8035,u_206689,2026-05-20,account_created,free,0.0
8036,u_206690,2026-04-25,account_created,free,0.0
8037,u_206690,2026-04-29,upgrade,pro_monthly,9.99
8038,u_206691,2026-04-18,account_created,free,0.0
8039,u_206691,2026-04-27,upgrade,pro_monthly,9.99
8040,u_206692,2026-05-20,account_created,free,0.0
8041,u_206693,2026-06-20,account_created,free,0.0
8042,u_206694,2026-04-08,account_created,free,0.0
8043,u_206695,2026-04-11,account_created,free,0.0
8044,u_206696,2026-05-13,account_created,free,0.0
8045,u_206697,2026-03-23,account_created,free,0.0
8046,u_206698,2026-03-26,account_created,free,0.0
8047,u_206698,2026-04-03,upgrade,pro_monthly,9.99
8048,u_206699,2026-06-04,account_created,free,0.0
8049,u_206700,2026-05-20,account_created,free,0.0
8050,u_206700,2026-05-26,upgrade,pro_monthly,9.99
8051,u_206701,2026-05-14,account_created,free,0.0
8052,u_206701,2026-05-18,upgrade,pro_annual,79.99
8053,u_206701,2026-06-28,cancellation,pro_annual,0.0
8054,u_206702,2026-04-24,account_created,free,0.0
8055,u_206703,2026-05-10,account_created,free,0.0
8056,u_206703,2026-05-11,upgrade,pro_annual,79.99
8057,u_206704,2026-05-29,account_created,free,0.0
8058,u_206705,2026-05-04,account_created,free,0.0
8059,u_206706,2026-03-07,account_created,free,0.0
8060,u_206707,2026-05-05,account_created,free,0.0
8061,u_206708,2026-04-18,account_created,free,0.0
8062,u_206709,2026-04-28,account_created,free,0.0
8063,u_206710,2026-03-22,account_created,free,0.0
8064,u_206711,2026-04-25,account_created,free,0.0
8065,u_206712,2026-04-07,account_created,free,0.0
8066,u_206713,2026-04-24,account_created,free,0.0
8067,u_206714,2026-05-25,account_created,free,0.0
8068,u_206715,2026-04-15,account_created,free,0.0
8069,u_206716,2026-03-24,account_created,free,0.0
8070,u_206717,2026-06-03,account_created,free,0.0
8071,u_206718,2026-06-21,account_created,free,0.0
8072,u_206719,2026-05-22,account_created,free,0.0
8073,u_206720,2026-06-04,account_created,free,0.0
8074,u_206721,2026-05-25,account_created,free,0.0
8075,u_206721,2026-06-01,upgrade,pro_monthly,9.99
8076,u_206722,2026-03-18,account_created,free,0.0
8077,u_206723,2026-04-17,account_created,free,0.0
8078,u_206724,2026-06-14,account_created,free,0.0
8079,u_206725,2026-06-17,account_created,free,0.0
8080,u_206726,2026-05-03,account_created,free,0.0
8081,u_206727,2026-04-24,account_created,free,0.0
8082,u_206727,2026-05-02,upgrade,pro_monthly,9.99
8083,u_206728,2026-03-07,account_created,free,0.0
8084,u_206728,2026-03-12,upgrade,pro_monthly,9.99
8085,u_206728,2026-05-08,cancellation,pro_monthly,0.0
8086,u_206729,2026-04-01,account_created,free,0.0
8087,u_206730,2026-06-06,account_created,free,0.0
8088,u_206731,2026-04-02,account_created,free,0.0
8089,u_206732,2026-06-18,account_created,free,0.0
8090,u_206733,2026-03-10,account_created,free,0.0
8091,u_206734,2026-03-04,account_created,free,0.0
8092,u_206735,2026-06-13,account_created,free,0.0
8093,u_206735,2026-06-17,upgrade,pro_monthly,9.99
8094,u_206736,2026-05-19,account_created,free,0.0
8095,u_206736,2026-05-26,upgrade,pro_monthly,9.99
8096,u_206737,2026-03-13,account_created,free,0.0
8097,u_206738,2026-05-30,account_created,free,0.0
8098,u_206739,2026-03-03,account_created,free,0.0
8099,u_206740,2026-03-08,account_created,free,0.0
8100,u_206741,2026-05-06,account_created,free,0.0
8101,u_206741,2026-05-11,upgrade,pro_monthly,9.99
8102,u_206742,2026-03-20,account_created,free,0.0
8103,u_206743,2026-05-09,account_created,free,0.0
8104,u_206744,2026-06-16,account_created,free,0.0
8105,u_206745,2026-03-08,account_created,free,0.0
8106,u_206746,2026-04-05,account_created,free,0.0
8107,u_206747,2026-03-10,account_created,free,0.0
8108,u_206748,2026-03-12,account_created,free,0.0
8109,u_206749,2026-04-28,account_created,free,0.0
8110,u_206750,2026-03-25,account_created,free,0.0
8111,u_206751,2026-06-01,account_created,free,0.0
8112,u_206752,2026-04-25,account_created,free,0.0
8113,u_206753,2026-06-16,account_created,free,0.0
8114,u_206754,2026-06-06,account_created,free,0.0
8115,u_206755,2026-04-01,account_created,free,0.0
8116,u_206756,2026-05-07,account_created,free,0.0
8117,u_206756,2026-05-10,upgrade,pro_annual,79.99
8118,u_206756,2026-05-28,cancellation,pro_annual,0.0
8119,u_206757,2026-05-09,account_created,free,0.0
8120,u_206758,2026-04-27,account_created,free,0.0
8121,u_206759,2026-04-16,account_created,free,0.0
8122,u_206759,2026-04-24,upgrade,pro_annual,79.99
8123,u_206760,2026-04-17,account_created,free,0.0
8124,u_206761,2026-03-07,account_created,free,0.0
8125,u_206762,2026-05-19,account_created,free,0.0
8126,u_206763,2026-04-30,account_created,free,0.0
8127,u_206763,2026-05-09,upgrade,pro_monthly,9.99
8128,u_206764,2026-03-11,account_created,free,0.0
8129,u_206764,2026-03-15,upgrade,enterprise,299.0
8130,u_206765,2026-04-05,account_created,free,0.0
8131,u_206766,2026-04-30,account_created,free,0.0
8132,u_206767,2026-03-05,account_created,free,0.0
8133,u_206768,2026-05-30,account_created,free,0.0
8134,u_206768,2026-06-08,upgrade,pro_monthly,9.99
8135,u_206768,2026-06-18,cancellation,pro_monthly,0.0
8136,u_206769,2026-04-19,account_created,free,0.0
8137,u_206770,2026-03-08,account_created,free,0.0
8138,u_206771,2026-06-14,account_created,free,0.0
8139,u_206772,2026-04-23,account_created,free,0.0
8140,u_206772,2026-05-01,upgrade,pro_annual,79.99
8141,u_206773,2026-03-05,account_created,free,0.0
8142,u_206774,2026-03-29,account_created,free,0.0
8143,u_206775,2026-04-16,account_created,free,0.0
8144,u_206776,2026-03-14,account_created,free,0.0
8145,u_206777,2026-04-24,account_created,free,0.0
8146,u_206778,2026-03-23,account_created,free,0.0
8147,u_206779,2026-06-08,account_created,free,0.0
8148,u_206780,2026-04-22,account_created,free,0.0
8149,u_206781,2026-05-24,account_created,free,0.0
8150,u_206782,2026-06-12,account_created,free,0.0
8151,u_206783,2026-05-17,account_created,free,0.0
8152,u_206784,2026-03-28,account_created,free,0.0
8153,u_206785,2026-03-06,account_created,free,0.0
8154,u_206786,2026-05-28,account_created,free,0.0
8155,u_206787,2026-06-09,account_created,free,0.0
8156,u_206787,2026-06-15,upgrade,pro_monthly,9.99
8157,u_206788,2026-03-26,account_created,free,0.0
8158,u_206789,2026-04-27,account_created,free,0.0
8159,u_206790,2026-03-14,account_created,free,0.0
8160,u_206791,2026-06-06,account_created,free,0.0
8161,u_206792,2026-04-06,account_created,free,0.0
8162,u_206792,2026-04-07,upgrade,pro_annual,79.99
8163,u_206793,2026-05-30,account_created,free,0.0
8164,u_206794,2026-04-04,account_created,free,0.0
8165,u_206795,2026-03-24,account_created,free,0.0
8166,u_206796,2026-06-18,account_created,free,0.0
8167,u_206797,2026-05-15,account_created,free,0.0
8168,u_206798,2026-06-12,account_created,free,0.0
8169,u_206799,2026-05-18,account_created,free,0.0
8170,u_206800,2026-04-25,account_created,free,0.0
8171,u_206800,2026-04-28,upgrade,pro_annual,79.99
8172,u_206801,2026-05-12,account_created,free,0.0
8173,u_206801,2026-05-14,upgrade,pro_monthly,9.99
8174,u_206802,2026-04-17,account_created,free,0.0
8175,u_206802,2026-04-26,upgrade,pro_monthly,9.99
8176,u_206802,2026-06-22,cancellation,pro_monthly,0.0
8177,u_206803,2026-06-04,account_created,free,0.0
8178,u_206803,2026-06-06,upgrade,pro_monthly,9.99
8179,u_206804,2026-03-23,account_created,free,0.0
8180,u_206805,2026-03-20,account_created,free,0.0
8181,u_206806,2026-04-12,account_created,free,0.0
8182,u_206807,2026-03-02,account_created,free,0.0
8183,u_206807,2026-03-03,upgrade,pro_monthly,9.99
8184,u_206808,2026-03-19,account_created,free,0.0
8185,u_206809,2026-04-08,account_created,free,0.0
8186,u_206810,2026-03-31,account_created,free,0.0
8187,u_206811,2026-03-15,account_created,free,0.0
8188,u_206812,2026-05-30,account_created,free,0.0
8189,u_206813,2026-04-25,account_created,free,0.0
8190,u_206814,2026-04-08,account_created,free,0.0
8191,u_206815,2026-05-24,account_created,free,0.0
8192,u_206815,2026-05-29,upgrade,pro_monthly,9.99
8193,u_206816,2026-04-03,account_created,free,0.0
8194,u_206817,2026-05-30,account_created,free,0.0
8195,u_206818,2026-05-12,account_created,free,0.0
8196,u_206819,2026-06-19,account_created,free,0.0
8197,u_206819,2026-06-21,upgrade,pro_annual,79.99
8198,u_206820,2026-03-10,account_created,free,0.0
8199,u_206821,2026-03-07,account_created,free,0.0
8200,u_206822,2026-03-25,account_created,free,0.0
8201,u_206823,2026-06-16,account_created,free,0.0
8202,u_206824,2026-04-29,account_created,free,0.0
8203,u_206824,2026-05-01,upgrade,pro_monthly,9.99
8204,u_206824,2026-05-23,cancellation,pro_monthly,0.0
8205,u_206825,2026-04-06,account_created,free,0.0
8206,u_206826,2026-06-02,account_created,free,0.0
8207,u_206827,2026-05-01,account_created,free,0.0
8208,u_206828,2026-04-03,account_created,free,0.0
8209,u_206829,2026-04-30,account_created,free,0.0
8210,u_206830,2026-06-01,account_created,free,0.0
8211,u_206830,2026-06-07,upgrade,pro_annual,79.99
8212,u_206831,2026-03-29,account_created,free,0.0
8213,u_206832,2026-03-11,account_created,free,0.0
8214,u_206832,2026-03-17,upgrade,pro_monthly,9.99
8215,u_206833,2026-04-09,account_created,free,0.0
8216,u_206834,2026-04-08,account_created,free,0.0
8217,u_206835,2026-03-04,account_created,free,0.0
8218,u_206836,2026-04-04,account_created,free,0.0
8219,u_206837,2026-06-13,account_created,free,0.0
8220,u_206838,2026-03-29,account_created,free,0.0
8221,u_206839,2026-03-01,account_created,free,0.0
8222,u_206840,2026-05-14,account_created,free,0.0
8223,u_206840,2026-05-15,upgrade,pro_annual,79.99
8224,u_206841,2026-05-31,account_created,free,0.0
8225,u_206842,2026-05-21,account_created,free,0.0
8226,u_206843,2026-03-02,account_created,free,0.0
8227,u_206844,2026-04-20,account_created,free,0.0
8228,u_206844,2026-04-23,upgrade,pro_monthly,9.99
8229,u_206845,2026-05-03,account_created,free,0.0
8230,u_206846,2026-05-11,account_created,free,0.0
8231,u_206847,2026-03-03,account_created,free,0.0
8232,u_206847,2026-03-09,upgrade,pro_annual,79.99
8233,u_206848,2026-05-19,account_created,free,0.0
8234,u_206848,2026-05-28,upgrade,pro_monthly,9.99
8235,u_206849,2026-03-12,account_created,free,0.0
8236,u_206850,2026-03-15,account_created,free,0.0
8237,u_206851,2026-06-02,account_created,free,0.0
8238,u_206852,2026-06-05,account_created,free,0.0
8239,u_206853,2026-04-04,account_created,free,0.0
8240,u_206854,2026-04-02,account_created,free,0.0
8241,u_206855,2026-04-22,account_created,free,0.0
8242,u_206856,2026-06-09,account_created,free,0.0
8243,u_206856,2026-06-10,upgrade,pro_annual,79.99
8244,u_206857,2026-03-29,account_created,free,0.0
8245,u_206858,2026-03-30,account_created,free,0.0
8246,u_206858,2026-04-08,upgrade,pro_monthly,9.99
8247,u_206859,2026-05-09,account_created,free,0.0
8248,u_206859,2026-05-18,upgrade,pro_monthly,9.99
8249,u_206860,2026-06-16,account_created,free,0.0
8250,u_206861,2026-03-05,account_created,free,0.0
8251,u_206862,2026-05-24,account_created,free,0.0
8252,u_206863,2026-03-22,account_created,free,0.0
8253,u_206864,2026-04-03,account_created,free,0.0
8254,u_206865,2026-05-01,account_created,free,0.0
8255,u_206866,2026-03-19,account_created,free,0.0
8256,u_206867,2026-05-21,account_created,free,0.0
8257,u_206867,2026-05-22,upgrade,pro_monthly,9.99
8258,u_206867,2026-06-03,cancellation,pro_monthly,0.0
8259,u_206868,2026-06-05,account_created,free,0.0
8260,u_206868,2026-06-12,upgrade,pro_annual,79.99
8261,u_206869,2026-06-13,account_created,free,0.0
8262,u_206870,2026-06-13,account_created,free,0.0
8263,u_206871,2026-06-05,account_created,free,0.0
8264,u_206872,2026-03-24,account_created,free,0.0
8265,u_206873,2026-03-20,account_created,free,0.0
8266,u_206874,2026-05-11,account_created,free,0.0
8267,u_206875,2026-04-02,account_created,free,0.0
8268,u_206876,2026-05-20,account_created,free,0.0
8269,u_206877,2026-04-18,account_created,free,0.0
8270,u_206878,2026-05-02,account_created,free,0.0
8271,u_206879,2026-03-11,account_created,free,0.0
8272,u_206880,2026-03-22,account_created,free,0.0
8273,u_206881,2026-03-20,account_created,free,0.0
8274,u_206882,2026-05-03,account_created,free,0.0
8275,u_206883,2026-06-14,account_created,free,0.0
8276,u_206884,2026-05-30,account_created,free,0.0
8277,u_206885,2026-05-01,account_created,free,0.0
8278,u_206886,2026-04-16,account_created,free,0.0
8279,u_206887,2026-04-26,account_created,free,0.0
8280,u_206888,2026-06-18,account_created,free,0.0
8281,u_206889,2026-05-12,account_created,free,0.0
8282,u_206889,2026-05-14,upgrade,enterprise,299.0
8283,u_206890,2026-05-20,account_created,free,0.0
8284,u_206891,2026-06-21,account_created,free,0.0
8285,u_206892,2026-05-03,account_created,free,0.0
8286,u_206893,2026-03-27,account_created,free,0.0
8287,u_206894,2026-04-07,account_created,free,0.0
8288,u_206895,2026-05-03,account_created,free,0.0
8289,u_206896,2026-05-22,account_created,free,0.0
8290,u_206897,2026-04-04,account_created,free,0.0
8291,u_206898,2026-04-17,account_created,free,0.0
8292,u_206899,2026-05-13,account_created,free,0.0
8293,u_206900,2026-03-02,account_created,free,0.0
8294,u_206901,2026-04-09,account_created,free,0.0
8295,u_206902,2026-05-08,account_created,free,0.0
8296,u_206903,2026-03-07,account_created,free,0.0
8297,u_206904,2026-06-12,account_created,free,0.0
8298,u_206905,2026-04-22,account_created,free,0.0
8299,u_206906,2026-03-21,account_created,free,0.0
8300,u_206907,2026-04-12,account_created,free,0.0
8301,u_206907,2026-04-14,upgrade,pro_monthly,9.99
8302,u_206908,2026-04-03,account_created,free,0.0
8303,u_206909,2026-05-09,account_created,free,0.0
8304,u_206910,2026-06-10,account_created,free,0.0
8305,u_206911,2026-04-27,account_created,free,0.0
8306,u_206912,2026-03-20,account_created,free,0.0
8307,u_206913,2026-04-23,account_created,free,0.0
8308,u_206914,2026-05-07,account_created,free,0.0
8309,u_206914,2026-05-11,upgrade,pro_annual,79.99
8310,u_206915,2026-03-11,account_created,free,0.0
8311,u_206916,2026-04-02,account_created,free,0.0
8312,u_206917,2026-06-01,account_created,free,0.0
8313,u_206917,2026-06-02,upgrade,pro_annual,79.99
8314,u_206918,2026-04-12,account_created,free,0.0
8315,u_206919,2026-04-12,account_created,free,0.0
8316,u_206919,2026-04-21,upgrade,pro_monthly,9.99
8317,u_206920,2026-03-18,account_created,free,0.0
8318,u_206921,2026-03-08,account_created,free,0.0
8319,u_206922,2026-04-11,account_created,free,0.0
8320,u_206923,2026-05-08,account_created,free,0.0
8321,u_206924,2026-03-04,account_created,free,0.0
8322,u_206924,2026-03-06,upgrade,pro_annual,79.99
8323,u_206925,2026-05-12,account_created,free,0.0
8324,u_206926,2026-05-26,account_created,free,0.0
8325,u_206927,2026-05-02,account_created,free,0.0
8326,u_206928,2026-04-03,account_created,free,0.0
8327,u_206929,2026-04-29,account_created,free,0.0
8328,u_206930,2026-04-08,account_created,free,0.0
8329,u_206931,2026-04-10,account_created,free,0.0
8330,u_206932,2026-06-04,account_created,free,0.0
8331,u_206933,2026-05-16,account_created,free,0.0
8332,u_206934,2026-04-23,account_created,free,0.0
8333,u_206935,2026-04-22,account_created,free,0.0
8334,u_206936,2026-04-02,account_created,free,0.0
8335,u_206937,2026-04-22,account_created,free,0.0
8336,u_206938,2026-06-13,account_created,free,0.0
8337,u_206938,2026-06-18,upgrade,pro_annual,79.99
8338,u_206939,2026-04-11,account_created,free,0.0
8339,u_206940,2026-05-07,account_created,free,0.0
8340,u_206941,2026-03-21,account_created,free,0.0
8341,u_206941,2026-03-27,upgrade,enterprise,299.0
8342,u_206942,2026-06-10,account_created,free,0.0
8343,u_206943,2026-03-08,account_created,free,0.0
8344,u_206944,2026-03-13,account_created,free,0.0
8345,u_206945,2026-05-22,account_created,free,0.0
8346,u_206946,2026-03-21,account_created,free,0.0
8347,u_206947,2026-04-07,account_created,free,0.0
8348,u_206947,2026-04-11,upgrade,pro_monthly,9.99
8349,u_206948,2026-03-17,account_created,free,0.0
8350,u_206948,2026-03-26,upgrade,pro_annual,79.99
8351,u_206949,2026-05-06,account_created,free,0.0
8352,u_206950,2026-04-30,account_created,free,0.0
8353,u_206951,2026-04-09,account_created,free,0.0
8354,u_206952,2026-04-22,account_created,free,0.0
8355,u_206953,2026-04-15,account_created,free,0.0
8356,u_206953,2026-04-24,upgrade,pro_monthly,9.99
8357,u_206953,2026-06-15,cancellation,pro_monthly,0.0
8358,u_206954,2026-03-16,account_created,free,0.0
8359,u_206955,2026-03-16,account_created,free,0.0
8360,u_206956,2026-03-16,account_created,free,0.0
8361,u_206957,2026-03-21,account_created,free,0.0
8362,u_206958,2026-03-24,account_created,free,0.0
8363,u_206959,2026-05-27,account_created,free,0.0
8364,u_206959,2026-05-28,upgrade,pro_monthly,9.99
8365,u_206960,2026-06-11,account_created,free,0.0
8366,u_206961,2026-05-06,account_created,free,0.0
8367,u_206962,2026-06-05,account_created,free,0.0
8368,u_206963,2026-04-11,account_created,free,0.0
8369,u_206964,2026-05-20,account_created,free,0.0
8370,u_206965,2026-03-03,account_created,free,0.0
8371,u_206966,2026-04-12,account_created,free,0.0
8372,u_206967,2026-06-03,account_created,free,0.0
8373,u_206967,2026-06-09,upgrade,pro_monthly,9.99
8374,u_206968,2026-04-24,account_created,free,0.0
8375,u_206969,2026-05-07,account_created,free,0.0
8376,u_206970,2026-03-19,account_created,free,0.0
8377,u_206971,2026-05-09,account_created,free,0.0
8378,u_206972,2026-06-15,account_created,free,0.0
8379,u_206973,2026-03-04,account_created,free,0.0
8380,u_206973,2026-03-07,upgrade,pro_monthly,9.99
8381,u_206974,2026-06-14,account_created,free,0.0
8382,u_206974,2026-06-21,upgrade,pro_monthly,9.99
8383,u_206975,2026-03-31,account_created,free,0.0
8384,u_206976,2026-05-10,account_created,free,0.0
8385,u_206977,2026-05-16,account_created,free,0.0
8386,u_206978,2026-04-02,account_created,free,0.0
8387,u_206979,2026-06-16,account_created,free,0.0
8388,u_206980,2026-06-03,account_created,free,0.0
8389,u_206981,2026-06-11,account_created,free,0.0
8390,u_206982,2026-03-24,account_created,free,0.0
8391,u_206983,2026-03-21,account_created,free,0.0
8392,u_206984,2026-05-01,account_created,free,0.0
8393,u_206985,2026-05-27,account_created,free,0.0
8394,u_206985,2026-06-02,upgrade,pro_monthly,9.99
8395,u_206986,2026-03-31,account_created,free,0.0
8396,u_206987,2026-05-07,account_created,free,0.0
8397,u_206988,2026-04-29,account_created,free,0.0
8398,u_206989,2026-04-07,account_created,free,0.0
8399,u_206989,2026-04-11,upgrade,pro_monthly,9.99
8400,u_206990,2026-03-09,account_created,free,0.0
8401,u_206991,2026-03-30,account_created,free,0.0
8402,u_206992,2026-03-13,account_created,free,0.0
8403,u_206993,2026-05-31,account_created,free,0.0
8404,u_206993,2026-06-05,upgrade,pro_monthly,9.99
8405,u_206994,2026-04-24,account_created,free,0.0
8406,u_206995,2026-04-04,account_created,free,0.0
8407,u_206996,2026-05-06,account_created,free,0.0
8408,u_206997,2026-06-19,account_created,free,0.0
8409,u_206998,2026-06-11,account_created,free,0.0
8410,u_206999,2026-06-01,account_created,free,0.0
8411,u_206999,2026-06-05,upgrade,pro_annual,79.99
8412,u_207000,2026-06-21,account_created,free,0.0
8413,u_207000,2026-06-24,upgrade,pro_monthly,9.99
8414,u_207001,2026-05-03,account_created,free,0.0
8415,u_207001,2026-05-12,upgrade,pro_annual,79.99
8416,u_207002,2026-03-30,account_created,free,0.0
8417,u_207003,2026-05-14,account_created,free,0.0
8418,u_207003,2026-05-17,upgrade,pro_monthly,9.99
8419,u_207004,2026-05-29,account_created,free,0.0
8420,u_207005,2026-06-04,account_created,free,0.0
8421,u_207006,2026-06-21,account_created,free,0.0
8422,u_207006,2026-06-23,upgrade,pro_annual,79.99
8423,u_207007,2026-05-24,account_created,free,0.0
8424,u_207008,2026-03-28,account_created,free,0.0
8425,u_207009,2026-06-03,account_created,free,0.0
8426,u_207010,2026-04-16,account_created,free,0.0
8427,u_207011,2026-05-23,account_created,free,0.0
8428,u_207012,2026-03-13,account_created,free,0.0
8429,u_207013,2026-06-13,account_created,free,0.0
8430,u_207013,2026-06-14,upgrade,pro_monthly,9.99
8431,u_207014,2026-03-13,account_created,free,0.0
8432,u_207015,2026-05-25,account_created,free,0.0
8433,u_207015,2026-05-31,upgrade,pro_monthly,9.99
8434,u_207016,2026-05-17,account_created,free,0.0
8435,u_207016,2026-05-20,upgrade,enterprise,299.0
8436,u_207016,2026-06-15,cancellation,enterprise,0.0
8437,u_207017,2026-03-11,account_created,free,0.0
8438,u_207018,2026-06-11,account_created,free,0.0
8439,u_207018,2026-06-19,upgrade,pro_annual,79.99
8440,u_207019,2026-06-20,account_created,free,0.0
8441,u_207020,2026-06-13,account_created,free,0.0
8442,u_207021,2026-03-21,account_created,free,0.0
8443,u_207022,2026-06-03,account_created,free,0.0
8444,u_207023,2026-05-17,account_created,free,0.0
8445,u_207024,2026-04-21,account_created,free,0.0
8446,u_207025,2026-04-13,account_created,free,0.0
8447,u_207025,2026-04-14,upgrade,pro_annual,79.99
8448,u_207025,2026-06-10,cancellation,pro_annual,0.0
8449,u_207026,2026-03-20,account_created,free,0.0
8450,u_207027,2026-06-21,account_created,free,0.0
8451,u_207028,2026-06-18,account_created,free,0.0
8452,u_207029,2026-04-25,account_created,free,0.0
8453,u_207029,2026-05-01,upgrade,pro_monthly,9.99
8454,u_207030,2026-04-20,account_created,free,0.0
8455,u_207031,2026-03-13,account_created,free,0.0
8456,u_207032,2026-06-21,account_created,free,0.0
8457,u_207033,2026-04-29,account_created,free,0.0
8458,u_207034,2026-06-10,account_created,free,0.0
8459,u_207035,2026-05-29,account_created,free,0.0
8460,u_207036,2026-03-03,account_created,free,0.0
8461,u_207037,2026-03-08,account_created,free,0.0
8462,u_207038,2026-04-19,account_created,free,0.0
8463,u_207038,2026-04-24,upgrade,pro_annual,79.99
8464,u_207039,2026-05-18,account_created,free,0.0
8465,u_207040,2026-05-24,account_created,free,0.0
8466,u_207041,2026-05-01,account_created,free,0.0
8467,u_207042,2026-04-21,account_created,free,0.0
8468,u_207043,2026-03-04,account_created,free,0.0
8469,u_207044,2026-04-11,account_created,free,0.0
8470,u_207045,2026-03-04,account_created,free,0.0
8471,u_207045,2026-03-08,upgrade,pro_monthly,9.99
8472,u_207045,2026-04-10,cancellation,pro_monthly,0.0
8473,u_207046,2026-03-15,account_created,free,0.0
8474,u_207046,2026-03-23,upgrade,pro_monthly,9.99
8475,u_207047,2026-05-22,account_created,free,0.0
8476,u_207048,2026-03-20,account_created,free,0.0
8477,u_207049,2026-05-22,account_created,free,0.0
8478,u_207050,2026-05-15,account_created,free,0.0
8479,u_207051,2026-04-03,account_created,free,0.0
8480,u_207051,2026-04-06,upgrade,pro_monthly,9.99
8481,u_207052,2026-06-02,account_created,free,0.0
8482,u_207053,2026-04-30,account_created,free,0.0
8483,u_207054,2026-05-17,account_created,free,0.0
8484,u_207055,2026-05-05,account_created,free,0.0
8485,u_207055,2026-05-11,upgrade,pro_monthly,9.99
8486,u_207056,2026-05-14,account_created,free,0.0
8487,u_207057,2026-05-22,account_created,free,0.0
8488,u_207057,2026-05-29,upgrade,pro_monthly,9.99
8489,u_207058,2026-06-12,account_created,free,0.0
8490,u_207059,2026-04-02,account_created,free,0.0
8491,u_207060,2026-03-16,account_created,free,0.0
8492,u_207061,2026-06-04,account_created,free,0.0
8493,u_207062,2026-04-03,account_created,free,0.0
8494,u_207062,2026-04-11,upgrade,pro_monthly,9.99
8495,u_207063,2026-04-21,account_created,free,0.0
8496,u_207064,2026-03-20,account_created,free,0.0
8497,u_207065,2026-05-24,account_created,free,0.0
8498,u_207066,2026-04-07,account_created,free,0.0
8499,u_207066,2026-04-11,upgrade,enterprise,299.0
8500,u_207067,2026-04-01,account_created,free,0.0
8501,u_207068,2026-04-03,account_created,free,0.0
8502,u_207069,2026-04-19,account_created,free,0.0
8503,u_207069,2026-04-23,upgrade,pro_monthly,9.99
8504,u_207070,2026-05-10,account_created,free,0.0
8505,u_207071,2026-06-12,account_created,free,0.0
8506,u_207072,2026-03-08,account_created,free,0.0
8507,u_207073,2026-05-11,account_created,free,0.0
8508,u_207074,2026-04-06,account_created,free,0.0
8509,u_207075,2026-05-24,account_created,free,0.0
8510,u_207076,2026-03-28,account_created,free,0.0
8511,u_207076,2026-03-29,upgrade,pro_monthly,9.99
8512,u_207077,2026-03-11,account_created,free,0.0
8513,u_207078,2026-06-01,account_created,free,0.0
8514,u_207079,2026-05-16,account_created,free,0.0
8515,u_207080,2026-03-24,account_created,free,0.0
8516,u_207081,2026-04-26,account_created,free,0.0
8517,u_207082,2026-04-13,account_created,free,0.0
8518,u_207083,2026-06-04,account_created,free,0.0
8519,u_207084,2026-03-26,account_created,free,0.0
8520,u_207085,2026-05-31,account_created,free,0.0
8521,u_207085,2026-06-02,upgrade,pro_annual,79.99
8522,u_207086,2026-06-03,account_created,free,0.0
8523,u_207087,2026-06-07,account_created,free,0.0
8524,u_207088,2026-06-16,account_created,free,0.0
8525,u_207088,2026-06-25,upgrade,pro_monthly,9.99
8526,u_207089,2026-05-13,account_created,free,0.0
8527,u_207090,2026-05-04,account_created,free,0.0
8528,u_207091,2026-03-08,account_created,free,0.0
8529,u_207092,2026-06-02,account_created,free,0.0
8530,u_207093,2026-05-12,account_created,free,0.0
8531,u_207094,2026-04-14,account_created,free,0.0
8532,u_207094,2026-04-18,upgrade,pro_monthly,9.99
8533,u_207095,2026-04-19,account_created,free,0.0
8534,u_207096,2026-05-22,account_created,free,0.0
8535,u_207097,2026-03-16,account_created,free,0.0
8536,u_207098,2026-04-17,account_created,free,0.0
8537,u_207098,2026-04-22,upgrade,pro_monthly,9.99
8538,u_207099,2026-03-17,account_created,free,0.0
8539,u_207099,2026-03-20,upgrade,pro_annual,79.99
8540,u_207100,2026-04-19,account_created,free,0.0
8541,u_207101,2026-05-19,account_created,free,0.0
8542,u_207102,2026-03-30,account_created,free,0.0
8543,u_207102,2026-04-02,upgrade,pro_annual,79.99
8544,u_207103,2026-06-03,account_created,free,0.0
8545,u_207104,2026-04-28,account_created,free,0.0
8546,u_207105,2026-03-02,account_created,free,0.0
8547,u_207106,2026-06-18,account_created,free,0.0
8548,u_207107,2026-04-05,account_created,free,0.0
8549,u_207107,2026-04-14,upgrade,pro_monthly,9.99
8550,u_207108,2026-03-14,account_created,free,0.0
8551,u_207109,2026-06-02,account_created,free,0.0
8552,u_207110,2026-05-07,account_created,free,0.0
8553,u_207110,2026-05-11,upgrade,pro_monthly,9.99
8554,u_207110,2026-06-03,cancellation,pro_monthly,0.0
8555,u_207111,2026-04-22,account_created,free,0.0
8556,u_207112,2026-05-08,account_created,free,0.0
8557,u_207113,2026-03-15,account_created,free,0.0
8558,u_207114,2026-04-30,account_created,free,0.0
8559,u_207114,2026-05-06,upgrade,pro_monthly,9.99
8560,u_207115,2026-05-03,account_created,free,0.0
8561,u_207116,2026-06-17,account_created,free,0.0
8562,u_207117,2026-03-17,account_created,free,0.0
8563,u_207117,2026-03-22,upgrade,pro_monthly,9.99
8564,u_207118,2026-03-09,account_created,free,0.0
8565,u_207119,2026-04-10,account_created,free,0.0
8566,u_207120,2026-03-09,account_created,free,0.0
8567,u_207121,2026-04-12,account_created,free,0.0
8568,u_207122,2026-04-15,account_created,free,0.0
8569,u_207123,2026-04-01,account_created,free,0.0
8570,u_207124,2026-04-05,account_created,free,0.0
8571,u_207125,2026-04-07,account_created,free,0.0
8572,u_207126,2026-04-14,account_created,free,0.0
8573,u_207127,2026-05-23,account_created,free,0.0
8574,u_207127,2026-05-29,upgrade,pro_annual,79.99
8575,u_207128,2026-04-26,account_created,free,0.0
8576,u_207129,2026-03-08,account_created,free,0.0
8577,u_207129,2026-03-10,upgrade,enterprise,299.0
8578,u_207130,2026-03-22,account_created,free,0.0
8579,u_207131,2026-06-12,account_created,free,0.0
8580,u_207132,2026-03-04,account_created,free,0.0
8581,u_207133,2026-05-15,account_created,free,0.0
8582,u_207134,2026-05-21,account_created,free,0.0
8583,u_207135,2026-05-01,account_created,free,0.0
8584,u_207136,2026-06-21,account_created,free,0.0
8585,u_207136,2026-06-25,upgrade,pro_monthly,9.99
8586,u_207137,2026-06-03,account_created,free,0.0
8587,u_207138,2026-06-02,account_created,free,0.0
8588,u_207139,2026-05-26,account_created,free,0.0
8589,u_207140,2026-05-10,account_created,free,0.0
8590,u_207141,2026-03-21,account_created,free,0.0
8591,u_207142,2026-03-12,account_created,free,0.0
8592,u_207143,2026-05-29,account_created,free,0.0
8593,u_207144,2026-05-11,account_created,free,0.0
8594,u_207145,2026-05-11,account_created,free,0.0
8595,u_207146,2026-06-14,account_created,free,0.0
8596,u_207147,2026-03-13,account_created,free,0.0
8597,u_207148,2026-05-03,account_created,free,0.0
8598,u_207149,2026-04-01,account_created,free,0.0
8599,u_207150,2026-04-23,account_created,free,0.0
8600,u_207151,2026-04-23,account_created,free,0.0
8601,u_207152,2026-05-06,account_created,free,0.0
8602,u_207153,2026-03-22,account_created,free,0.0
8603,u_207154,2026-03-14,account_created,free,0.0
8604,u_207154,2026-03-15,upgrade,pro_monthly,9.99
8605,u_207155,2026-05-30,account_created,free,0.0
8606,u_207156,2026-05-07,account_created,free,0.0
8607,u_207157,2026-03-01,account_created,free,0.0
8608,u_207158,2026-06-01,account_created,free,0.0
8609,u_207158,2026-06-06,upgrade,pro_monthly,9.99
8610,u_207159,2026-03-11,account_created,free,0.0
8611,u_207160,2026-05-01,account_created,free,0.0
8612,u_207160,2026-05-08,upgrade,pro_annual,79.99
8613,u_207161,2026-06-11,account_created,free,0.0
8614,u_207162,2026-06-14,account_created,free,0.0
8615,u_207163,2026-03-05,account_created,free,0.0
8616,u_207164,2026-04-09,account_created,free,0.0
8617,u_207165,2026-05-27,account_created,free,0.0
8618,u_207166,2026-03-10,account_created,free,0.0
8619,u_207167,2026-04-08,account_created,free,0.0
8620,u_207168,2026-05-09,account_created,free,0.0
8621,u_207169,2026-05-20,account_created,free,0.0
8622,u_207170,2026-03-06,account_created,free,0.0
8623,u_207171,2026-05-13,account_created,free,0.0
8624,u_207171,2026-05-16,upgrade,pro_annual,79.99
8625,u_207171,2026-06-03,cancellation,pro_annual,0.0
8626,u_207172,2026-06-13,account_created,free,0.0
8627,u_207173,2026-06-17,account_created,free,0.0
8628,u_207174,2026-04-04,account_created,free,0.0
8629,u_207175,2026-04-12,account_created,free,0.0
8630,u_207176,2026-06-02,account_created,free,0.0
8631,u_207176,2026-06-05,upgrade,pro_annual,79.99
8632,u_207177,2026-06-05,account_created,free,0.0
8633,u_207177,2026-06-12,upgrade,pro_monthly,9.99
8634,u_207178,2026-04-09,account_created,free,0.0
8635,u_207179,2026-06-01,account_created,free,0.0
8636,u_207180,2026-05-25,account_created,free,0.0
8637,u_207181,2026-04-21,account_created,free,0.0
8638,u_207182,2026-04-22,account_created,free,0.0
8639,u_207183,2026-04-14,account_created,free,0.0
8640,u_207183,2026-04-18,upgrade,pro_monthly,9.99
8641,u_207184,2026-04-20,account_created,free,0.0
8642,u_207184,2026-04-26,upgrade,pro_monthly,9.99
8643,u_207184,2026-06-17,cancellation,pro_monthly,0.0
8644,u_207185,2026-06-09,account_created,free,0.0
8645,u_207186,2026-04-14,account_created,free,0.0
8646,u_207187,2026-06-21,account_created,free,0.0
8647,u_207188,2026-03-16,account_created,free,0.0
8648,u_207189,2026-03-11,account_created,free,0.0
8649,u_207190,2026-04-24,account_created,free,0.0
8650,u_207191,2026-05-13,account_created,free,0.0
8651,u_207192,2026-04-20,account_created,free,0.0
8652,u_207192,2026-04-21,upgrade,pro_monthly,9.99
8653,u_207193,2026-03-13,account_created,free,0.0
8654,u_207194,2026-05-17,account_created,free,0.0
8655,u_207194,2026-05-20,upgrade,pro_monthly,9.99
8656,u_207194,2026-06-03,cancellation,pro_monthly,0.0
8657,u_207195,2026-05-28,account_created,free,0.0
8658,u_207196,2026-04-09,account_created,free,0.0
8659,u_207197,2026-05-03,account_created,free,0.0
8660,u_207198,2026-06-05,account_created,free,0.0
8661,u_207199,2026-05-21,account_created,free,0.0
8662,u_207200,2026-05-03,account_created,free,0.0
8663,u_207201,2026-03-14,account_created,free,0.0
8664,u_207202,2026-06-03,account_created,free,0.0
8665,u_207203,2026-03-12,account_created,free,0.0
8666,u_207204,2026-05-10,account_created,free,0.0
8667,u_207205,2026-06-17,account_created,free,0.0
8668,u_207206,2026-03-24,account_created,free,0.0
8669,u_207207,2026-06-20,account_created,free,0.0
8670,u_207208,2026-03-15,account_created,free,0.0
8671,u_207209,2026-03-01,account_created,free,0.0
8672,u_207210,2026-03-27,account_created,free,0.0
8673,u_207211,2026-06-01,account_created,free,0.0
8674,u_207211,2026-06-02,upgrade,pro_monthly,9.99
8675,u_207212,2026-03-20,account_created,free,0.0
8676,u_207213,2026-04-05,account_created,free,0.0
8677,u_207214,2026-06-17,account_created,free,0.0
8678,u_207215,2026-06-10,account_created,free,0.0
8679,u_207216,2026-06-04,account_created,free,0.0
8680,u_207217,2026-05-27,account_created,free,0.0
8681,u_207218,2026-05-21,account_created,free,0.0
8682,u_207219,2026-03-18,account_created,free,0.0
8683,u_207220,2026-03-15,account_created,free,0.0
8684,u_207221,2026-03-25,account_created,free,0.0
8685,u_207222,2026-05-26,account_created,free,0.0
8686,u_207223,2026-06-08,account_created,free,0.0
8687,u_207223,2026-06-17,upgrade,pro_monthly,9.99
8688,u_207224,2026-06-14,account_created,free,0.0
8689,u_207225,2026-05-11,account_created,free,0.0
8690,u_207226,2026-05-12,account_created,free,0.0
8691,u_207227,2026-06-15,account_created,free,0.0
8692,u_207228,2026-05-03,account_created,free,0.0
8693,u_207229,2026-05-29,account_created,free,0.0
8694,u_207230,2026-03-14,account_created,free,0.0
8695,u_207231,2026-03-13,account_created,free,0.0
8696,u_207232,2026-03-14,account_created,free,0.0
8697,u_207232,2026-03-21,upgrade,pro_monthly,9.99
8698,u_207233,2026-05-19,account_created,free,0.0
8699,u_207234,2026-05-07,account_created,free,0.0
8700,u_207235,2026-03-29,account_created,free,0.0
8701,u_207236,2026-05-01,account_created,free,0.0
8702,u_207236,2026-05-02,upgrade,pro_monthly,9.99
8703,u_207237,2026-03-30,account_created,free,0.0
8704,u_207238,2026-05-24,account_created,free,0.0
8705,u_207239,2026-05-08,account_created,free,0.0
8706,u_207240,2026-04-23,account_created,free,0.0
8707,u_207241,2026-04-15,account_created,free,0.0
8708,u_207242,2026-06-20,account_created,free,0.0
8709,u_207243,2026-04-17,account_created,free,0.0
8710,u_207243,2026-04-25,upgrade,pro_monthly,9.99
8711,u_207243,2026-05-16,cancellation,pro_monthly,0.0
8712,u_207244,2026-04-27,account_created,free,0.0
8713,u_207245,2026-06-16,account_created,free,0.0
8714,u_207245,2026-06-23,upgrade,pro_monthly,9.99
8715,u_207246,2026-04-20,account_created,free,0.0
8716,u_207247,2026-05-27,account_created,free,0.0
8717,u_207248,2026-06-16,account_created,free,0.0
8718,u_207249,2026-06-14,account_created,free,0.0
8719,u_207250,2026-04-21,account_created,free,0.0
8720,u_207251,2026-03-29,account_created,free,0.0
8721,u_207252,2026-04-23,account_created,free,0.0
8722,u_207253,2026-05-03,account_created,free,0.0
8723,u_207254,2026-05-28,account_created,free,0.0
8724,u_207255,2026-03-15,account_created,free,0.0
8725,u_207255,2026-03-18,upgrade,pro_annual,79.99
8726,u_207256,2026-05-14,account_created,free,0.0
8727,u_207257,2026-05-06,account_created,free,0.0
8728,u_207258,2026-04-20,account_created,free,0.0
8729,u_207259,2026-06-21,account_created,free,0.0
8730,u_207259,2026-06-25,upgrade,pro_monthly,9.99
8731,u_207260,2026-03-31,account_created,free,0.0
8732,u_207261,2026-06-11,account_created,free,0.0
8733,u_207262,2026-04-14,account_created,free,0.0
8734,u_207263,2026-03-19,account_created,free,0.0
8735,u_207264,2026-04-11,account_created,free,0.0
8736,u_207265,2026-05-16,account_created,free,0.0
8737,u_207266,2026-03-17,account_created,free,0.0
8738,u_207266,2026-03-22,upgrade,pro_annual,79.99
8739,u_207266,2026-05-08,cancellation,pro_annual,0.0
8740,u_207267,2026-05-17,account_created,free,0.0
8741,u_207268,2026-03-14,account_created,free,0.0
8742,u_207269,2026-04-18,account_created,free,0.0
8743,u_207270,2026-06-18,account_created,free,0.0
8744,u_207271,2026-03-21,account_created,free,0.0
8745,u_207272,2026-03-23,account_created,free,0.0
8746,u_207273,2026-04-04,account_created,free,0.0
8747,u_207274,2026-04-05,account_created,free,0.0
8748,u_207274,2026-04-10,upgrade,pro_annual,79.99
8749,u_207275,2026-04-08,account_created,free,0.0
8750,u_207276,2026-05-02,account_created,free,0.0
8751,u_207277,2026-04-26,account_created,free,0.0
8752,u_207277,2026-04-30,upgrade,pro_monthly,9.99
8753,u_207278,2026-05-27,account_created,free,0.0
8754,u_207279,2026-03-04,account_created,free,0.0
8755,u_207280,2026-05-09,account_created,free,0.0
8756,u_207281,2026-05-02,account_created,free,0.0
8757,u_207282,2026-03-25,account_created,free,0.0
8758,u_207283,2026-06-06,account_created,free,0.0
8759,u_207284,2026-05-18,account_created,free,0.0
8760,u_207285,2026-05-16,account_created,free,0.0
8761,u_207286,2026-05-01,account_created,free,0.0
8762,u_207287,2026-04-26,account_created,free,0.0
8763,u_207288,2026-06-13,account_created,free,0.0
8764,u_207289,2026-04-13,account_created,free,0.0
8765,u_207290,2026-06-01,account_created,free,0.0
8766,u_207291,2026-06-07,account_created,free,0.0
8767,u_207291,2026-06-15,upgrade,pro_annual,79.99
8768,u_207292,2026-03-15,account_created,free,0.0
8769,u_207293,2026-05-30,account_created,free,0.0
8770,u_207294,2026-03-08,account_created,free,0.0
8771,u_207295,2026-05-14,account_created,free,0.0
8772,u_207295,2026-05-18,upgrade,pro_annual,79.99
8773,u_207296,2026-03-08,account_created,free,0.0
8774,u_207296,2026-03-16,upgrade,pro_annual,79.99
8775,u_207297,2026-06-15,account_created,free,0.0
8776,u_207297,2026-06-23,upgrade,pro_monthly,9.99
8777,u_207298,2026-04-25,account_created,free,0.0
8778,u_207299,2026-06-01,account_created,free,0.0
8779,u_207300,2026-03-26,account_created,free,0.0
8780,u_207301,2026-06-17,account_created,free,0.0
8781,u_207301,2026-06-22,upgrade,pro_monthly,9.99
8782,u_207302,2026-03-16,account_created,free,0.0
8783,u_207302,2026-03-17,upgrade,pro_monthly,9.99
8784,u_207303,2026-06-09,account_created,free,0.0
8785,u_207304,2026-06-09,account_created,free,0.0
8786,u_207305,2026-05-07,account_created,free,0.0
8787,u_207306,2026-05-21,account_created,free,0.0
8788,u_207307,2026-03-16,account_created,free,0.0
8789,u_207308,2026-03-11,account_created,free,0.0
8790,u_207308,2026-03-17,upgrade,pro_monthly,9.99
8791,u_207309,2026-04-27,account_created,free,0.0
8792,u_207310,2026-04-08,account_created,free,0.0
8793,u_207310,2026-04-14,upgrade,enterprise,299.0
8794,u_207311,2026-06-11,account_created,free,0.0
8795,u_207312,2026-06-11,account_created,free,0.0
8796,u_207313,2026-03-20,account_created,free,0.0
8797,u_207314,2026-05-21,account_created,free,0.0
8798,u_207315,2026-03-23,account_created,free,0.0
8799,u_207315,2026-03-29,upgrade,pro_annual,79.99
8800,u_207316,2026-05-11,account_created,free,0.0
8801,u_207317,2026-04-22,account_created,free,0.0
8802,u_207318,2026-04-10,account_created,free,0.0
8803,u_207319,2026-05-16,account_created,free,0.0
8804,u_207319,2026-05-17,upgrade,pro_annual,79.99
8805,u_207320,2026-03-31,account_created,free,0.0
8806,u_207321,2026-04-10,account_created,free,0.0
8807,u_207322,2026-05-30,account_created,free,0.0
8808,u_207322,2026-06-06,upgrade,pro_monthly,9.99
8809,u_207323,2026-05-23,account_created,free,0.0
8810,u_207324,2026-05-02,account_created,free,0.0
8811,u_207325,2026-03-19,account_created,free,0.0
8812,u_207326,2026-03-22,account_created,free,0.0
8813,u_207327,2026-06-13,account_created,free,0.0
8814,u_207327,2026-06-18,upgrade,pro_monthly,9.99
8815,u_207328,2026-03-21,account_created,free,0.0
8816,u_207329,2026-06-12,account_created,free,0.0
8817,u_207330,2026-04-12,account_created,free,0.0
8818,u_207331,2026-04-17,account_created,free,0.0
8819,u_207331,2026-04-20,upgrade,pro_annual,79.99
8820,u_207332,2026-03-09,account_created,free,0.0
8821,u_207333,2026-05-16,account_created,free,0.0
8822,u_207334,2026-03-19,account_created,free,0.0
8823,u_207334,2026-03-23,upgrade,pro_annual,79.99
8824,u_207335,2026-06-20,account_created,free,0.0
8825,u_207336,2026-03-22,account_created,free,0.0
8826,u_207337,2026-04-15,account_created,free,0.0
8827,u_207337,2026-04-18,upgrade,pro_monthly,9.99
8828,u_207337,2026-05-07,cancellation,pro_monthly,0.0
8829,u_207338,2026-03-11,account_created,free,0.0
8830,u_207339,2026-04-23,account_created,free,0.0
8831,u_207340,2026-04-07,account_created,free,0.0
8832,u_207341,2026-04-05,account_created,free,0.0
8833,u_207342,2026-04-28,account_created,free,0.0
8834,u_207343,2026-06-05,account_created,free,0.0
8835,u_207344,2026-05-11,account_created,free,0.0
8836,u_207345,2026-03-20,account_created,free,0.0
8837,u_207346,2026-03-06,account_created,free,0.0
8838,u_207346,2026-03-07,upgrade,pro_monthly,9.99
8839,u_207347,2026-04-10,account_created,free,0.0
8840,u_207348,2026-04-07,account_created,free,0.0
8841,u_207349,2026-05-10,account_created,free,0.0
8842,u_207350,2026-06-15,account_created,free,0.0
8843,u_207350,2026-06-22,upgrade,pro_monthly,9.99
8844,u_207351,2026-05-02,account_created,free,0.0
8845,u_207352,2026-05-15,account_created,free,0.0
8846,u_207353,2026-03-04,account_created,free,0.0
8847,u_207354,2026-05-10,account_created,free,0.0
8848,u_207355,2026-04-18,account_created,free,0.0
8849,u_207356,2026-04-17,account_created,free,0.0
8850,u_207357,2026-05-24,account_created,free,0.0
8851,u_207358,2026-04-23,account_created,free,0.0
8852,u_207359,2026-04-22,account_created,free,0.0
8853,u_207359,2026-04-29,upgrade,pro_annual,79.99
8854,u_207360,2026-04-03,account_created,free,0.0
8855,u_207361,2026-05-13,account_created,free,0.0
8856,u_207362,2026-03-13,account_created,free,0.0
8857,u_207363,2026-05-28,account_created,free,0.0
8858,u_207364,2026-05-20,account_created,free,0.0
8859,u_207365,2026-06-06,account_created,free,0.0
8860,u_207366,2026-05-24,account_created,free,0.0
8861,u_207367,2026-05-16,account_created,free,0.0
8862,u_207368,2026-04-03,account_created,free,0.0
8863,u_207369,2026-03-17,account_created,free,0.0
8864,u_207370,2026-03-14,account_created,free,0.0
8865,u_207371,2026-03-08,account_created,free,0.0
8866,u_207372,2026-06-13,account_created,free,0.0
8867,u_207373,2026-05-05,account_created,free,0.0
8868,u_207374,2026-03-07,account_created,free,0.0
8869,u_207375,2026-06-01,account_created,free,0.0
8870,u_207376,2026-04-04,account_created,free,0.0
8871,u_207376,2026-04-12,upgrade,pro_annual,79.99
8872,u_207377,2026-06-17,account_created,free,0.0
8873,u_207378,2026-04-06,account_created,free,0.0
8874,u_207378,2026-04-12,upgrade,pro_monthly,9.99
8875,u_207379,2026-05-08,account_created,free,0.0
8876,u_207380,2026-06-11,account_created,free,0.0
8877,u_207381,2026-03-28,account_created,free,0.0
8878,u_207382,2026-05-12,account_created,free,0.0
8879,u_207383,2026-04-10,account_created,free,0.0
8880,u_207384,2026-04-29,account_created,free,0.0
8881,u_207384,2026-05-03,upgrade,pro_monthly,9.99
8882,u_207384,2026-06-26,cancellation,pro_monthly,0.0
8883,u_207385,2026-03-24,account_created,free,0.0
8884,u_207386,2026-04-14,account_created,free,0.0
8885,u_207387,2026-05-30,account_created,free,0.0
8886,u_207388,2026-05-10,account_created,free,0.0
8887,u_207389,2026-03-07,account_created,free,0.0
8888,u_207390,2026-04-26,account_created,free,0.0
8889,u_207391,2026-03-08,account_created,free,0.0
8890,u_207392,2026-04-10,account_created,free,0.0
8891,u_207393,2026-04-05,account_created,free,0.0
8892,u_207394,2026-03-08,account_created,free,0.0
8893,u_207395,2026-04-29,account_created,free,0.0
8894,u_207396,2026-04-01,account_created,free,0.0
8895,u_207397,2026-03-26,account_created,free,0.0
8896,u_207398,2026-06-17,account_created,free,0.0
8897,u_207399,2026-06-16,account_created,free,0.0
8898,u_207400,2026-06-04,account_created,free,0.0
8899,u_207401,2026-05-17,account_created,free,0.0
8900,u_207402,2026-05-06,account_created,free,0.0
8901,u_207403,2026-05-16,account_created,free,0.0
8902,u_207404,2026-05-21,account_created,free,0.0
8903,u_207405,2026-04-19,account_created,free,0.0
8904,u_207406,2026-03-05,account_created,free,0.0
8905,u_207406,2026-03-06,upgrade,pro_annual,79.99
8906,u_207407,2026-03-27,account_created,free,0.0
8907,u_207408,2026-04-22,account_created,free,0.0
8908,u_207409,2026-03-08,account_created,free,0.0
8909,u_207409,2026-03-16,upgrade,pro_annual,79.99
8910,u_207410,2026-03-30,account_created,free,0.0
8911,u_207411,2026-04-05,account_created,free,0.0
8912,u_207412,2026-03-06,account_created,free,0.0
8913,u_207413,2026-04-25,account_created,free,0.0
8914,u_207414,2026-06-14,account_created,free,0.0
8915,u_207415,2026-04-10,account_created,free,0.0
8916,u_207416,2026-03-30,account_created,free,0.0
8917,u_207416,2026-04-05,upgrade,enterprise,299.0
8918,u_207417,2026-06-12,account_created,free,0.0
8919,u_207418,2026-03-18,account_created,free,0.0
8920,u_207419,2026-05-30,account_created,free,0.0
8921,u_207420,2026-05-09,account_created,free,0.0
8922,u_207421,2026-03-04,account_created,free,0.0
8923,u_207422,2026-03-12,account_created,free,0.0
8924,u_207423,2026-04-11,account_created,free,0.0
8925,u_207423,2026-04-15,upgrade,pro_monthly,9.99
8926,u_207423,2026-06-06,cancellation,pro_monthly,0.0
8927,u_207424,2026-05-05,account_created,free,0.0
8928,u_207425,2026-06-06,account_created,free,0.0
8929,u_207426,2026-05-19,account_created,free,0.0
8930,u_207427,2026-03-07,account_created,free,0.0
8931,u_207428,2026-04-06,account_created,free,0.0
8932,u_207429,2026-04-07,account_created,free,0.0
8933,u_207430,2026-05-28,account_created,free,0.0
8934,u_207431,2026-05-22,account_created,free,0.0
8935,u_207432,2026-03-02,account_created,free,0.0
8936,u_207433,2026-06-15,account_created,free,0.0
8937,u_207434,2026-04-05,account_created,free,0.0
8938,u_207435,2026-03-13,account_created,free,0.0
8939,u_207436,2026-03-14,account_created,free,0.0
8940,u_207437,2026-04-21,account_created,free,0.0
8941,u_207438,2026-03-30,account_created,free,0.0
8942,u_207439,2026-05-27,account_created,free,0.0
8943,u_207440,2026-05-22,account_created,free,0.0
8944,u_207441,2026-03-02,account_created,free,0.0
8945,u_207442,2026-05-11,account_created,free,0.0
8946,u_207443,2026-06-14,account_created,free,0.0
8947,u_207444,2026-04-26,account_created,free,0.0
8948,u_207445,2026-06-03,account_created,free,0.0
8949,u_207446,2026-05-07,account_created,free,0.0
8950,u_207447,2026-03-14,account_created,free,0.0
8951,u_207447,2026-03-23,upgrade,pro_monthly,9.99
8952,u_207448,2026-06-08,account_created,free,0.0
8953,u_207449,2026-05-17,account_created,free,0.0
8954,u_207450,2026-04-13,account_created,free,0.0
8955,u_207451,2026-03-23,account_created,free,0.0
8956,u_207452,2026-03-15,account_created,free,0.0
8957,u_207452,2026-03-17,upgrade,pro_annual,79.99
8958,u_207453,2026-03-01,account_created,free,0.0
8959,u_207454,2026-03-12,account_created,free,0.0
8960,u_207455,2026-05-12,account_created,free,0.0
8961,u_207456,2026-04-29,account_created,free,0.0
8962,u_207457,2026-05-03,account_created,free,0.0
8963,u_207458,2026-06-04,account_created,free,0.0
8964,u_207459,2026-06-07,account_created,free,0.0
8965,u_207460,2026-06-02,account_created,free,0.0
8966,u_207461,2026-03-17,account_created,free,0.0
8967,u_207462,2026-06-09,account_created,free,0.0
8968,u_207463,2026-04-29,account_created,free,0.0
8969,u_207464,2026-04-17,account_created,free,0.0
8970,u_207464,2026-04-26,upgrade,pro_annual,79.99
8971,u_207464,2026-05-18,cancellation,pro_annual,0.0
8972,u_207465,2026-04-27,account_created,free,0.0
8973,u_207466,2026-04-06,account_created,free,0.0
8974,u_207467,2026-06-07,account_created,free,0.0
8975,u_207468,2026-05-20,account_created,free,0.0
8976,u_207468,2026-05-29,upgrade,pro_annual,79.99
8977,u_207469,2026-05-16,account_created,free,0.0
8978,u_207470,2026-03-15,account_created,free,0.0
8979,u_207471,2026-03-19,account_created,free,0.0
8980,u_207472,2026-05-10,account_created,free,0.0
8981,u_207473,2026-04-22,account_created,free,0.0
8982,u_207474,2026-03-17,account_created,free,0.0
8983,u_207475,2026-06-07,account_created,free,0.0
8984,u_207476,2026-03-20,account_created,free,0.0
8985,u_207477,2026-04-30,account_created,free,0.0
8986,u_207478,2026-03-27,account_created,free,0.0
8987,u_207479,2026-05-26,account_created,free,0.0
8988,u_207480,2026-05-29,account_created,free,0.0
8989,u_207481,2026-06-20,account_created,free,0.0
8990,u_207482,2026-06-18,account_created,free,0.0
8991,u_207483,2026-04-15,account_created,free,0.0
8992,u_207484,2026-03-29,account_created,free,0.0
8993,u_207484,2026-04-03,upgrade,pro_monthly,9.99
8994,u_207485,2026-04-16,account_created,free,0.0
8995,u_207486,2026-04-28,account_created,free,0.0
8996,u_207487,2026-03-11,account_created,free,0.0
8997,u_207487,2026-03-17,upgrade,pro_monthly,9.99
8998,u_207488,2026-05-25,account_created,free,0.0
8999,u_207489,2026-03-21,account_created,free,0.0
9000,u_207490,2026-05-18,account_created,free,0.0
9001,u_207491,2026-03-12,account_created,free,0.0
9002,u_207492,2026-04-10,account_created,free,0.0
9003,u_207493,2026-06-21,account_created,free,0.0
9004,u_207494,2026-04-13,account_created,free,0.0
9005,u_207495,2026-06-18,account_created,free,0.0
9006,u_207496,2026-03-22,account_created,free,0.0
9007,u_207497,2026-05-26,account_created,free,0.0
9008,u_207498,2026-05-29,account_created,free,0.0
9009,u_207499,2026-05-29,account_created,free,0.0
9010,u_207500,2026-03-09,account_created,free,0.0
9011,u_207500,2026-03-15,upgrade,pro_monthly,9.99
9012,u_207501,2026-03-06,account_created,free,0.0
9013,u_207501,2026-03-08,upgrade,pro_annual,79.99
9014,u_207502,2026-05-01,account_created,free,0.0
9015,u_207503,2026-03-22,account_created,free,0.0
9016,u_207503,2026-03-23,upgrade,pro_monthly,9.99
9017,u_207504,2026-03-14,account_created,free,0.0
9018,u_207505,2026-06-07,account_created,free,0.0
9019,u_207506,2026-05-29,account_created,free,0.0
9020,u_207507,2026-06-18,account_created,free,0.0
9021,u_207508,2026-04-23,account_created,free,0.0
9022,u_207508,2026-04-25,upgrade,enterprise,299.0
9023,u_207509,2026-03-04,account_created,free,0.0
9024,u_207510,2026-06-10,account_created,free,0.0
9025,u_207511,2026-06-09,account_created,free,0.0
9026,u_207511,2026-06-17,upgrade,pro_monthly,9.99
9027,u_207512,2026-05-01,account_created,free,0.0
9028,u_207513,2026-06-01,account_created,free,0.0
9029,u_207513,2026-06-03,upgrade,pro_annual,79.99
9030,u_207514,2026-04-10,account_created,free,0.0
9031,u_207514,2026-04-17,upgrade,pro_monthly,9.99
9032,u_207515,2026-04-01,account_created,free,0.0
9033,u_207515,2026-04-03,upgrade,pro_monthly,9.99
9034,u_207515,2026-06-06,cancellation,pro_monthly,0.0
9035,u_207516,2026-05-06,account_created,free,0.0
9036,u_207517,2026-05-25,account_created,free,0.0
9037,u_207518,2026-03-27,account_created,free,0.0
9038,u_207519,2026-06-14,account_created,free,0.0
9039,u_207520,2026-06-16,account_created,free,0.0
9040,u_207520,2026-06-23,upgrade,pro_monthly,9.99
9041,u_207521,2026-05-13,account_created,free,0.0
9042,u_207522,2026-05-24,account_created,free,0.0
9043,u_207523,2026-05-29,account_created,free,0.0
9044,u_207523,2026-06-03,upgrade,pro_monthly,9.99
9045,u_207524,2026-03-15,account_created,free,0.0
9046,u_207525,2026-04-08,account_created,free,0.0
9047,u_207526,2026-06-08,account_created,free,0.0
9048,u_207526,2026-06-17,upgrade,pro_monthly,9.99
9049,u_207527,2026-03-12,account_created,free,0.0
9050,u_207528,2026-03-09,account_created,free,0.0
9051,u_207529,2026-04-24,account_created,free,0.0
9052,u_207530,2026-04-09,account_created,free,0.0
9053,u_207531,2026-03-19,account_created,free,0.0
9054,u_207532,2026-04-04,account_created,free,0.0
9055,u_207533,2026-04-19,account_created,free,0.0
9056,u_207534,2026-03-28,account_created,free,0.0
9057,u_207534,2026-04-06,upgrade,pro_monthly,9.99
9058,u_207535,2026-04-23,account_created,free,0.0
9059,u_207535,2026-04-29,upgrade,enterprise,299.0
9060,u_207536,2026-05-05,account_created,free,0.0
9061,u_207537,2026-04-01,account_created,free,0.0
9062,u_207537,2026-04-09,upgrade,pro_monthly,9.99
9063,u_207538,2026-03-25,account_created,free,0.0
9064,u_207539,2026-06-04,account_created,free,0.0
9065,u_207540,2026-06-19,account_created,free,0.0
9066,u_207540,2026-06-21,upgrade,pro_annual,79.99
9067,u_207541,2026-05-11,account_created,free,0.0
9068,u_207542,2026-04-06,account_created,free,0.0
9069,u_207543,2026-06-04,account_created,free,0.0
9070,u_207544,2026-06-14,account_created,free,0.0
9071,u_207545,2026-05-14,account_created,free,0.0
9072,u_207546,2026-05-24,account_created,free,0.0
9073,u_207547,2026-04-24,account_created,free,0.0
9074,u_207548,2026-05-09,account_created,free,0.0
9075,u_207549,2026-04-13,account_created,free,0.0
9076,u_207550,2026-04-24,account_created,free,0.0
9077,u_207551,2026-05-11,account_created,free,0.0
9078,u_207551,2026-05-15,upgrade,pro_monthly,9.99
9079,u_207552,2026-06-08,account_created,free,0.0
9080,u_207553,2026-03-10,account_created,free,0.0
9081,u_207554,2026-03-09,account_created,free,0.0
9082,u_207555,2026-04-05,account_created,free,0.0
9083,u_207555,2026-04-06,upgrade,pro_monthly,9.99
9084,u_207556,2026-05-14,account_created,free,0.0
9085,u_207557,2026-06-06,account_created,free,0.0
9086,u_207558,2026-05-17,account_created,free,0.0
9087,u_207559,2026-05-20,account_created,free,0.0
9088,u_207560,2026-06-18,account_created,free,0.0
9089,u_207561,2026-05-14,account_created,free,0.0
9090,u_207562,2026-06-17,account_created,free,0.0
9091,u_207563,2026-03-11,account_created,free,0.0
9092,u_207564,2026-05-27,account_created,free,0.0
9093,u_207564,2026-05-28,upgrade,pro_monthly,9.99
9094,u_207565,2026-03-11,account_created,free,0.0
9095,u_207566,2026-04-28,account_created,free,0.0
9096,u_207566,2026-04-29,upgrade,pro_monthly,9.99
9097,u_207566,2026-05-12,cancellation,pro_monthly,0.0
9098,u_207567,2026-04-29,account_created,free,0.0
9099,u_207568,2026-03-11,account_created,free,0.0
9100,u_207569,2026-03-01,account_created,free,0.0
9101,u_207570,2026-03-05,account_created,free,0.0
9102,u_207570,2026-03-06,upgrade,pro_monthly,9.99
9103,u_207571,2026-04-09,account_created,free,0.0
9104,u_207572,2026-04-22,account_created,free,0.0
9105,u_207573,2026-04-16,account_created,free,0.0
9106,u_207574,2026-04-02,account_created,free,0.0
9107,u_207575,2026-04-07,account_created,free,0.0
9108,u_207576,2026-03-14,account_created,free,0.0
9109,u_207577,2026-05-20,account_created,free,0.0
9110,u_207578,2026-06-14,account_created,free,0.0
9111,u_207578,2026-06-20,upgrade,pro_monthly,9.99
9112,u_207579,2026-03-22,account_created,free,0.0
9113,u_207579,2026-03-28,upgrade,pro_annual,79.99
9114,u_207580,2026-06-05,account_created,free,0.0
9115,u_207581,2026-06-17,account_created,free,0.0
9116,u_207582,2026-03-26,account_created,free,0.0
9117,u_207583,2026-05-22,account_created,free,0.0
9118,u_207584,2026-05-25,account_created,free,0.0
9119,u_207585,2026-03-22,account_created,free,0.0
9120,u_207586,2026-03-09,account_created,free,0.0
9121,u_207587,2026-05-28,account_created,free,0.0
9122,u_207588,2026-03-12,account_created,free,0.0
9123,u_207588,2026-03-21,upgrade,pro_annual,79.99
9124,u_207589,2026-04-14,account_created,free,0.0
9125,u_207590,2026-06-05,account_created,free,0.0
9126,u_207591,2026-03-30,account_created,free,0.0
9127,u_207592,2026-06-18,account_created,free,0.0
9128,u_207593,2026-06-10,account_created,free,0.0
9129,u_207594,2026-03-23,account_created,free,0.0
9130,u_207595,2026-04-11,account_created,free,0.0
9131,u_207596,2026-04-28,account_created,free,0.0
9132,u_207596,2026-05-06,upgrade,pro_monthly,9.99
9133,u_207597,2026-04-21,account_created,free,0.0
9134,u_207598,2026-04-25,account_created,free,0.0
9135,u_207599,2026-05-08,account_created,free,0.0
9136,u_207599,2026-05-09,upgrade,pro_monthly,9.99
9137,u_207600,2026-05-08,account_created,free,0.0
9138,u_207601,2026-05-16,account_created,free,0.0
9139,u_207602,2026-05-18,account_created,free,0.0
9140,u_207603,2026-03-26,account_created,free,0.0
9141,u_207604,2026-03-25,account_created,free,0.0
9142,u_207604,2026-03-26,upgrade,pro_annual,79.99
9143,u_207604,2026-04-07,cancellation,pro_annual,0.0
9144,u_207605,2026-03-15,account_created,free,0.0
9145,u_207606,2026-03-26,account_created,free,0.0
9146,u_207606,2026-03-30,upgrade,enterprise,299.0
9147,u_207607,2026-05-23,account_created,free,0.0
9148,u_207608,2026-05-18,account_created,free,0.0
9149,u_207609,2026-06-04,account_created,free,0.0
9150,u_207610,2026-03-02,account_created,free,0.0
9151,u_207611,2026-03-26,account_created,free,0.0
9152,u_207611,2026-04-01,upgrade,enterprise,299.0
9153,u_207612,2026-04-07,account_created,free,0.0
9154,u_207612,2026-04-15,upgrade,pro_monthly,9.99
9155,u_207613,2026-04-22,account_created,free,0.0
9156,u_207614,2026-05-13,account_created,free,0.0
9157,u_207615,2026-03-07,account_created,free,0.0
9158,u_207616,2026-03-31,account_created,free,0.0
9159,u_207617,2026-04-10,account_created,free,0.0
9160,u_207618,2026-04-16,account_created,free,0.0
9161,u_207619,2026-06-09,account_created,free,0.0
9162,u_207620,2026-05-03,account_created,free,0.0
9163,u_207621,2026-05-29,account_created,free,0.0
9164,u_207621,2026-06-03,upgrade,pro_monthly,9.99
9165,u_207622,2026-06-16,account_created,free,0.0
9166,u_207623,2026-03-28,account_created,free,0.0
9167,u_207624,2026-03-08,account_created,free,0.0
9168,u_207624,2026-03-10,upgrade,pro_annual,79.99
9169,u_207624,2026-04-26,cancellation,pro_annual,0.0
9170,u_207625,2026-05-07,account_created,free,0.0
9171,u_207626,2026-06-11,account_created,free,0.0
9172,u_207627,2026-05-26,account_created,free,0.0
9173,u_207628,2026-05-31,account_created,free,0.0
9174,u_207629,2026-06-06,account_created,free,0.0
9175,u_207630,2026-04-09,account_created,free,0.0
9176,u_207631,2026-05-31,account_created,free,0.0
9177,u_207632,2026-03-15,account_created,free,0.0
9178,u_207633,2026-05-29,account_created,free,0.0
9179,u_207634,2026-03-03,account_created,free,0.0
9180,u_207635,2026-05-03,account_created,free,0.0
9181,u_207636,2026-05-21,account_created,free,0.0
9182,u_207637,2026-04-26,account_created,free,0.0
9183,u_207638,2026-05-24,account_created,free,0.0
9184,u_207639,2026-05-27,account_created,free,0.0
9185,u_207640,2026-06-16,account_created,free,0.0
9186,u_207640,2026-06-18,upgrade,pro_monthly,9.99
9187,u_207641,2026-06-03,account_created,free,0.0
9188,u_207641,2026-06-07,upgrade,pro_monthly,9.99
9189,u_207642,2026-03-30,account_created,free,0.0
9190,u_207643,2026-03-02,account_created,free,0.0
9191,u_207643,2026-03-04,upgrade,pro_monthly,9.99
9192,u_207644,2026-03-12,account_created,free,0.0
9193,u_207645,2026-04-26,account_created,free,0.0
9194,u_207646,2026-05-11,account_created,free,0.0
9195,u_207646,2026-05-18,upgrade,pro_monthly,9.99
9196,u_207647,2026-03-31,account_created,free,0.0
9197,u_207648,2026-03-13,account_created,free,0.0
9198,u_207649,2026-05-11,account_created,free,0.0
9199,u_207650,2026-04-02,account_created,free,0.0
9200,u_207651,2026-03-08,account_created,free,0.0
9201,u_207651,2026-03-12,upgrade,pro_annual,79.99
9202,u_207652,2026-04-04,account_created,free,0.0
9203,u_207653,2026-05-16,account_created,free,0.0
9204,u_207653,2026-05-21,upgrade,pro_monthly,9.99
9205,u_207654,2026-05-02,account_created,free,0.0
9206,u_207655,2026-06-02,account_created,free,0.0
9207,u_207656,2026-06-04,account_created,free,0.0
9208,u_207657,2026-04-28,account_created,free,0.0
9209,u_207658,2026-04-15,account_created,free,0.0
9210,u_207659,2026-03-21,account_created,free,0.0
9211,u_207660,2026-03-17,account_created,free,0.0
9212,u_207661,2026-06-21,account_created,free,0.0
9213,u_207662,2026-06-15,account_created,free,0.0
9214,u_207663,2026-05-16,account_created,free,0.0
9215,u_207664,2026-05-05,account_created,free,0.0
9216,u_207665,2026-03-01,account_created,free,0.0
9217,u_207665,2026-03-04,upgrade,pro_annual,79.99
9218,u_207666,2026-05-07,account_created,free,0.0
9219,u_207666,2026-05-15,upgrade,pro_annual,79.99
9220,u_207667,2026-03-22,account_created,free,0.0
9221,u_207668,2026-03-30,account_created,free,0.0
9222,u_207668,2026-04-03,upgrade,pro_monthly,9.99
9223,u_207669,2026-06-05,account_created,free,0.0
9224,u_207670,2026-05-13,account_created,free,0.0
9225,u_207671,2026-05-19,account_created,free,0.0
9226,u_207671,2026-05-24,upgrade,pro_monthly,9.99
9227,u_207672,2026-05-15,account_created,free,0.0
9228,u_207673,2026-03-14,account_created,free,0.0
9229,u_207674,2026-03-22,account_created,free,0.0
9230,u_207675,2026-06-17,account_created,free,0.0
9231,u_207675,2026-06-25,upgrade,pro_annual,79.99
9232,u_207676,2026-04-13,account_created,free,0.0
9233,u_207677,2026-04-06,account_created,free,0.0
9234,u_207677,2026-04-07,upgrade,pro_monthly,9.99
9235,u_207678,2026-03-16,account_created,free,0.0
9236,u_207678,2026-03-18,upgrade,pro_annual,79.99
9237,u_207679,2026-03-22,account_created,free,0.0
9238,u_207679,2026-03-28,upgrade,pro_monthly,9.99
9239,u_207680,2026-06-21,account_created,free,0.0
9240,u_207681,2026-04-08,account_created,free,0.0
9241,u_207682,2026-04-11,account_created,free,0.0
9242,u_207683,2026-04-18,account_created,free,0.0
9243,u_207683,2026-04-25,upgrade,pro_monthly,9.99
9244,u_207684,2026-04-03,account_created,free,0.0
9245,u_207684,2026-04-12,upgrade,pro_annual,79.99
9246,u_207685,2026-06-18,account_created,free,0.0
9247,u_207686,2026-03-07,account_created,free,0.0
9248,u_207687,2026-05-20,account_created,free,0.0
9249,u_207687,2026-05-25,upgrade,pro_annual,79.99
9250,u_207688,2026-04-10,account_created,free,0.0
9251,u_207688,2026-04-18,upgrade,pro_annual,79.99
9252,u_207689,2026-06-16,account_created,free,0.0
9253,u_207690,2026-05-16,account_created,free,0.0
9254,u_207690,2026-05-24,upgrade,pro_monthly,9.99
9255,u_207691,2026-06-12,account_created,free,0.0
9256,u_207692,2026-04-27,account_created,free,0.0
9257,u_207692,2026-05-01,upgrade,pro_monthly,9.99
9258,u_207693,2026-04-11,account_created,free,0.0
9259,u_207694,2026-03-06,account_created,free,0.0
9260,u_207695,2026-03-21,account_created,free,0.0
9261,u_207696,2026-06-21,account_created,free,0.0
9262,u_207697,2026-04-21,account_created,free,0.0
9263,u_207698,2026-06-21,account_created,free,0.0
9264,u_207699,2026-05-14,account_created,free,0.0
9265,u_207700,2026-04-19,account_created,free,0.0
9266,u_207700,2026-04-24,upgrade,pro_annual,79.99
9267,u_207701,2026-03-18,account_created,free,0.0
9268,u_207702,2026-03-26,account_created,free,0.0
9269,u_207702,2026-03-27,upgrade,pro_monthly,9.99
9270,u_207702,2026-05-07,cancellation,pro_monthly,0.0
9271,u_207703,2026-03-09,account_created,free,0.0
9272,u_207704,2026-03-23,account_created,free,0.0
9273,u_207704,2026-03-27,upgrade,pro_monthly,9.99
9274,u_207705,2026-05-08,account_created,free,0.0
9275,u_207706,2026-05-08,account_created,free,0.0
9276,u_207707,2026-04-03,account_created,free,0.0
9277,u_207708,2026-03-02,account_created,free,0.0
9278,u_207709,2026-05-04,account_created,free,0.0
9279,u_207709,2026-05-11,upgrade,enterprise,299.0
9280,u_207710,2026-05-08,account_created,free,0.0
9281,u_207711,2026-06-15,account_created,free,0.0
9282,u_207712,2026-05-29,account_created,free,0.0
9283,u_207713,2026-03-13,account_created,free,0.0
9284,u_207713,2026-03-20,upgrade,pro_monthly,9.99
9285,u_207714,2026-06-04,account_created,free,0.0
9286,u_207715,2026-05-17,account_created,free,0.0
9287,u_207716,2026-03-17,account_created,free,0.0
9288,u_207717,2026-04-23,account_created,free,0.0
9289,u_207718,2026-06-15,account_created,free,0.0
9290,u_207719,2026-06-17,account_created,free,0.0
9291,u_207720,2026-06-03,account_created,free,0.0
9292,u_207721,2026-06-14,account_created,free,0.0
9293,u_207722,2026-05-15,account_created,free,0.0
9294,u_207723,2026-06-02,account_created,free,0.0
9295,u_207724,2026-04-07,account_created,free,0.0
9296,u_207724,2026-04-15,upgrade,pro_annual,79.99
9297,u_207725,2026-06-06,account_created,free,0.0
9298,u_207725,2026-06-15,upgrade,pro_monthly,9.99
9299,u_207726,2026-05-03,account_created,free,0.0
9300,u_207727,2026-05-22,account_created,free,0.0
9301,u_207727,2026-05-27,upgrade,pro_monthly,9.99
9302,u_207728,2026-05-07,account_created,free,0.0
9303,u_207729,2026-03-21,account_created,free,0.0
9304,u_207730,2026-05-10,account_created,free,0.0
9305,u_207731,2026-06-07,account_created,free,0.0
9306,u_207732,2026-03-10,account_created,free,0.0
9307,u_207732,2026-03-19,upgrade,pro_monthly,9.99
9308,u_207733,2026-03-14,account_created,free,0.0
9309,u_207733,2026-03-16,upgrade,pro_monthly,9.99
9310,u_207734,2026-05-31,account_created,free,0.0
9311,u_207735,2026-03-14,account_created,free,0.0
9312,u_207735,2026-03-17,upgrade,pro_monthly,9.99
9313,u_207735,2026-04-26,cancellation,pro_monthly,0.0
9314,u_207736,2026-06-05,account_created,free,0.0
9315,u_207737,2026-04-19,account_created,free,0.0
9316,u_207738,2026-04-03,account_created,free,0.0
9317,u_207739,2026-03-01,account_created,free,0.0
9318,u_207740,2026-03-04,account_created,free,0.0
9319,u_207741,2026-03-09,account_created,free,0.0
9320,u_207742,2026-03-27,account_created,free,0.0
9321,u_207743,2026-05-20,account_created,free,0.0
9322,u_207744,2026-03-07,account_created,free,0.0
9323,u_207745,2026-03-27,account_created,free,0.0
9324,u_207746,2026-06-18,account_created,free,0.0
9325,u_207747,2026-03-09,account_created,free,0.0
9326,u_207747,2026-03-11,upgrade,pro_monthly,9.99
9327,u_207748,2026-06-20,account_created,free,0.0
9328,u_207749,2026-03-10,account_created,free,0.0
9329,u_207750,2026-06-16,account_created,free,0.0
9330,u_207751,2026-04-17,account_created,free,0.0
9331,u_207752,2026-03-09,account_created,free,0.0
9332,u_207753,2026-04-07,account_created,free,0.0
9333,u_207753,2026-04-15,upgrade,pro_annual,79.99
9334,u_207754,2026-05-29,account_created,free,0.0
9335,u_207755,2026-05-12,account_created,free,0.0
9336,u_207756,2026-06-20,account_created,free,0.0
9337,u_207757,2026-05-13,account_created,free,0.0
9338,u_207758,2026-03-10,account_created,free,0.0
9339,u_207759,2026-03-11,account_created,free,0.0
9340,u_207759,2026-03-17,upgrade,pro_monthly,9.99
9341,u_207760,2026-03-26,account_created,free,0.0
9342,u_207761,2026-03-15,account_created,free,0.0
9343,u_207762,2026-03-31,account_created,free,0.0
9344,u_207763,2026-05-14,account_created,free,0.0
9345,u_207763,2026-05-15,upgrade,pro_annual,79.99
9346,u_207764,2026-05-05,account_created,free,0.0
9347,u_207765,2026-03-03,account_created,free,0.0
9348,u_207766,2026-06-16,account_created,free,0.0
9349,u_207767,2026-03-24,account_created,free,0.0
9350,u_207768,2026-06-03,account_created,free,0.0
9351,u_207769,2026-05-24,account_created,free,0.0
9352,u_207769,2026-05-26,upgrade,pro_monthly,9.99
9353,u_207770,2026-04-10,account_created,free,0.0
9354,u_207771,2026-06-19,account_created,free,0.0
9355,u_207771,2026-06-26,upgrade,pro_monthly,9.99
9356,u_207772,2026-04-06,account_created,free,0.0
9357,u_207772,2026-04-07,upgrade,pro_monthly,9.99
9358,u_207773,2026-05-19,account_created,free,0.0
9359,u_207774,2026-03-27,account_created,free,0.0
9360,u_207775,2026-05-07,account_created,free,0.0
9361,u_207776,2026-04-14,account_created,free,0.0
9362,u_207777,2026-06-12,account_created,free,0.0
9363,u_207778,2026-04-27,account_created,free,0.0
9364,u_207779,2026-05-14,account_created,free,0.0
9365,u_207779,2026-05-16,upgrade,pro_monthly,9.99
9366,u_207780,2026-05-01,account_created,free,0.0
9367,u_207781,2026-03-06,account_created,free,0.0
9368,u_207782,2026-04-16,account_created,free,0.0
9369,u_207783,2026-03-18,account_created,free,0.0
9370,u_207784,2026-03-31,account_created,free,0.0
9371,u_207785,2026-06-01,account_created,free,0.0
9372,u_207785,2026-06-03,upgrade,pro_annual,79.99
9373,u_207786,2026-05-24,account_created,free,0.0
9374,u_207787,2026-03-28,account_created,free,0.0
9375,u_207788,2026-03-03,account_created,free,0.0
9376,u_207789,2026-03-18,account_created,free,0.0
9377,u_207790,2026-05-09,account_created,free,0.0
9378,u_207791,2026-03-07,account_created,free,0.0
9379,u_207792,2026-05-12,account_created,free,0.0
9380,u_207793,2026-05-22,account_created,free,0.0
9381,u_207794,2026-04-19,account_created,free,0.0
9382,u_207794,2026-04-22,upgrade,pro_monthly,9.99
9383,u_207794,2026-05-21,cancellation,pro_monthly,0.0
9384,u_207795,2026-04-09,account_created,free,0.0
9385,u_207796,2026-06-06,account_created,free,0.0
9386,u_207797,2026-04-26,account_created,free,0.0
9387,u_207798,2026-06-14,account_created,free,0.0
9388,u_207798,2026-06-21,upgrade,pro_annual,79.99
9389,u_207799,2026-05-11,account_created,free,0.0
9390,u_207800,2026-04-27,account_created,free,0.0
9391,u_207801,2026-04-04,account_created,free,0.0
9392,u_207801,2026-04-10,upgrade,pro_annual,79.99
9393,u_207801,2026-05-20,cancellation,pro_annual,0.0
9394,u_207802,2026-05-31,account_created,free,0.0
9395,u_207803,2026-03-18,account_created,free,0.0
9396,u_207804,2026-04-03,account_created,free,0.0
9397,u_207805,2026-06-16,account_created,free,0.0
9398,u_207806,2026-03-25,account_created,free,0.0
9399,u_207807,2026-03-30,account_created,free,0.0
9400,u_207807,2026-04-05,upgrade,pro_monthly,9.99
9401,u_207808,2026-06-21,account_created,free,0.0
9402,u_207809,2026-03-17,account_created,free,0.0
9403,u_207810,2026-03-28,account_created,free,0.0
9404,u_207811,2026-03-07,account_created,free,0.0
9405,u_207811,2026-03-13,upgrade,pro_monthly,9.99
9406,u_207811,2026-04-08,cancellation,pro_monthly,0.0
9407,u_207812,2026-05-11,account_created,free,0.0
9408,u_207813,2026-05-19,account_created,free,0.0
9409,u_207813,2026-05-21,upgrade,pro_monthly,9.99
9410,u_207814,2026-03-13,account_created,free,0.0
9411,u_207815,2026-04-03,account_created,free,0.0
9412,u_207816,2026-03-23,account_created,free,0.0
9413,u_207817,2026-05-14,account_created,free,0.0
9414,u_207818,2026-06-16,account_created,free,0.0
9415,u_207819,2026-04-02,account_created,free,0.0
9416,u_207820,2026-06-21,account_created,free,0.0
9417,u_207821,2026-05-03,account_created,free,0.0
9418,u_207822,2026-03-05,account_created,free,0.0
9419,u_207823,2026-03-07,account_created,free,0.0
9420,u_207824,2026-06-13,account_created,free,0.0
9421,u_207825,2026-03-27,account_created,free,0.0
9422,u_207825,2026-03-31,upgrade,pro_annual,79.99
9423,u_207826,2026-04-25,account_created,free,0.0
9424,u_207827,2026-03-30,account_created,free,0.0
9425,u_207828,2026-03-24,account_created,free,0.0
9426,u_207829,2026-06-16,account_created,free,0.0
9427,u_207830,2026-04-03,account_created,free,0.0
9428,u_207831,2026-05-08,account_created,free,0.0
9429,u_207831,2026-05-15,upgrade,pro_monthly,9.99
9430,u_207832,2026-04-07,account_created,free,0.0
9431,u_207833,2026-04-11,account_created,free,0.0
9432,u_207834,2026-06-05,account_created,free,0.0
9433,u_207835,2026-03-20,account_created,free,0.0
9434,u_207836,2026-03-26,account_created,free,0.0
9435,u_207836,2026-04-03,upgrade,pro_annual,79.99
9436,u_207837,2026-03-26,account_created,free,0.0
9437,u_207837,2026-03-30,upgrade,enterprise,299.0
9438,u_207838,2026-05-03,account_created,free,0.0
9439,u_207839,2026-06-04,account_created,free,0.0
9440,u_207840,2026-04-28,account_created,free,0.0
9441,u_207840,2026-05-04,upgrade,pro_monthly,9.99
9442,u_207841,2026-06-07,account_created,free,0.0
9443,u_207842,2026-05-06,account_created,free,0.0
9444,u_207843,2026-03-18,account_created,free,0.0
9445,u_207844,2026-03-04,account_created,free,0.0
9446,u_207845,2026-03-01,account_created,free,0.0
9447,u_207845,2026-03-10,upgrade,pro_annual,79.99
9448,u_207846,2026-03-24,account_created,free,0.0
9449,u_207847,2026-05-21,account_created,free,0.0
9450,u_207848,2026-03-20,account_created,free,0.0
9451,u_207849,2026-04-09,account_created,free,0.0
9452,u_207849,2026-04-14,upgrade,pro_monthly,9.99
9453,u_207850,2026-03-28,account_created,free,0.0
9454,u_207851,2026-03-13,account_created,free,0.0
9455,u_207852,2026-06-03,account_created,free,0.0
9456,u_207853,2026-06-09,account_created,free,0.0
9457,u_207854,2026-06-17,account_created,free,0.0
9458,u_207855,2026-04-27,account_created,free,0.0
9459,u_207855,2026-05-02,upgrade,pro_annual,79.99
9460,u_207856,2026-05-29,account_created,free,0.0
9461,u_207857,2026-05-24,account_created,free,0.0
9462,u_207857,2026-05-26,upgrade,enterprise,299.0
9463,u_207858,2026-05-09,account_created,free,0.0
9464,u_207859,2026-04-01,account_created,free,0.0
9465,u_207860,2026-06-07,account_created,free,0.0
9466,u_207861,2026-03-23,account_created,free,0.0
9467,u_207861,2026-04-01,upgrade,pro_monthly,9.99
9468,u_207862,2026-06-14,account_created,free,0.0
9469,u_207863,2026-03-22,account_created,free,0.0
9470,u_207864,2026-06-10,account_created,free,0.0
9471,u_207865,2026-04-20,account_created,free,0.0
9472,u_207866,2026-04-22,account_created,free,0.0
9473,u_207866,2026-04-30,upgrade,pro_annual,79.99
9474,u_207867,2026-04-15,account_created,free,0.0
9475,u_207868,2026-05-02,account_created,free,0.0
9476,u_207869,2026-04-03,account_created,free,0.0
9477,u_207870,2026-05-27,account_created,free,0.0
9478,u_207871,2026-06-13,account_created,free,0.0
9479,u_207871,2026-06-21,upgrade,pro_monthly,9.99
9480,u_207872,2026-05-31,account_created,free,0.0
9481,u_207873,2026-04-10,account_created,free,0.0
9482,u_207874,2026-05-22,account_created,free,0.0
9483,u_207875,2026-04-11,account_created,free,0.0
9484,u_207875,2026-04-13,upgrade,pro_monthly,9.99
9485,u_207875,2026-05-15,cancellation,pro_monthly,0.0
9486,u_207876,2026-04-14,account_created,free,0.0
9487,u_207877,2026-05-30,account_created,free,0.0
9488,u_207877,2026-06-04,upgrade,pro_monthly,9.99
9489,u_207878,2026-04-27,account_created,free,0.0
9490,u_207879,2026-04-02,account_created,free,0.0
9491,u_207880,2026-05-22,account_created,free,0.0
9492,u_207881,2026-03-10,account_created,free,0.0
9493,u_207882,2026-05-16,account_created,free,0.0
9494,u_207883,2026-03-10,account_created,free,0.0
9495,u_207884,2026-04-18,account_created,free,0.0
9496,u_207885,2026-03-26,account_created,free,0.0
9497,u_207886,2026-03-07,account_created,free,0.0
9498,u_207887,2026-04-07,account_created,free,0.0
9499,u_207888,2026-05-02,account_created,free,0.0
9500,u_207889,2026-03-15,account_created,free,0.0
9501,u_207890,2026-05-09,account_created,free,0.0
9502,u_207891,2026-05-03,account_created,free,0.0
9503,u_207891,2026-05-04,upgrade,pro_monthly,9.99
9504,u_207892,2026-05-21,account_created,free,0.0
9505,u_207893,2026-03-27,account_created,free,0.0
9506,u_207894,2026-06-21,account_created,free,0.0
9507,u_207895,2026-06-11,account_created,free,0.0
9508,u_207896,2026-05-06,account_created,free,0.0
9509,u_207897,2026-03-04,account_created,free,0.0
9510,u_207898,2026-03-18,account_created,free,0.0
9511,u_207899,2026-04-23,account_created,free,0.0
9512,u_207900,2026-04-09,account_created,free,0.0
9513,u_207901,2026-05-18,account_created,free,0.0
9514,u_207902,2026-05-11,account_created,free,0.0
9515,u_207903,2026-03-20,account_created,free,0.0
9516,u_207904,2026-05-23,account_created,free,0.0
9517,u_207904,2026-05-26,upgrade,pro_monthly,9.99
9518,u_207905,2026-05-24,account_created,free,0.0
9519,u_207906,2026-03-22,account_created,free,0.0
9520,u_207907,2026-06-04,account_created,free,0.0
9521,u_207908,2026-03-10,account_created,free,0.0
9522,u_207909,2026-03-13,account_created,free,0.0
9523,u_207910,2026-06-18,account_created,free,0.0
9524,u_207910,2026-06-21,upgrade,pro_annual,79.99
9525,u_207911,2026-03-24,account_created,free,0.0
9526,u_207911,2026-03-31,upgrade,pro_annual,79.99
9527,u_207912,2026-06-06,account_created,free,0.0
9528,u_207912,2026-06-15,upgrade,pro_monthly,9.99
9529,u_207913,2026-03-22,account_created,free,0.0
9530,u_207914,2026-03-10,account_created,free,0.0
9531,u_207915,2026-03-17,account_created,free,0.0
9532,u_207916,2026-03-19,account_created,free,0.0
9533,u_207917,2026-05-12,account_created,free,0.0
9534,u_207918,2026-03-05,account_created,free,0.0
9535,u_207918,2026-03-10,upgrade,pro_annual,79.99
9536,u_207919,2026-06-10,account_created,free,0.0
9537,u_207920,2026-04-09,account_created,free,0.0
9538,u_207920,2026-04-11,upgrade,pro_monthly,9.99
9539,u_207920,2026-05-17,cancellation,pro_monthly,0.0
9540,u_207921,2026-06-10,account_created,free,0.0
9541,u_207922,2026-06-16,account_created,free,0.0
9542,u_207923,2026-06-20,account_created,free,0.0
9543,u_207924,2026-03-08,account_created,free,0.0
9544,u_207925,2026-05-20,account_created,free,0.0
9545,u_207926,2026-04-10,account_created,free,0.0
9546,u_207927,2026-05-21,account_created,free,0.0
9547,u_207928,2026-06-14,account_created,free,0.0
9548,u_207929,2026-04-05,account_created,free,0.0
9549,u_207930,2026-05-18,account_created,free,0.0
9550,u_207931,2026-05-16,account_created,free,0.0
9551,u_207932,2026-05-13,account_created,free,0.0
9552,u_207933,2026-05-27,account_created,free,0.0
9553,u_207933,2026-05-31,upgrade,pro_monthly,9.99
9554,u_207934,2026-04-24,account_created,free,0.0
9555,u_207935,2026-03-18,account_created,free,0.0
9556,u_207936,2026-03-13,account_created,free,0.0
9557,u_207937,2026-03-01,account_created,free,0.0
9558,u_207938,2026-04-14,account_created,free,0.0
9559,u_207939,2026-04-21,account_created,free,0.0
9560,u_207940,2026-03-25,account_created,free,0.0
9561,u_207940,2026-03-28,upgrade,pro_monthly,9.99
9562,u_207941,2026-05-16,account_created,free,0.0
9563,u_207942,2026-03-08,account_created,free,0.0
9564,u_207943,2026-04-16,account_created,free,0.0
9565,u_207944,2026-04-16,account_created,free,0.0
9566,u_207945,2026-06-16,account_created,free,0.0
9567,u_207946,2026-06-10,account_created,free,0.0
9568,u_207947,2026-03-12,account_created,free,0.0
9569,u_207948,2026-03-13,account_created,free,0.0
9570,u_207949,2026-04-18,account_created,free,0.0
9571,u_207950,2026-04-13,account_created,free,0.0
9572,u_207951,2026-03-31,account_created,free,0.0
9573,u_207952,2026-06-14,account_created,free,0.0
9574,u_207953,2026-05-14,account_created,free,0.0
9575,u_207954,2026-03-23,account_created,free,0.0
9576,u_207955,2026-04-21,account_created,free,0.0
9577,u_207956,2026-03-26,account_created,free,0.0
9578,u_207957,2026-03-10,account_created,free,0.0
9579,u_207958,2026-03-22,account_created,free,0.0
9580,u_207959,2026-05-28,account_created,free,0.0
9581,u_207959,2026-06-06,upgrade,pro_annual,79.99
9582,u_207960,2026-05-26,account_created,free,0.0
9583,u_207961,2026-04-29,account_created,free,0.0
9584,u_207962,2026-05-23,account_created,free,0.0
9585,u_207963,2026-05-04,account_created,free,0.0
9586,u_207964,2026-06-05,account_created,free,0.0
9587,u_207965,2026-05-03,account_created,free,0.0
9588,u_207965,2026-05-06,upgrade,pro_monthly,9.99
9589,u_207966,2026-03-14,account_created,free,0.0
9590,u_207966,2026-03-23,upgrade,pro_annual,79.99
9591,u_207967,2026-03-25,account_created,free,0.0
9592,u_207967,2026-03-29,upgrade,pro_monthly,9.99
9593,u_207968,2026-03-06,account_created,free,0.0
9594,u_207969,2026-06-18,account_created,free,0.0
9595,u_207970,2026-05-14,account_created,free,0.0
9596,u_207971,2026-03-15,account_created,free,0.0
9597,u_207972,2026-03-17,account_created,free,0.0
9598,u_207973,2026-05-05,account_created,free,0.0
9599,u_207974,2026-03-15,account_created,free,0.0
9600,u_207975,2026-06-03,account_created,free,0.0
9601,u_207976,2026-03-03,account_created,free,0.0
9602,u_207977,2026-04-15,account_created,free,0.0
9603,u_207978,2026-06-05,account_created,free,0.0
9604,u_207979,2026-05-13,account_created,free,0.0
9605,u_207980,2026-06-20,account_created,free,0.0
9606,u_207980,2026-06-23,upgrade,enterprise,299.0
9607,u_207981,2026-06-07,account_created,free,0.0
9608,u_207982,2026-03-01,account_created,free,0.0
9609,u_207983,2026-06-01,account_created,free,0.0
9610,u_207983,2026-06-05,upgrade,pro_monthly,9.99
9611,u_207984,2026-05-18,account_created,free,0.0
9612,u_207985,2026-03-04,account_created,free,0.0
9613,u_207986,2026-04-26,account_created,free,0.0
9614,u_207987,2026-06-04,account_created,free,0.0
9615,u_207987,2026-06-06,upgrade,pro_monthly,9.99
9616,u_207988,2026-06-15,account_created,free,0.0
9617,u_207989,2026-05-29,account_created,free,0.0
9618,u_207990,2026-04-29,account_created,free,0.0
9619,u_207990,2026-04-30,upgrade,pro_monthly,9.99
9620,u_207990,2026-05-29,cancellation,pro_monthly,0.0
9621,u_207991,2026-04-19,account_created,free,0.0
9622,u_207992,2026-06-02,account_created,free,0.0
9623,u_207993,2026-05-28,account_created,free,0.0
9624,u_207994,2026-04-04,account_created,free,0.0
9625,u_207995,2026-03-01,account_created,free,0.0
9626,u_207996,2026-04-26,account_created,free,0.0
9627,u_207997,2026-03-04,account_created,free,0.0
9628,u_207998,2026-03-21,account_created,free,0.0
9629,u_207999,2026-03-30,account_created,free,0.0
